customer_id,customer_city,customer_state
CUST_00000,Pune,KA
CUST_00001,Chennai,GJ
CUST_00002,Kolkata,GJ
CUST_00003,Pune,GJ
CUST_00004,Bangalore,TN
CUST_00005,Ahmedabad,GJ
CUST_00006,Kolkata,WB
CUST_00007,Kolkata,KA
CUST_00008,Pune,RJ
CUST_00009,Delhi,GJ
CUST_00010,Bangalore,MH
CUST_00011,Pune,RJ
CUST_00012,Bangalore,TN
CUST_00013,Bangalore,WB
CUST_00014,Ahmedabad,MH
CUST_00015,Kolkata,MH
CUST_00016,Chennai,MH
CUST_00017,Ahmedabad,MH
CUST_00018,Ahmedabad,RJ
CUST_00019,Bangalore,RJ
CUST_00020,Hyderabad,KA
CUST_00021,Kolkata,GJ
CUST_00022,Delhi,TG
CUST_00023,Ahmedabad,KA
CUST_00024,Chennai,KA
CUST_00025,Hyderabad,WB
CUST_00026,Hyderabad,WB
CUST_00027,Delhi,GJ
CUST_00028,Ahmedabad,TG
CUST_00029,Chennai,WB
CUST_00030,Kolkata,GJ
CUST_00031,Mumbai,GJ
CUST_00032,Chennai,RJ
CUST_00033,Delhi,DL
CUST_00034,Hyderabad,RJ
CUST_00035,Kolkata,TG
CUST_00036,Chennai,WB
CUST_00037,Mumbai,TG
CUST_00038,Mumbai,KA
CUST_00039,Bangalore,KA
CUST_00040,Bangalore,TG
CUST_00041,Pune,DL
CUST_00042,Delhi,DL
CUST_00043,Ahmedabad,RJ
CUST_00044,Chennai,TG
CUST_00045,Chennai,WB
CUST_00046,Ahmedabad,RJ
CUST_00047,Pune,TN
CUST_00048,Hyderabad,DL
CUST_00049,Hyderabad,MH
CUST_00050,Pune,RJ
CUST_00051,Hyderabad,KA
CUST_00052,Bangalore,RJ
CUST_00053,Chennai,TG
CUST_00054,Pune,MH
CUST_00055,Chennai,TG
CUST_00056,Ahmedabad,GJ
CUST_00057,Mumbai,KA
CUST_00058,Bangalore,KA
CUST_00059,Kolkata,DL
CUST_00060,Bangalore,RJ
CUST_00061,Pune,DL
CUST_00062,Kolkata,MH
CUST_00063,Mumbai,RJ
CUST_00064,Pune,GJ
CUST_00065,Delhi,TG
CUST_00066,Chennai,GJ
CUST_00067,Mumbai,KA
CUST_00068,Chennai,MH
CUST_00069,Hyderabad,TN
CUST_00070,Delhi,MH
CUST_00071,Delhi,WB
CUST_00072,Mumbai,MH
CUST_00073,Delhi,GJ
CUST_00074,Kolkata,WB
CUST_00075,Delhi,WB
CUST_00076,Chennai,RJ
CUST_00077,Chennai,RJ
CUST_00078,Pune,WB
CUST_00079,Chennai,TN
CUST_00080,Pune,RJ
CUST_00081,Chennai,MH
CUST_00082,Kolkata,GJ
CUST_00083,Ahmedabad,MH
CUST_00084,Pune,TN
CUST_00085,Bangalore,KA
CUST_00086,Hyderabad,DL
CUST_00087,Mumbai,GJ
CUST_00088,Chennai,RJ
CUST_00089,Delhi,GJ
CUST_00090,Ahmedabad,MH
CUST_00091,Chennai,DL
CUST_00092,Delhi,TG
CUST_00093,Hyderabad,TG
CUST_00094,Hyderabad,RJ
CUST_00095,Hyderabad,TN
CUST_00096,Delhi,TG
CUST_00097,Chennai,GJ
CUST_00098,Hyderabad,TG
CUST_00099,Kolkata,KA
CUST_00100,Pune,KA
CUST_00101,Delhi,RJ
CUST_00102,Delhi,KA
CUST_00103,Chennai,TG
CUST_00104,Delhi,TN
CUST_00105,Delhi,WB
CUST_00106,Hyderabad,WB
CUST_00107,Chennai,RJ
CUST_00108,Hyderabad,DL
CUST_00109,Pune,WB
CUST_00110,Ahmedabad,WB
CUST_00111,Pune,KA
CUST_00112,Ahmedabad,KA
CUST_00113,Hyderabad,TG
CUST_00114,Pune,RJ
CUST_00115,Chennai,DL
CUST_00116,Mumbai,RJ
CUST_00117,Hyderabad,MH
CUST_00118,Ahmedabad,GJ
CUST_00119,Kolkata,DL
CUST_00120,Ahmedabad,DL
CUST_00121,Kolkata,TN
CUST_00122,Delhi,RJ
CUST_00123,Pune,TG
CUST_00124,Kolkata,TN
CUST_00125,Ahmedabad,DL
CUST_00126,Delhi,DL
CUST_00127,Mumbai,DL
CUST_00128,Chennai,WB
CUST_00129,Chennai,RJ
CUST_00130,Chennai,GJ
CUST_00131,Kolkata,GJ
CUST_00132,Mumbai,TN
CUST_00133,Kolkata,DL
CUST_00134,Pune,GJ
CUST_00135,Kolkata,KA
CUST_00136,Mumbai,RJ
CUST_00137,Mumbai,GJ
CUST_00138,Pune,TG
CUST_00139,Mumbai,RJ
CUST_00140,Ahmedabad,TG
CUST_00141,Mumbai,GJ
CUST_00142,Chennai,KA
CUST_00143,Ahmedabad,TG
CUST_00144,Ahmedabad,WB
CUST_00145,Pune,GJ
CUST_00146,Bangalore,WB
CUST_00147,Bangalore,GJ
CUST_00148,Mumbai,MH
CUST_00149,Ahmedabad,MH
CUST_00150,Bangalore,MH
CUST_00151,Bangalore,TG
CUST_00152,Mumbai,WB
CUST_00153,Bangalore,WB
CUST_00154,Kolkata,WB
CUST_00155,Delhi,KA
CUST_00156,Pune,WB
CUST_00157,Delhi,KA
CUST_00158,Mumbai,MH
CUST_00159,Chennai,MH
CUST_00160,Pune,TG
CUST_00161,Mumbai,GJ
CUST_00162,Ahmedabad,MH
CUST_00163,Chennai,GJ
CUST_00164,Delhi,GJ
CUST_00165,Mumbai,RJ
CUST_00166,Ahmedabad,TG
CUST_00167,Pune,DL
CUST_00168,Pune,DL
CUST_00169,Hyderabad,TN
CUST_00170,Ahmedabad,RJ
CUST_00171,Kolkata,TG
CUST_00172,Bangalore,TN
CUST_00173,Chennai,TN
CUST_00174,Ahmedabad,RJ
CUST_00175,Hyderabad,DL
CUST_00176,Bangalore,TG
CUST_00177,Bangalore,DL
CUST_00178,Mumbai,TN
CUST_00179,Bangalore,TG
CUST_00180,Kolkata,TN
CUST_00181,Pune,WB
CUST_00182,Hyderabad,RJ
CUST_00183,Bangalore,GJ
CUST_00184,Mumbai,TG
CUST_00185,Kolkata,TG
CUST_00186,Delhi,GJ
CUST_00187,Pune,TN
CUST_00188,Pune,WB
CUST_00189,Hyderabad,KA
CUST_00190,Pune,GJ
CUST_00191,Bangalore,RJ
CUST_00192,Mumbai,DL
CUST_00193,Pune,TN
CUST_00194,Pune,GJ
CUST_00195,Delhi,GJ
CUST_00196,Delhi,TG
CUST_00197,Chennai,DL
CUST_00198,Kolkata,DL
CUST_00199,Bangalore,RJ
CUST_00200,Pune,DL
CUST_00201,Ahmedabad,GJ
CUST_00202,Pune,KA
CUST_00203,Mumbai,MH
CUST_00204,Chennai,TN
CUST_00205,Kolkata,MH
CUST_00206,Ahmedabad,GJ
CUST_00207,Chennai,MH
CUST_00208,Hyderabad,GJ
CUST_00209,Kolkata,MH
CUST_00210,Pune,DL
CUST_00211,Pune,WB
CUST_00212,Kolkata,DL
CUST_00213,Pune,DL
CUST_00214,Bangalore,RJ
CUST_00215,Kolkata,TG
CUST_00216,Chennai,TG
CUST_00217,Kolkata,MH
CUST_00218,Ahmedabad,GJ
CUST_00219,Pune,RJ
CUST_00220,Bangalore,DL
CUST_00221,Bangalore,RJ
CUST_00222,Hyderabad,MH
CUST_00223,Chennai,TG
CUST_00224,Delhi,WB
CUST_00225,Delhi,TN
CUST_00226,Kolkata,MH
CUST_00227,Hyderabad,RJ
CUST_00228,Mumbai,WB
CUST_00229,Kolkata,TN
CUST_00230,Hyderabad,KA
CUST_00231,Chennai,MH
CUST_00232,Chennai,MH
CUST_00233,Chennai,KA
CUST_00234,Chennai,KA
CUST_00235,Chennai,MH
CUST_00236,Hyderabad,KA
CUST_00237,Hyderabad,DL
CUST_00238,Bangalore,TN
CUST_00239,Ahmedabad,TN
CUST_00240,Delhi,TN
CUST_00241,Pune,DL
CUST_00242,Chennai,GJ
CUST_00243,Mumbai,KA
CUST_00244,Pune,WB
CUST_00245,Hyderabad,KA
CUST_00246,Mumbai,MH
CUST_00247,Mumbai,TG
CUST_00248,Mumbai,RJ
CUST_00249,Bangalore,RJ
CUST_00250,Hyderabad,TN
CUST_00251,Mumbai,KA
CUST_00252,Chennai,WB
CUST_00253,Kolkata,MH
CUST_00254,Mumbai,DL
CUST_00255,Bangalore,GJ
CUST_00256,Pune,DL
CUST_00257,Hyderabad,WB
CUST_00258,Ahmedabad,MH
CUST_00259,Bangalore,TN
CUST_00260,Mumbai,KA
CUST_00261,Hyderabad,MH
CUST_00262,Kolkata,RJ
CUST_00263,Mumbai,GJ
CUST_00264,Bangalore,DL
CUST_00265,Delhi,GJ
CUST_00266,Chennai,GJ
CUST_00267,Ahmedabad,WB
CUST_00268,Pune,WB
CUST_00269,Bangalore,KA
CUST_00270,Hyderabad,WB
CUST_00271,Ahmedabad,WB
CUST_00272,Ahmedabad,MH
CUST_00273,Ahmedabad,RJ
CUST_00274,Mumbai,TN
CUST_00275,Chennai,KA
CUST_00276,Mumbai,MH
CUST_00277,Hyderabad,TN
CUST_00278,Mumbai,GJ
CUST_00279,Delhi,MH
CUST_00280,Chennai,TG
CUST_00281,Chennai,MH
CUST_00282,Hyderabad,WB
CUST_00283,Pune,TN
CUST_00284,Delhi,KA
CUST_00285,Bangalore,KA
CUST_00286,Mumbai,TN
CUST_00287,Kolkata,WB
CUST_00288,Mumbai,DL
CUST_00289,Ahmedabad,MH
CUST_00290,Mumbai,WB
CUST_00291,Bangalore,TG
CUST_00292,Mumbai,RJ
CUST_00293,Delhi,GJ
CUST_00294,Delhi,TN
CUST_00295,Chennai,RJ
CUST_00296,Hyderabad,MH
CUST_00297,Pune,KA
CUST_00298,Kolkata,GJ
CUST_00299,Ahmedabad,RJ
CUST_00300,Mumbai,DL
CUST_00301,Mumbai,RJ
CUST_00302,Bangalore,TG
CUST_00303,Hyderabad,KA
CUST_00304,Delhi,TN
CUST_00305,Kolkata,MH
CUST_00306,Chennai,TN
CUST_00307,Delhi,GJ
CUST_00308,Ahmedabad,MH
CUST_00309,Hyderabad,WB
CUST_00310,Ahmedabad,DL
CUST_00311,Pune,WB
CUST_00312,Chennai,WB
CUST_00313,Pune,TN
CUST_00314,Bangalore,GJ
CUST_00315,Ahmedabad,DL
CUST_00316,Bangalore,RJ
CUST_00317,Mumbai,MH
CUST_00318,Pune,MH
CUST_00319,Hyderabad,TG
CUST_00320,Ahmedabad,KA
CUST_00321,Kolkata,TG
CUST_00322,Chennai,RJ
CUST_00323,Delhi,TG
CUST_00324,Hyderabad,MH
CUST_00325,Hyderabad,TN
CUST_00326,Bangalore,WB
CUST_00327,Pune,GJ
CUST_00328,Ahmedabad,WB
CUST_00329,Ahmedabad,WB
CUST_00330,Mumbai,DL
CUST_00331,Mumbai,MH
CUST_00332,Chennai,RJ
CUST_00333,Bangalore,RJ
CUST_00334,Hyderabad,GJ
CUST_00335,Ahmedabad,TN
CUST_00336,Kolkata,DL
CUST_00337,Bangalore,KA
CUST_00338,Chennai,TN
CUST_00339,Chennai,TG
CUST_00340,Bangalore,TN
CUST_00341,Chennai,TN
CUST_00342,Bangalore,WB
CUST_00343,Delhi,TN
CUST_00344,Bangalore,RJ
CUST_00345,Pune,TG
CUST_00346,Bangalore,TG
CUST_00347,Chennai,MH
CUST_00348,Ahmedabad,TN
CUST_00349,Pune,WB
CUST_00350,Chennai,TN
CUST_00351,Mumbai,KA
CUST_00352,Mumbai,KA
CUST_00353,Ahmedabad,WB
CUST_00354,Ahmedabad,MH
CUST_00355,Pune,MH
CUST_00356,Delhi,TG
CUST_00357,Ahmedabad,TG
CUST_00358,Mumbai,DL
CUST_00359,Bangalore,WB
CUST_00360,Chennai,TN
CUST_00361,Mumbai,GJ
CUST_00362,Mumbai,WB
CUST_00363,Delhi,DL
CUST_00364,Pune,TG
CUST_00365,Pune,WB
CUST_00366,Hyderabad,WB
CUST_00367,Delhi,TG
CUST_00368,Bangalore,RJ
CUST_00369,Pune,DL
CUST_00370,Chennai,TG
CUST_00371,Ahmedabad,MH
CUST_00372,Delhi,TN
CUST_00373,Ahmedabad,TG
CUST_00374,Mumbai,DL
CUST_00375,Chennai,KA
CUST_00376,Chennai,MH
CUST_00377,Mumbai,KA
CUST_00378,Delhi,GJ
CUST_00379,Mumbai,TG
CUST_00380,Ahmedabad,MH
CUST_00381,Hyderabad,TN
CUST_00382,Chennai,TG
CUST_00383,Kolkata,TN
CUST_00384,Kolkata,RJ
CUST_00385,Ahmedabad,WB
CUST_00386,Bangalore,KA
CUST_00387,Pune,MH
CUST_00388,Mumbai,TN
CUST_00389,Mumbai,DL
CUST_00390,Bangalore,TN
CUST_00391,Bangalore,DL
CUST_00392,Ahmedabad,TG
CUST_00393,Ahmedabad,MH
CUST_00394,Bangalore,TN
CUST_00395,Chennai,GJ
CUST_00396,Ahmedabad,TN
CUST_00397,Hyderabad,RJ
CUST_00398,Ahmedabad,GJ
CUST_00399,Mumbai,MH
CUST_00400,Ahmedabad,RJ
CUST_00401,Chennai,TN
CUST_00402,Bangalore,DL
CUST_00403,Mumbai,TN
CUST_00404,Ahmedabad,KA
CUST_00405,Chennai,TG
CUST_00406,Hyderabad,WB
CUST_00407,Ahmedabad,DL
CUST_00408,Chennai,KA
CUST_00409,Hyderabad,GJ
CUST_00410,Bangalore,TG
CUST_00411,Ahmedabad,MH
CUST_00412,Hyderabad,DL
CUST_00413,Mumbai,WB
CUST_00414,Bangalore,TG
CUST_00415,Mumbai,GJ
CUST_00416,Kolkata,RJ
CUST_00417,Delhi,RJ
CUST_00418,Ahmedabad,WB
CUST_00419,Hyderabad,MH
CUST_00420,Delhi,MH
CUST_00421,Delhi,GJ
CUST_00422,Hyderabad,DL
CUST_00423,Bangalore,GJ
CUST_00424,Ahmedabad,TN
CUST_00425,Kolkata,MH
CUST_00426,Mumbai,TG
CUST_00427,Chennai,TN
CUST_00428,Mumbai,RJ
CUST_00429,Chennai,RJ
CUST_00430,Mumbai,KA
CUST_00431,Hyderabad,WB
CUST_00432,Kolkata,TN
CUST_00433,Ahmedabad,WB
CUST_00434,Chennai,GJ
CUST_00435,Ahmedabad,TN
CUST_00436,Ahmedabad,GJ
CUST_00437,Ahmedabad,KA
CUST_00438,Pune,MH
CUST_00439,Bangalore,RJ
CUST_00440,Mumbai,KA
CUST_00441,Ahmedabad,RJ
CUST_00442,Mumbai,MH
CUST_00443,Ahmedabad,GJ
CUST_00444,Chennai,MH
CUST_00445,Bangalore,RJ
CUST_00446,Bangalore,RJ
CUST_00447,Hyderabad,WB
CUST_00448,Pune,TG
CUST_00449,Hyderabad,KA
CUST_00450,Hyderabad,TN
CUST_00451,Hyderabad,RJ
CUST_00452,Hyderabad,KA
CUST_00453,Hyderabad,WB
CUST_00454,Kolkata,MH
CUST_00455,Bangalore,WB
CUST_00456,Hyderabad,DL
CUST_00457,Ahmedabad,DL
CUST_00458,Bangalore,TN
CUST_00459,Bangalore,WB
CUST_00460,Delhi,GJ
CUST_00461,Kolkata,TN
CUST_00462,Hyderabad,GJ
CUST_00463,Mumbai,TN
CUST_00464,Chennai,DL
CUST_00465,Pune,TN
CUST_00466,Ahmedabad,DL
CUST_00467,Mumbai,RJ
CUST_00468,Kolkata,MH
CUST_00469,Chennai,GJ
CUST_00470,Kolkata,WB
CUST_00471,Ahmedabad,RJ
CUST_00472,Bangalore,RJ
CUST_00473,Chennai,TN
CUST_00474,Bangalore,DL
CUST_00475,Ahmedabad,KA
CUST_00476,Mumbai,GJ
CUST_00477,Ahmedabad,RJ
CUST_00478,Mumbai,TN
CUST_00479,Chennai,TG
CUST_00480,Chennai,MH
CUST_00481,Hyderabad,MH
CUST_00482,Kolkata,KA
CUST_00483,Hyderabad,DL
CUST_00484,Kolkata,TN
CUST_00485,Hyderabad,GJ
CUST_00486,Bangalore,DL
CUST_00487,Chennai,MH
CUST_00488,Mumbai,DL
CUST_00489,Kolkata,MH
CUST_00490,Ahmedabad,DL
CUST_00491,Kolkata,KA
CUST_00492,Mumbai,WB
CUST_00493,Hyderabad,KA
CUST_00494,Kolkata,KA
CUST_00495,Pune,WB
CUST_00496,Bangalore,WB
CUST_00497,Chennai,RJ
CUST_00498,Mumbai,RJ
CUST_00499,Chennai,TN
CUST_00500,Pune,GJ
CUST_00501,Kolkata,GJ
CUST_00502,Kolkata,TN
CUST_00503,Ahmedabad,KA
CUST_00504,Pune,KA
CUST_00505,Mumbai,MH
CUST_00506,Ahmedabad,MH
CUST_00507,Bangalore,GJ
CUST_00508,Ahmedabad,TN
CUST_00509,Delhi,TG
CUST_00510,Mumbai,RJ
CUST_00511,Delhi,TG
CUST_00512,Pune,TN
CUST_00513,Hyderabad,MH
CUST_00514,Delhi,GJ
CUST_00515,Bangalore,GJ
CUST_00516,Ahmedabad,MH
CUST_00517,Hyderabad,TG
CUST_00518,Ahmedabad,DL
CUST_00519,Delhi,DL
CUST_00520,Ahmedabad,MH
CUST_00521,Pune,DL
CUST_00522,Hyderabad,WB
CUST_00523,Pune,TN
CUST_00524,Delhi,TN
CUST_00525,Pune,MH
CUST_00526,Bangalore,KA
CUST_00527,Delhi,RJ
CUST_00528,Delhi,TG
CUST_00529,Delhi,MH
CUST_00530,Mumbai,DL
CUST_00531,Ahmedabad,TG
CUST_00532,Mumbai,KA
CUST_00533,Mumbai,DL
CUST_00534,Bangalore,GJ
CUST_00535,Hyderabad,RJ
CUST_00536,Ahmedabad,WB
CUST_00537,Pune,DL
CUST_00538,Kolkata,WB
CUST_00539,Delhi,TG
CUST_00540,Pune,WB
CUST_00541,Delhi,TG
CUST_00542,Bangalore,TG
CUST_00543,Delhi,TG
CUST_00544,Mumbai,TG
CUST_00545,Ahmedabad,TG
CUST_00546,Kolkata,DL
CUST_00547,Chennai,TG
CUST_00548,Delhi,DL
CUST_00549,Pune,TG
CUST_00550,Mumbai,WB
CUST_00551,Chennai,GJ
CUST_00552,Kolkata,TG
CUST_00553,Chennai,KA
CUST_00554,Mumbai,TG
CUST_00555,Ahmedabad,TG
CUST_00556,Ahmedabad,WB
CUST_00557,Hyderabad,RJ
CUST_00558,Ahmedabad,TN
CUST_00559,Hyderabad,WB
CUST_00560,Chennai,KA
CUST_00561,Bangalore,TN
CUST_00562,Pune,MH
CUST_00563,Pune,MH
CUST_00564,Chennai,RJ
CUST_00565,Delhi,KA
CUST_00566,Delhi,WB
CUST_00567,Ahmedabad,DL
CUST_00568,Pune,KA
CUST_00569,Pune,GJ
CUST_00570,Hyderabad,TN
CUST_00571,Bangalore,TN
CUST_00572,Mumbai,TG
CUST_00573,Delhi,MH
CUST_00574,Pune,RJ
CUST_00575,Hyderabad,TN
CUST_00576,Kolkata,KA
CUST_00577,Hyderabad,TN
CUST_00578,Delhi,RJ
CUST_00579,Delhi,RJ
CUST_00580,Hyderabad,RJ
CUST_00581,Mumbai,KA
CUST_00582,Chennai,DL
CUST_00583,Delhi,TG
CUST_00584,Hyderabad,MH
CUST_00585,Pune,TN
CUST_00586,Hyderabad,KA
CUST_00587,Bangalore,WB
CUST_00588,Chennai,MH
CUST_00589,Kolkata,DL
CUST_00590,Mumbai,KA
CUST_00591,Ahmedabad,GJ
CUST_00592,Kolkata,GJ
CUST_00593,Chennai,TG
CUST_00594,Chennai,TG
CUST_00595,Chennai,DL
CUST_00596,Kolkata,DL
CUST_00597,Pune,TG
CUST_00598,Chennai,TN
CUST_00599,Hyderabad,TN
CUST_00600,Kolkata,KA
CUST_00601,Ahmedabad,WB
CUST_00602,Chennai,KA
CUST_00603,Hyderabad,WB
CUST_00604,Pune,DL
CUST_00605,Bangalore,MH
CUST_00606,Pune,KA
CUST_00607,Ahmedabad,KA
CUST_00608,Chennai,WB
CUST_00609,Ahmedabad,RJ
CUST_00610,Kolkata,DL
CUST_00611,Delhi,DL
CUST_00612,Chennai,GJ
CUST_00613,Delhi,RJ
CUST_00614,Hyderabad,WB
CUST_00615,Bangalore,DL
CUST_00616,Mumbai,RJ
CUST_00617,Ahmedabad,TG
CUST_00618,Pune,RJ
CUST_00619,Bangalore,TN
CUST_00620,Chennai,GJ
CUST_00621,Delhi,TG
CUST_00622,Pune,MH
CUST_00623,Delhi,KA
CUST_00624,Kolkata,GJ
CUST_00625,Delhi,MH
CUST_00626,Kolkata,KA
CUST_00627,Hyderabad,TN
CUST_00628,Pune,RJ
CUST_00629,Pune,DL
CUST_00630,Mumbai,TG
CUST_00631,Chennai,WB
CUST_00632,Kolkata,TG
CUST_00633,Mumbai,TN
CUST_00634,Delhi,MH
CUST_00635,Delhi,WB
CUST_00636,Mumbai,DL
CUST_00637,Pune,TN
CUST_00638,Delhi,WB
CUST_00639,Ahmedabad,TN
CUST_00640,Hyderabad,RJ
CUST_00641,Hyderabad,TN
CUST_00642,Ahmedabad,DL
CUST_00643,Mumbai,GJ
CUST_00644,Ahmedabad,KA
CUST_00645,Kolkata,WB
CUST_00646,Kolkata,RJ
CUST_00647,Mumbai,DL
CUST_00648,Ahmedabad,TN
CUST_00649,Kolkata,RJ
CUST_00650,Pune,DL
CUST_00651,Ahmedabad,GJ
CUST_00652,Pune,RJ
CUST_00653,Kolkata,RJ
CUST_00654,Hyderabad,KA
CUST_00655,Kolkata,TG
CUST_00656,Pune,WB
CUST_00657,Bangalore,KA
CUST_00658,Chennai,MH
CUST_00659,Delhi,WB
CUST_00660,Ahmedabad,KA
CUST_00661,Bangalore,TN
CUST_00662,Kolkata,WB
CUST_00663,Hyderabad,WB
CUST_00664,Mumbai,DL
CUST_00665,Kolkata,TN
CUST_00666,Hyderabad,MH
CUST_00667,Chennai,TG
CUST_00668,Kolkata,RJ
CUST_00669,Pune,GJ
CUST_00670,Mumbai,KA
CUST_00671,Hyderabad,DL
CUST_00672,Hyderabad,KA
CUST_00673,Hyderabad,MH
CUST_00674,Chennai,RJ
CUST_00675,Kolkata,MH
CUST_00676,Chennai,WB
CUST_00677,Ahmedabad,GJ
CUST_00678,Delhi,MH
CUST_00679,Delhi,KA
CUST_00680,Ahmedabad,TN
CUST_00681,Kolkata,TN
CUST_00682,Pune,WB
CUST_00683,Chennai,TG
CUST_00684,Mumbai,KA
CUST_00685,Hyderabad,KA
CUST_00686,Hyderabad,MH
CUST_00687,Kolkata,GJ
CUST_00688,Pune,KA
CUST_00689,Delhi,DL
CUST_00690,Delhi,TG
CUST_00691,Hyderabad,MH
CUST_00692,Kolkata,DL
CUST_00693,Chennai,WB
CUST_00694,Delhi,TN
CUST_00695,Chennai,WB
CUST_00696,Pune,TN
CUST_00697,Delhi,WB
CUST_00698,Delhi,KA
CUST_00699,Bangalore,DL
CUST_00700,Delhi,TN
CUST_00701,Ahmedabad,MH
CUST_00702,Mumbai,DL
CUST_00703,Ahmedabad,MH
CUST_00704,Kolkata,DL
CUST_00705,Kolkata,DL
CUST_00706,Chennai,WB
CUST_00707,Ahmedabad,TN
CUST_00708,Ahmedabad,TN
CUST_00709,Ahmedabad,GJ
CUST_00710,Pune,DL
CUST_00711,Delhi,KA
CUST_00712,Mumbai,KA
CUST_00713,Chennai,MH
CUST_00714,Ahmedabad,MH
CUST_00715,Ahmedabad,WB
CUST_00716,Bangalore,DL
CUST_00717,Chennai,MH
CUST_00718,Ahmedabad,MH
CUST_00719,Chennai,TG
CUST_00720,Delhi,DL
CUST_00721,Bangalore,RJ
CUST_00722,Chennai,WB
CUST_00723,Mumbai,MH
CUST_00724,Mumbai,WB
CUST_00725,Kolkata,TN
CUST_00726,Bangalore,WB
CUST_00727,Bangalore,RJ
CUST_00728,Kolkata,KA
CUST_00729,Chennai,RJ
CUST_00730,Bangalore,KA
CUST_00731,Mumbai,WB
CUST_00732,Mumbai,KA
CUST_00733,Ahmedabad,TN
CUST_00734,Delhi,DL
CUST_00735,Bangalore,KA
CUST_00736,Chennai,KA
CUST_00737,Kolkata,WB
CUST_00738,Kolkata,TN
CUST_00739,Chennai,GJ
CUST_00740,Pune,GJ
CUST_00741,Hyderabad,GJ
CUST_00742,Delhi,GJ
CUST_00743,Kolkata,DL
CUST_00744,Bangalore,RJ
CUST_00745,Delhi,WB
CUST_00746,Bangalore,WB
CUST_00747,Pune,TG
CUST_00748,Mumbai,TN
CUST_00749,Delhi,GJ
CUST_00750,Ahmedabad,DL
CUST_00751,Kolkata,TN
CUST_00752,Delhi,GJ
CUST_00753,Delhi,DL
CUST_00754,Delhi,TN
CUST_00755,Hyderabad,WB
CUST_00756,Delhi,WB
CUST_00757,Bangalore,RJ
CUST_00758,Mumbai,MH
CUST_00759,Pune,RJ
CUST_00760,Chennai,KA
CUST_00761,Delhi,RJ
CUST_00762,Kolkata,GJ
CUST_00763,Delhi,TG
CUST_00764,Kolkata,TN
CUST_00765,Bangalore,TG
CUST_00766,Kolkata,MH
CUST_00767,Ahmedabad,KA
CUST_00768,Chennai,TN
CUST_00769,Mumbai,DL
CUST_00770,Kolkata,GJ
CUST_00771,Kolkata,KA
CUST_00772,Mumbai,WB
CUST_00773,Chennai,MH
CUST_00774,Delhi,KA
CUST_00775,Kolkata,GJ
CUST_00776,Mumbai,RJ
CUST_00777,Ahmedabad,KA
CUST_00778,Ahmedabad,RJ
CUST_00779,Bangalore,GJ
CUST_00780,Mumbai,WB
CUST_00781,Bangalore,TN
CUST_00782,Ahmedabad,DL
CUST_00783,Chennai,WB
CUST_00784,Delhi,RJ
CUST_00785,Mumbai,RJ
CUST_00786,Pune,DL
CUST_00787,Ahmedabad,TN
CUST_00788,Ahmedabad,KA
CUST_00789,Pune,DL
CUST_00790,Hyderabad,MH
CUST_00791,Ahmedabad,MH
CUST_00792,Kolkata,GJ
CUST_00793,Chennai,WB
CUST_00794,Mumbai,RJ
CUST_00795,Pune,TN
CUST_00796,Kolkata,GJ
CUST_00797,Pune,WB
CUST_00798,Mumbai,WB
CUST_00799,Bangalore,GJ
CUST_00800,Mumbai,TG
CUST_00801,Hyderabad,WB
CUST_00802,Mumbai,TG
CUST_00803,Mumbai,MH
CUST_00804,Hyderabad,MH
CUST_00805,Chennai,WB
CUST_00806,Ahmedabad,MH
CUST_00807,Mumbai,TN
CUST_00808,Hyderabad,TG
CUST_00809,Kolkata,TG
CUST_00810,Bangalore,WB
CUST_00811,Bangalore,MH
CUST_00812,Mumbai,DL
CUST_00813,Chennai,RJ
CUST_00814,Chennai,GJ
CUST_00815,Kolkata,GJ
CUST_00816,Mumbai,TG
CUST_00817,Bangalore,WB
CUST_00818,Chennai,WB
CUST_00819,Mumbai,TN
CUST_00820,Pune,KA
CUST_00821,Chennai,RJ
CUST_00822,Hyderabad,KA
CUST_00823,Pune,TG
CUST_00824,Ahmedabad,GJ
CUST_00825,Chennai,TN
CUST_00826,Bangalore,TN
CUST_00827,Delhi,TN
CUST_00828,Pune,TG
CUST_00829,Ahmedabad,KA
CUST_00830,Kolkata,GJ
CUST_00831,Kolkata,TN
CUST_00832,Bangalore,GJ
CUST_00833,Chennai,MH
CUST_00834,Mumbai,WB
CUST_00835,Chennai,WB
CUST_00836,Bangalore,GJ
CUST_00837,Kolkata,DL
CUST_00838,Chennai,DL
CUST_00839,Kolkata,TG
CUST_00840,Pune,TG
CUST_00841,Ahmedabad,WB
CUST_00842,Mumbai,MH
CUST_00843,Pune,RJ
CUST_00844,Kolkata,KA
CUST_00845,Kolkata,KA
CUST_00846,Delhi,TG
CUST_00847,Delhi,MH
CUST_00848,Pune,TG
CUST_00849,Hyderabad,RJ
CUST_00850,Pune,KA
CUST_00851,Delhi,GJ
CUST_00852,Kolkata,TG
CUST_00853,Bangalore,TN
CUST_00854,Pune,GJ
CUST_00855,Kolkata,RJ
CUST_00856,Bangalore,RJ
CUST_00857,Bangalore,TG
CUST_00858,Delhi,WB
CUST_00859,Pune,TG
CUST_00860,Chennai,WB
CUST_00861,Mumbai,RJ
CUST_00862,Delhi,MH
CUST_00863,Delhi,RJ
CUST_00864,Chennai,KA
CUST_00865,Mumbai,GJ
CUST_00866,Kolkata,GJ
CUST_00867,Hyderabad,DL
CUST_00868,Pune,DL
CUST_00869,Hyderabad,RJ
CUST_00870,Kolkata,KA
CUST_00871,Ahmedabad,DL
CUST_00872,Delhi,GJ
CUST_00873,Mumbai,TG
CUST_00874,Delhi,MH
CUST_00875,Bangalore,MH
CUST_00876,Delhi,KA
CUST_00877,Delhi,RJ
CUST_00878,Kolkata,DL
CUST_00879,Kolkata,TG
CUST_00880,Kolkata,MH
CUST_00881,Hyderabad,MH
CUST_00882,Bangalore,TN
CUST_00883,Ahmedabad,RJ
CUST_00884,Ahmedabad,TN
CUST_00885,Kolkata,GJ
CUST_00886,Mumbai,MH
CUST_00887,Hyderabad,KA
CUST_00888,Chennai,WB
CUST_00889,Mumbai,WB
CUST_00890,Pune,TG
CUST_00891,Pune,MH
CUST_00892,Mumbai,MH
CUST_00893,Kolkata,GJ
CUST_00894,Chennai,MH
CUST_00895,Chennai,KA
CUST_00896,Hyderabad,TN
CUST_00897,Chennai,MH
CUST_00898,Pune,MH
CUST_00899,Bangalore,GJ
CUST_00900,Kolkata,RJ
CUST_00901,Chennai,DL
CUST_00902,Hyderabad,RJ
CUST_00903,Pune,GJ
CUST_00904,Bangalore,RJ
CUST_00905,Delhi,GJ
CUST_00906,Delhi,KA
CUST_00907,Bangalore,TG
CUST_00908,Pune,MH
CUST_00909,Hyderabad,GJ
CUST_00910,Bangalore,GJ
CUST_00911,Kolkata,DL
CUST_00912,Kolkata,GJ
CUST_00913,Delhi,WB
CUST_00914,Chennai,TG
CUST_00915,Hyderabad,MH
CUST_00916,Delhi,MH
CUST_00917,Chennai,DL
CUST_00918,Chennai,KA
CUST_00919,Ahmedabad,MH
CUST_00920,Kolkata,WB
CUST_00921,Pune,MH
CUST_00922,Mumbai,WB
CUST_00923,Pune,TG
CUST_00924,Mumbai,TG
CUST_00925,Bangalore,TN
CUST_00926,Kolkata,TN
CUST_00927,Chennai,WB
CUST_00928,Hyderabad,KA
CUST_00929,Mumbai,MH
CUST_00930,Pune,GJ
CUST_00931,Chennai,MH
CUST_00932,Mumbai,TN
CUST_00933,Mumbai,RJ
CUST_00934,Ahmedabad,GJ
CUST_00935,Mumbai,WB
CUST_00936,Hyderabad,GJ
CUST_00937,Kolkata,RJ
CUST_00938,Hyderabad,MH
CUST_00939,Delhi,MH
CUST_00940,Chennai,KA
CUST_00941,Kolkata,DL
CUST_00942,Ahmedabad,GJ
CUST_00943,Kolkata,TN
CUST_00944,Kolkata,RJ
CUST_00945,Pune,RJ
CUST_00946,Kolkata,RJ
CUST_00947,Ahmedabad,TN
CUST_00948,Hyderabad,DL
CUST_00949,Kolkata,MH
CUST_00950,Bangalore,KA
CUST_00951,Chennai,KA
CUST_00952,Kolkata,TN
CUST_00953,Chennai,KA
CUST_00954,Bangalore,RJ
CUST_00955,Bangalore,TG
CUST_00956,Chennai,DL
CUST_00957,Mumbai,MH
CUST_00958,Delhi,TG
CUST_00959,Pune,DL
CUST_00960,Mumbai,WB
CUST_00961,Mumbai,GJ
CUST_00962,Hyderabad,TN
CUST_00963,Pune,RJ
CUST_00964,Pune,KA
CUST_00965,Mumbai,WB
CUST_00966,Kolkata,KA
CUST_00967,Hyderabad,TG
CUST_00968,Hyderabad,MH
CUST_00969,Bangalore,MH
CUST_00970,Ahmedabad,MH
CUST_00971,Pune,RJ
CUST_00972,Mumbai,KA
CUST_00973,Bangalore,WB
CUST_00974,Chennai,MH
CUST_00975,Delhi,WB
CUST_00976,Ahmedabad,KA
CUST_00977,Ahmedabad,RJ
CUST_00978,Ahmedabad,TG
CUST_00979,Hyderabad,RJ
CUST_00980,Chennai,WB
CUST_00981,Ahmedabad,RJ
CUST_00982,Chennai,RJ
CUST_00983,Kolkata,TG
CUST_00984,Ahmedabad,KA
CUST_00985,Delhi,KA
CUST_00986,Chennai,TN
CUST_00987,Chennai,RJ
CUST_00988,Delhi,KA
CUST_00989,Ahmedabad,KA
CUST_00990,Delhi,DL
CUST_00991,Chennai,MH
CUST_00992,Delhi,TN
CUST_00993,Chennai,GJ
CUST_00994,Chennai,TN
CUST_00995,Kolkata,TN
CUST_00996,Mumbai,GJ
CUST_00997,Chennai,DL
CUST_00998,Ahmedabad,RJ
CUST_00999,Bangalore,TG
CUST_01000,Hyderabad,KA
CUST_01001,Pune,MH
CUST_01002,Mumbai,WB
CUST_01003,Mumbai,RJ
CUST_01004,Mumbai,GJ
CUST_01005,Kolkata,TG
CUST_01006,Chennai,RJ
CUST_01007,Kolkata,GJ
CUST_01008,Chennai,KA
CUST_01009,Ahmedabad,DL
CUST_01010,Kolkata,RJ
CUST_01011,Kolkata,GJ
CUST_01012,Hyderabad,KA
CUST_01013,Bangalore,KA
CUST_01014,Kolkata,DL
CUST_01015,Hyderabad,TN
CUST_01016,Delhi,RJ
CUST_01017,Bangalore,RJ
CUST_01018,Ahmedabad,TN
CUST_01019,Kolkata,MH
CUST_01020,Pune,MH
CUST_01021,Mumbai,TN
CUST_01022,Delhi,TG
CUST_01023,Delhi,WB
CUST_01024,Ahmedabad,KA
CUST_01025,Hyderabad,WB
CUST_01026,Delhi,KA
CUST_01027,Bangalore,TN
CUST_01028,Kolkata,MH
CUST_01029,Kolkata,TG
CUST_01030,Pune,MH
CUST_01031,Ahmedabad,WB
CUST_01032,Mumbai,MH
CUST_01033,Hyderabad,TN
CUST_01034,Mumbai,TG
CUST_01035,Delhi,WB
CUST_01036,Ahmedabad,TG
CUST_01037,Pune,RJ
CUST_01038,Mumbai,KA
CUST_01039,Bangalore,MH
CUST_01040,Kolkata,TG
CUST_01041,Delhi,DL
CUST_01042,Pune,RJ
CUST_01043,Mumbai,MH
CUST_01044,Hyderabad,KA
CUST_01045,Bangalore,TG
CUST_01046,Bangalore,WB
CUST_01047,Mumbai,KA
CUST_01048,Kolkata,DL
CUST_01049,Mumbai,TG
CUST_01050,Delhi,GJ
CUST_01051,Mumbai,GJ
CUST_01052,Bangalore,TN
CUST_01053,Pune,MH
CUST_01054,Mumbai,WB
CUST_01055,Kolkata,TN
CUST_01056,Ahmedabad,TG
CUST_01057,Pune,GJ
CUST_01058,Hyderabad,GJ
CUST_01059,Chennai,GJ
CUST_01060,Mumbai,TG
CUST_01061,Kolkata,GJ
CUST_01062,Pune,KA
CUST_01063,Kolkata,RJ
CUST_01064,Hyderabad,TG
CUST_01065,Bangalore,WB
CUST_01066,Kolkata,RJ
CUST_01067,Pune,TN
CUST_01068,Kolkata,WB
CUST_01069,Kolkata,RJ
CUST_01070,Kolkata,DL
CUST_01071,Delhi,GJ
CUST_01072,Delhi,DL
CUST_01073,Bangalore,MH
CUST_01074,Mumbai,MH
CUST_01075,Kolkata,RJ
CUST_01076,Hyderabad,DL
CUST_01077,Mumbai,TG
CUST_01078,Hyderabad,WB
CUST_01079,Mumbai,DL
CUST_01080,Bangalore,MH
CUST_01081,Kolkata,DL
CUST_01082,Kolkata,TG
CUST_01083,Chennai,DL
CUST_01084,Hyderabad,WB
CUST_01085,Mumbai,TN
CUST_01086,Mumbai,TG
CUST_01087,Ahmedabad,MH
CUST_01088,Ahmedabad,WB
CUST_01089,Delhi,DL
CUST_01090,Chennai,DL
CUST_01091,Pune,TN
CUST_01092,Ahmedabad,MH
CUST_01093,Pune,MH
CUST_01094,Delhi,KA
CUST_01095,Delhi,MH
CUST_01096,Delhi,TN
CUST_01097,Hyderabad,GJ
CUST_01098,Hyderabad,KA
CUST_01099,Bangalore,KA
CUST_01100,Bangalore,DL
CUST_01101,Delhi,DL
CUST_01102,Chennai,MH
CUST_01103,Mumbai,KA
CUST_01104,Hyderabad,RJ
CUST_01105,Chennai,DL
CUST_01106,Kolkata,TN
CUST_01107,Hyderabad,RJ
CUST_01108,Hyderabad,DL
CUST_01109,Bangalore,TG
CUST_01110,Mumbai,TG
CUST_01111,Mumbai,DL
CUST_01112,Ahmedabad,KA
CUST_01113,Pune,GJ
CUST_01114,Pune,GJ
CUST_01115,Pune,KA
CUST_01116,Pune,WB
CUST_01117,Kolkata,GJ
CUST_01118,Kolkata,TG
CUST_01119,Hyderabad,TN
CUST_01120,Delhi,KA
CUST_01121,Bangalore,MH
CUST_01122,Bangalore,TG
CUST_01123,Pune,TN
CUST_01124,Hyderabad,TN
CUST_01125,Ahmedabad,KA
CUST_01126,Chennai,TN
CUST_01127,Delhi,KA
CUST_01128,Hyderabad,GJ
CUST_01129,Delhi,DL
CUST_01130,Delhi,TG
CUST_01131,Delhi,WB
CUST_01132,Hyderabad,DL
CUST_01133,Pune,TG
CUST_01134,Bangalore,KA
CUST_01135,Bangalore,TG
CUST_01136,Pune,GJ
CUST_01137,Delhi,KA
CUST_01138,Chennai,DL
CUST_01139,Mumbai,MH
CUST_01140,Hyderabad,MH
CUST_01141,Mumbai,RJ
CUST_01142,Ahmedabad,RJ
CUST_01143,Pune,TG
CUST_01144,Chennai,MH
CUST_01145,Hyderabad,KA
CUST_01146,Pune,TN
CUST_01147,Delhi,KA
CUST_01148,Bangalore,TN
CUST_01149,Mumbai,DL
CUST_01150,Kolkata,WB
CUST_01151,Kolkata,TN
CUST_01152,Chennai,MH
CUST_01153,Delhi,KA
CUST_01154,Ahmedabad,DL
CUST_01155,Mumbai,MH
CUST_01156,Delhi,DL
CUST_01157,Mumbai,WB
CUST_01158,Chennai,GJ
CUST_01159,Chennai,KA
CUST_01160,Ahmedabad,TG
CUST_01161,Kolkata,KA
CUST_01162,Delhi,RJ
CUST_01163,Hyderabad,WB
CUST_01164,Kolkata,KA
CUST_01165,Delhi,RJ
CUST_01166,Kolkata,TG
CUST_01167,Hyderabad,TN
CUST_01168,Bangalore,DL
CUST_01169,Bangalore,TG
CUST_01170,Ahmedabad,MH
CUST_01171,Bangalore,WB
CUST_01172,Bangalore,TN
CUST_01173,Pune,MH
CUST_01174,Mumbai,MH
CUST_01175,Pune,WB
CUST_01176,Pune,TN
CUST_01177,Ahmedabad,GJ
CUST_01178,Pune,MH
CUST_01179,Bangalore,MH
CUST_01180,Hyderabad,TN
CUST_01181,Ahmedabad,KA
CUST_01182,Ahmedabad,MH
CUST_01183,Chennai,DL
CUST_01184,Ahmedabad,TN
CUST_01185,Chennai,MH
CUST_01186,Ahmedabad,WB
CUST_01187,Mumbai,TG
CUST_01188,Bangalore,DL
CUST_01189,Ahmedabad,RJ
CUST_01190,Bangalore,RJ
CUST_01191,Bangalore,TG
CUST_01192,Kolkata,RJ
CUST_01193,Ahmedabad,TG
CUST_01194,Delhi,MH
CUST_01195,Kolkata,DL
CUST_01196,Delhi,DL
CUST_01197,Bangalore,KA
CUST_01198,Bangalore,TG
CUST_01199,Kolkata,DL
CUST_01200,Kolkata,KA
CUST_01201,Delhi,TN
CUST_01202,Chennai,KA
CUST_01203,Delhi,WB
CUST_01204,Kolkata,GJ
CUST_01205,Hyderabad,MH
CUST_01206,Kolkata,TN
CUST_01207,Hyderabad,GJ
CUST_01208,Mumbai,GJ
CUST_01209,Kolkata,TN
CUST_01210,Mumbai,WB
CUST_01211,Chennai,KA
CUST_01212,Delhi,MH
CUST_01213,Hyderabad,KA
CUST_01214,Delhi,DL
CUST_01215,Mumbai,KA
CUST_01216,Hyderabad,RJ
CUST_01217,Delhi,TN
CUST_01218,Kolkata,MH
CUST_01219,Bangalore,KA
CUST_01220,Mumbai,MH
CUST_01221,Delhi,MH
CUST_01222,Mumbai,DL
CUST_01223,Pune,DL
CUST_01224,Mumbai,TN
CUST_01225,Hyderabad,WB
CUST_01226,Pune,RJ
CUST_01227,Ahmedabad,GJ
CUST_01228,Hyderabad,MH
CUST_01229,Bangalore,WB
CUST_01230,Pune,GJ
CUST_01231,Ahmedabad,GJ
CUST_01232,Kolkata,RJ
CUST_01233,Mumbai,TN
CUST_01234,Delhi,GJ
CUST_01235,Chennai,RJ
CUST_01236,Mumbai,GJ
CUST_01237,Ahmedabad,MH
CUST_01238,Mumbai,MH
CUST_01239,Bangalore,TG
CUST_01240,Kolkata,WB
CUST_01241,Chennai,KA
CUST_01242,Pune,RJ
CUST_01243,Pune,DL
CUST_01244,Pune,RJ
CUST_01245,Ahmedabad,KA
CUST_01246,Hyderabad,WB
CUST_01247,Hyderabad,DL
CUST_01248,Delhi,KA
CUST_01249,Chennai,TG
CUST_01250,Pune,DL
CUST_01251,Hyderabad,MH
CUST_01252,Ahmedabad,KA
CUST_01253,Delhi,RJ
CUST_01254,Kolkata,DL
CUST_01255,Delhi,TG
CUST_01256,Hyderabad,RJ
CUST_01257,Bangalore,GJ
CUST_01258,Ahmedabad,DL
CUST_01259,Bangalore,DL
CUST_01260,Pune,TG
CUST_01261,Bangalore,GJ
CUST_01262,Pune,KA
CUST_01263,Pune,TN
CUST_01264,Hyderabad,KA
CUST_01265,Bangalore,GJ
CUST_01266,Pune,WB
CUST_01267,Chennai,RJ
CUST_01268,Kolkata,TG
CUST_01269,Delhi,KA
CUST_01270,Delhi,DL
CUST_01271,Hyderabad,TG
CUST_01272,Bangalore,MH
CUST_01273,Bangalore,GJ
CUST_01274,Pune,RJ
CUST_01275,Ahmedabad,KA
CUST_01276,Mumbai,TG
CUST_01277,Pune,RJ
CUST_01278,Kolkata,KA
CUST_01279,Chennai,TG
CUST_01280,Delhi,DL
CUST_01281,Pune,MH
CUST_01282,Mumbai,MH
CUST_01283,Mumbai,WB
CUST_01284,Pune,TG
CUST_01285,Hyderabad,KA
CUST_01286,Delhi,MH
CUST_01287,Hyderabad,GJ
CUST_01288,Chennai,MH
CUST_01289,Mumbai,TN
CUST_01290,Mumbai,TN
CUST_01291,Kolkata,MH
CUST_01292,Chennai,TG
CUST_01293,Mumbai,WB
CUST_01294,Chennai,MH
CUST_01295,Delhi,DL
CUST_01296,Bangalore,RJ
CUST_01297,Mumbai,KA
CUST_01298,Kolkata,WB
CUST_01299,Delhi,DL
CUST_01300,Pune,WB
CUST_01301,Chennai,DL
CUST_01302,Pune,KA
CUST_01303,Hyderabad,KA
CUST_01304,Delhi,TN
CUST_01305,Pune,TG
CUST_01306,Ahmedabad,DL
CUST_01307,Ahmedabad,RJ
CUST_01308,Mumbai,TN
CUST_01309,Chennai,DL
CUST_01310,Bangalore,TN
CUST_01311,Delhi,KA
CUST_01312,Mumbai,WB
CUST_01313,Kolkata,GJ
CUST_01314,Hyderabad,TN
CUST_01315,Chennai,DL
CUST_01316,Delhi,DL
CUST_01317,Ahmedabad,GJ
CUST_01318,Delhi,TG
CUST_01319,Bangalore,RJ
CUST_01320,Ahmedabad,KA
CUST_01321,Bangalore,DL
CUST_01322,Kolkata,MH
CUST_01323,Hyderabad,WB
CUST_01324,Kolkata,TN
CUST_01325,Mumbai,TG
CUST_01326,Mumbai,RJ
CUST_01327,Kolkata,GJ
CUST_01328,Hyderabad,WB
CUST_01329,Kolkata,KA
CUST_01330,Hyderabad,TG
CUST_01331,Hyderabad,RJ
CUST_01332,Pune,TN
CUST_01333,Ahmedabad,TN
CUST_01334,Chennai,GJ
CUST_01335,Hyderabad,MH
CUST_01336,Bangalore,GJ
CUST_01337,Hyderabad,KA
CUST_01338,Hyderabad,TG
CUST_01339,Hyderabad,TG
CUST_01340,Pune,DL
CUST_01341,Ahmedabad,MH
CUST_01342,Pune,MH
CUST_01343,Mumbai,TG
CUST_01344,Pune,TG
CUST_01345,Bangalore,WB
CUST_01346,Bangalore,RJ
CUST_01347,Pune,WB
CUST_01348,Ahmedabad,WB
CUST_01349,Kolkata,MH
CUST_01350,Chennai,DL
CUST_01351,Ahmedabad,TN
CUST_01352,Pune,WB
CUST_01353,Hyderabad,DL
CUST_01354,Delhi,GJ
CUST_01355,Chennai,KA
CUST_01356,Chennai,WB
CUST_01357,Bangalore,GJ
CUST_01358,Chennai,TN
CUST_01359,Pune,KA
CUST_01360,Hyderabad,KA
CUST_01361,Hyderabad,TN
CUST_01362,Mumbai,WB
CUST_01363,Hyderabad,MH
CUST_01364,Ahmedabad,TN
CUST_01365,Hyderabad,TN
CUST_01366,Bangalore,TN
CUST_01367,Hyderabad,KA
CUST_01368,Mumbai,RJ
CUST_01369,Delhi,DL
CUST_01370,Pune,GJ
CUST_01371,Bangalore,MH
CUST_01372,Ahmedabad,WB
CUST_01373,Delhi,WB
CUST_01374,Bangalore,GJ
CUST_01375,Kolkata,DL
CUST_01376,Chennai,TN
CUST_01377,Kolkata,RJ
CUST_01378,Hyderabad,MH
CUST_01379,Delhi,WB
CUST_01380,Hyderabad,GJ
CUST_01381,Chennai,TG
CUST_01382,Bangalore,RJ
CUST_01383,Chennai,GJ
CUST_01384,Mumbai,RJ
CUST_01385,Chennai,WB
CUST_01386,Mumbai,TN
CUST_01387,Chennai,TG
CUST_01388,Pune,DL
CUST_01389,Mumbai,MH
CUST_01390,Delhi,DL
CUST_01391,Hyderabad,DL
CUST_01392,Ahmedabad,GJ
CUST_01393,Hyderabad,RJ
CUST_01394,Kolkata,MH
CUST_01395,Hyderabad,MH
CUST_01396,Bangalore,WB
CUST_01397,Pune,WB
CUST_01398,Chennai,MH
CUST_01399,Kolkata,TG
CUST_01400,Bangalore,KA
CUST_01401,Bangalore,WB
CUST_01402,Mumbai,KA
CUST_01403,Hyderabad,GJ
CUST_01404,Delhi,TG
CUST_01405,Ahmedabad,MH
CUST_01406,Delhi,TG
CUST_01407,Kolkata,WB
CUST_01408,Pune,DL
CUST_01409,Delhi,GJ
CUST_01410,Chennai,MH
CUST_01411,Delhi,TN
CUST_01412,Kolkata,GJ
CUST_01413,Ahmedabad,RJ
CUST_01414,Delhi,KA
CUST_01415,Chennai,TG
CUST_01416,Mumbai,MH
CUST_01417,Pune,GJ
CUST_01418,Kolkata,TG
CUST_01419,Mumbai,MH
CUST_01420,Mumbai,WB
CUST_01421,Mumbai,GJ
CUST_01422,Bangalore,WB
CUST_01423,Pune,GJ
CUST_01424,Ahmedabad,WB
CUST_01425,Hyderabad,RJ
CUST_01426,Pune,TG
CUST_01427,Bangalore,TN
CUST_01428,Hyderabad,GJ
CUST_01429,Pune,RJ
CUST_01430,Mumbai,GJ
CUST_01431,Kolkata,WB
CUST_01432,Hyderabad,MH
CUST_01433,Chennai,GJ
CUST_01434,Chennai,RJ
CUST_01435,Delhi,WB
CUST_01436,Hyderabad,DL
CUST_01437,Kolkata,WB
CUST_01438,Ahmedabad,TG
CUST_01439,Bangalore,TN
CUST_01440,Mumbai,DL
CUST_01441,Delhi,TG
CUST_01442,Chennai,TG
CUST_01443,Bangalore,TG
CUST_01444,Bangalore,MH
CUST_01445,Mumbai,TG
CUST_01446,Ahmedabad,MH
CUST_01447,Ahmedabad,TG
CUST_01448,Hyderabad,KA
CUST_01449,Chennai,RJ
CUST_01450,Ahmedabad,DL
CUST_01451,Kolkata,KA
CUST_01452,Ahmedabad,TG
CUST_01453,Bangalore,DL
CUST_01454,Mumbai,DL
CUST_01455,Kolkata,GJ
CUST_01456,Hyderabad,TN
CUST_01457,Chennai,KA
CUST_01458,Hyderabad,TN
CUST_01459,Bangalore,DL
CUST_01460,Kolkata,MH
CUST_01461,Kolkata,DL
CUST_01462,Kolkata,TN
CUST_01463,Bangalore,KA
CUST_01464,Bangalore,TG
CUST_01465,Hyderabad,GJ
CUST_01466,Delhi,GJ
CUST_01467,Hyderabad,GJ
CUST_01468,Chennai,TG
CUST_01469,Mumbai,GJ
CUST_01470,Kolkata,KA
CUST_01471,Delhi,TG
CUST_01472,Mumbai,GJ
CUST_01473,Delhi,TG
CUST_01474,Ahmedabad,TN
CUST_01475,Ahmedabad,RJ
CUST_01476,Pune,RJ
CUST_01477,Ahmedabad,KA
CUST_01478,Hyderabad,WB
CUST_01479,Ahmedabad,MH
CUST_01480,Bangalore,GJ
CUST_01481,Kolkata,MH
CUST_01482,Hyderabad,TG
CUST_01483,Mumbai,MH
CUST_01484,Pune,KA
CUST_01485,Pune,KA
CUST_01486,Pune,DL
CUST_01487,Mumbai,RJ
CUST_01488,Mumbai,GJ
CUST_01489,Mumbai,DL
CUST_01490,Mumbai,MH
CUST_01491,Pune,WB
CUST_01492,Pune,DL
CUST_01493,Delhi,DL
CUST_01494,Hyderabad,KA
CUST_01495,Kolkata,WB
CUST_01496,Ahmedabad,TG
CUST_01497,Ahmedabad,MH
CUST_01498,Bangalore,DL
CUST_01499,Pune,WB
CUST_01500,Bangalore,RJ
CUST_01501,Hyderabad,GJ
CUST_01502,Hyderabad,WB
CUST_01503,Bangalore,RJ
CUST_01504,Pune,MH
CUST_01505,Bangalore,WB
CUST_01506,Ahmedabad,RJ
CUST_01507,Delhi,WB
CUST_01508,Ahmedabad,WB
CUST_01509,Chennai,GJ
CUST_01510,Pune,RJ
CUST_01511,Pune,RJ
CUST_01512,Kolkata,DL
CUST_01513,Mumbai,MH
CUST_01514,Chennai,GJ
CUST_01515,Hyderabad,WB
CUST_01516,Pune,WB
CUST_01517,Bangalore,DL
CUST_01518,Chennai,MH
CUST_01519,Kolkata,KA
CUST_01520,Hyderabad,GJ
CUST_01521,Mumbai,DL
CUST_01522,Mumbai,MH
CUST_01523,Kolkata,GJ
CUST_01524,Kolkata,WB
CUST_01525,Bangalore,MH
CUST_01526,Pune,MH
CUST_01527,Mumbai,TG
CUST_01528,Hyderabad,MH
CUST_01529,Chennai,KA
CUST_01530,Hyderabad,MH
CUST_01531,Delhi,KA
CUST_01532,Delhi,WB
CUST_01533,Kolkata,KA
CUST_01534,Bangalore,GJ
CUST_01535,Delhi,WB
CUST_01536,Mumbai,WB
CUST_01537,Hyderabad,KA
CUST_01538,Hyderabad,RJ
CUST_01539,Kolkata,DL
CUST_01540,Pune,TN
CUST_01541,Pune,RJ
CUST_01542,Chennai,MH
CUST_01543,Kolkata,TG
CUST_01544,Ahmedabad,TN
CUST_01545,Chennai,MH
CUST_01546,Ahmedabad,RJ
CUST_01547,Pune,RJ
CUST_01548,Kolkata,MH
CUST_01549,Ahmedabad,WB
CUST_01550,Kolkata,MH
CUST_01551,Kolkata,TG
CUST_01552,Pune,RJ
CUST_01553,Chennai,MH
CUST_01554,Chennai,KA
CUST_01555,Kolkata,TN
CUST_01556,Delhi,KA
CUST_01557,Bangalore,TG
CUST_01558,Pune,MH
CUST_01559,Bangalore,GJ
CUST_01560,Bangalore,TG
CUST_01561,Chennai,WB
CUST_01562,Chennai,KA
CUST_01563,Delhi,KA
CUST_01564,Bangalore,DL
CUST_01565,Bangalore,MH
CUST_01566,Kolkata,WB
CUST_01567,Chennai,GJ
CUST_01568,Bangalore,KA
CUST_01569,Hyderabad,KA
CUST_01570,Delhi,WB
CUST_01571,Ahmedabad,TG
CUST_01572,Hyderabad,TG
CUST_01573,Hyderabad,MH
CUST_01574,Ahmedabad,RJ
CUST_01575,Pune,DL
CUST_01576,Pune,KA
CUST_01577,Delhi,RJ
CUST_01578,Hyderabad,RJ
CUST_01579,Bangalore,DL
CUST_01580,Chennai,RJ
CUST_01581,Delhi,RJ
CUST_01582,Kolkata,TG
CUST_01583,Ahmedabad,TG
CUST_01584,Hyderabad,TN
CUST_01585,Delhi,GJ
CUST_01586,Mumbai,MH
CUST_01587,Mumbai,RJ
CUST_01588,Pune,TN
CUST_01589,Ahmedabad,GJ
CUST_01590,Chennai,TN
CUST_01591,Bangalore,TN
CUST_01592,Chennai,MH
CUST_01593,Chennai,MH
CUST_01594,Chennai,WB
CUST_01595,Ahmedabad,DL
CUST_01596,Chennai,DL
CUST_01597,Kolkata,WB
CUST_01598,Ahmedabad,WB
CUST_01599,Kolkata,TG
CUST_01600,Ahmedabad,GJ
CUST_01601,Pune,TN
CUST_01602,Delhi,RJ
CUST_01603,Mumbai,WB
CUST_01604,Chennai,KA
CUST_01605,Pune,DL
CUST_01606,Delhi,WB
CUST_01607,Mumbai,KA
CUST_01608,Hyderabad,KA
CUST_01609,Bangalore,KA
CUST_01610,Kolkata,TG
CUST_01611,Hyderabad,TG
CUST_01612,Ahmedabad,RJ
CUST_01613,Mumbai,RJ
CUST_01614,Hyderabad,KA
CUST_01615,Bangalore,GJ
CUST_01616,Pune,TG
CUST_01617,Mumbai,TN
CUST_01618,Hyderabad,KA
CUST_01619,Kolkata,TN
CUST_01620,Kolkata,TN
CUST_01621,Delhi,KA
CUST_01622,Hyderabad,DL
CUST_01623,Chennai,GJ
CUST_01624,Hyderabad,KA
CUST_01625,Pune,RJ
CUST_01626,Mumbai,KA
CUST_01627,Mumbai,TG
CUST_01628,Pune,KA
CUST_01629,Hyderabad,DL
CUST_01630,Pune,TG
CUST_01631,Bangalore,RJ
CUST_01632,Ahmedabad,MH
CUST_01633,Pune,MH
CUST_01634,Kolkata,TN
CUST_01635,Pune,GJ
CUST_01636,Mumbai,TN
CUST_01637,Kolkata,DL
CUST_01638,Mumbai,WB
CUST_01639,Delhi,RJ
CUST_01640,Chennai,GJ
CUST_01641,Mumbai,RJ
CUST_01642,Kolkata,MH
CUST_01643,Delhi,TN
CUST_01644,Mumbai,RJ
CUST_01645,Bangalore,MH
CUST_01646,Pune,DL
CUST_01647,Chennai,DL
CUST_01648,Mumbai,WB
CUST_01649,Delhi,RJ
CUST_01650,Bangalore,WB
CUST_01651,Hyderabad,TG
CUST_01652,Delhi,GJ
CUST_01653,Pune,RJ
CUST_01654,Delhi,DL
CUST_01655,Bangalore,TN
CUST_01656,Delhi,MH
CUST_01657,Bangalore,KA
CUST_01658,Mumbai,WB
CUST_01659,Ahmedabad,KA
CUST_01660,Bangalore,RJ
CUST_01661,Bangalore,TN
CUST_01662,Chennai,WB
CUST_01663,Bangalore,KA
CUST_01664,Bangalore,GJ
CUST_01665,Hyderabad,TN
CUST_01666,Ahmedabad,MH
CUST_01667,Mumbai,GJ
CUST_01668,Pune,TN
CUST_01669,Chennai,TG
CUST_01670,Hyderabad,WB
CUST_01671,Kolkata,DL
CUST_01672,Ahmedabad,MH
CUST_01673,Mumbai,RJ
CUST_01674,Mumbai,GJ
CUST_01675,Kolkata,GJ
CUST_01676,Pune,KA
CUST_01677,Bangalore,WB
CUST_01678,Hyderabad,RJ
CUST_01679,Delhi,DL
CUST_01680,Chennai,TN
CUST_01681,Delhi,DL
CUST_01682,Kolkata,WB
CUST_01683,Mumbai,WB
CUST_01684,Pune,TG
CUST_01685,Mumbai,TG
CUST_01686,Chennai,DL
CUST_01687,Mumbai,TN
CUST_01688,Mumbai,DL
CUST_01689,Chennai,WB
CUST_01690,Hyderabad,WB
CUST_01691,Hyderabad,KA
CUST_01692,Chennai,TG
CUST_01693,Pune,RJ
CUST_01694,Kolkata,RJ
CUST_01695,Ahmedabad,RJ
CUST_01696,Mumbai,KA
CUST_01697,Pune,MH
CUST_01698,Mumbai,RJ
CUST_01699,Ahmedabad,WB
CUST_01700,Kolkata,KA
CUST_01701,Hyderabad,DL
CUST_01702,Pune,TG
CUST_01703,Bangalore,TG
CUST_01704,Bangalore,TN
CUST_01705,Ahmedabad,DL
CUST_01706,Bangalore,TN
CUST_01707,Hyderabad,KA
CUST_01708,Ahmedabad,GJ
CUST_01709,Hyderabad,RJ
CUST_01710,Kolkata,MH
CUST_01711,Mumbai,DL
CUST_01712,Kolkata,DL
CUST_01713,Kolkata,DL
CUST_01714,Hyderabad,TN
CUST_01715,Ahmedabad,KA
CUST_01716,Ahmedabad,DL
CUST_01717,Bangalore,GJ
CUST_01718,Delhi,DL
CUST_01719,Mumbai,TG
CUST_01720,Hyderabad,RJ
CUST_01721,Bangalore,MH
CUST_01722,Pune,RJ
CUST_01723,Delhi,TG
CUST_01724,Delhi,TG
CUST_01725,Hyderabad,MH
CUST_01726,Chennai,GJ
CUST_01727,Mumbai,KA
CUST_01728,Delhi,TG
CUST_01729,Hyderabad,KA
CUST_01730,Hyderabad,TG
CUST_01731,Bangalore,WB
CUST_01732,Pune,MH
CUST_01733,Chennai,TG
CUST_01734,Mumbai,WB
CUST_01735,Ahmedabad,RJ
CUST_01736,Kolkata,TN
CUST_01737,Pune,WB
CUST_01738,Pune,DL
CUST_01739,Bangalore,TG
CUST_01740,Ahmedabad,WB
CUST_01741,Delhi,KA
CUST_01742,Delhi,TN
CUST_01743,Bangalore,GJ
CUST_01744,Hyderabad,TG
CUST_01745,Delhi,DL
CUST_01746,Chennai,GJ
CUST_01747,Mumbai,WB
CUST_01748,Pune,GJ
CUST_01749,Pune,GJ
CUST_01750,Chennai,TN
CUST_01751,Ahmedabad,RJ
CUST_01752,Delhi,GJ
CUST_01753,Pune,GJ
CUST_01754,Kolkata,TG
CUST_01755,Ahmedabad,RJ
CUST_01756,Mumbai,TN
CUST_01757,Mumbai,DL
CUST_01758,Pune,WB
CUST_01759,Bangalore,TN
CUST_01760,Ahmedabad,TN
CUST_01761,Pune,MH
CUST_01762,Bangalore,TN
CUST_01763,Pune,RJ
CUST_01764,Kolkata,MH
CUST_01765,Ahmedabad,WB
CUST_01766,Hyderabad,GJ
CUST_01767,Mumbai,TG
CUST_01768,Pune,TG
CUST_01769,Kolkata,WB
CUST_01770,Bangalore,WB
CUST_01771,Bangalore,RJ
CUST_01772,Mumbai,KA
CUST_01773,Chennai,GJ
CUST_01774,Pune,WB
CUST_01775,Ahmedabad,TN
CUST_01776,Delhi,RJ
CUST_01777,Bangalore,TG
CUST_01778,Ahmedabad,DL
CUST_01779,Ahmedabad,RJ
CUST_01780,Hyderabad,TG
CUST_01781,Ahmedabad,MH
CUST_01782,Ahmedabad,RJ
CUST_01783,Hyderabad,TG
CUST_01784,Bangalore,KA
CUST_01785,Ahmedabad,RJ
CUST_01786,Chennai,RJ
CUST_01787,Chennai,GJ
CUST_01788,Kolkata,WB
CUST_01789,Hyderabad,GJ
CUST_01790,Kolkata,RJ
CUST_01791,Hyderabad,WB
CUST_01792,Pune,TG
CUST_01793,Pune,DL
CUST_01794,Ahmedabad,DL
CUST_01795,Delhi,RJ
CUST_01796,Pune,KA
CUST_01797,Delhi,MH
CUST_01798,Pune,TG
CUST_01799,Mumbai,WB
CUST_01800,Pune,RJ
CUST_01801,Kolkata,TG
CUST_01802,Bangalore,RJ
CUST_01803,Ahmedabad,KA
CUST_01804,Kolkata,TN
CUST_01805,Bangalore,TN
CUST_01806,Chennai,KA
CUST_01807,Kolkata,WB
CUST_01808,Chennai,GJ
CUST_01809,Delhi,KA
CUST_01810,Delhi,RJ
CUST_01811,Mumbai,WB
CUST_01812,Pune,DL
CUST_01813,Kolkata,KA
CUST_01814,Chennai,WB
CUST_01815,Bangalore,KA
CUST_01816,Delhi,KA
CUST_01817,Pune,GJ
CUST_01818,Delhi,GJ
CUST_01819,Bangalore,RJ
CUST_01820,Pune,WB
CUST_01821,Pune,WB
CUST_01822,Chennai,MH
CUST_01823,Chennai,KA
CUST_01824,Kolkata,TN
CUST_01825,Kolkata,KA
CUST_01826,Hyderabad,KA
CUST_01827,Ahmedabad,WB
CUST_01828,Hyderabad,KA
CUST_01829,Mumbai,TG
CUST_01830,Delhi,KA
CUST_01831,Kolkata,TG
CUST_01832,Chennai,GJ
CUST_01833,Bangalore,TN
CUST_01834,Chennai,RJ
CUST_01835,Delhi,WB
CUST_01836,Hyderabad,KA
CUST_01837,Chennai,TG
CUST_01838,Ahmedabad,TG
CUST_01839,Mumbai,GJ
CUST_01840,Delhi,TG
CUST_01841,Hyderabad,RJ
CUST_01842,Ahmedabad,DL
CUST_01843,Bangalore,MH
CUST_01844,Hyderabad,RJ
CUST_01845,Pune,TN
CUST_01846,Ahmedabad,RJ
CUST_01847,Ahmedabad,GJ
CUST_01848,Mumbai,GJ
CUST_01849,Delhi,RJ
CUST_01850,Bangalore,KA
CUST_01851,Mumbai,DL
CUST_01852,Hyderabad,KA
CUST_01853,Mumbai,KA
CUST_01854,Ahmedabad,RJ
CUST_01855,Delhi,WB
CUST_01856,Kolkata,WB
CUST_01857,Mumbai,WB
CUST_01858,Pune,DL
CUST_01859,Mumbai,KA
CUST_01860,Hyderabad,MH
CUST_01861,Hyderabad,TN
CUST_01862,Bangalore,WB
CUST_01863,Hyderabad,WB
CUST_01864,Chennai,GJ
CUST_01865,Delhi,KA
CUST_01866,Delhi,KA
CUST_01867,Kolkata,DL
CUST_01868,Kolkata,DL
CUST_01869,Delhi,WB
CUST_01870,Pune,KA
CUST_01871,Kolkata,MH
CUST_01872,Bangalore,TN
CUST_01873,Hyderabad,RJ
CUST_01874,Delhi,KA
CUST_01875,Ahmedabad,GJ
CUST_01876,Kolkata,RJ
CUST_01877,Delhi,KA
CUST_01878,Chennai,TG
CUST_01879,Mumbai,DL
CUST_01880,Hyderabad,GJ
CUST_01881,Delhi,TN
CUST_01882,Mumbai,WB
CUST_01883,Kolkata,GJ
CUST_01884,Mumbai,KA
CUST_01885,Hyderabad,WB
CUST_01886,Delhi,KA
CUST_01887,Chennai,WB
CUST_01888,Pune,TN
CUST_01889,Kolkata,DL
CUST_01890,Delhi,TN
CUST_01891,Hyderabad,TG
CUST_01892,Kolkata,MH
CUST_01893,Bangalore,DL
CUST_01894,Mumbai,TN
CUST_01895,Pune,TG
CUST_01896,Hyderabad,MH
CUST_01897,Bangalore,TG
CUST_01898,Ahmedabad,KA
CUST_01899,Delhi,RJ
CUST_01900,Chennai,KA
CUST_01901,Kolkata,WB
CUST_01902,Mumbai,DL
CUST_01903,Kolkata,KA
CUST_01904,Pune,GJ
CUST_01905,Delhi,TG
CUST_01906,Kolkata,DL
CUST_01907,Mumbai,RJ
CUST_01908,Delhi,GJ
CUST_01909,Kolkata,KA
CUST_01910,Chennai,WB
CUST_01911,Hyderabad,TN
CUST_01912,Delhi,WB
CUST_01913,Hyderabad,GJ
CUST_01914,Ahmedabad,MH
CUST_01915,Delhi,KA
CUST_01916,Chennai,GJ
CUST_01917,Hyderabad,MH
CUST_01918,Bangalore,MH
CUST_01919,Mumbai,TG
CUST_01920,Bangalore,DL
CUST_01921,Kolkata,TG
CUST_01922,Chennai,KA
CUST_01923,Bangalore,MH
CUST_01924,Delhi,RJ
CUST_01925,Kolkata,GJ
CUST_01926,Kolkata,TN
CUST_01927,Bangalore,MH
CUST_01928,Ahmedabad,GJ
CUST_01929,Bangalore,RJ
CUST_01930,Ahmedabad,TN
CUST_01931,Chennai,TG
CUST_01932,Mumbai,TG
CUST_01933,Bangalore,DL
CUST_01934,Pune,GJ
CUST_01935,Ahmedabad,MH
CUST_01936,Bangalore,WB
CUST_01937,Hyderabad,TG
CUST_01938,Delhi,TG
CUST_01939,Pune,DL
CUST_01940,Pune,TN
CUST_01941,Ahmedabad,DL
CUST_01942,Hyderabad,RJ
CUST_01943,Hyderabad,MH
CUST_01944,Kolkata,GJ
CUST_01945,Ahmedabad,KA
CUST_01946,Mumbai,KA
CUST_01947,Delhi,GJ
CUST_01948,Chennai,TN
CUST_01949,Pune,RJ
CUST_01950,Chennai,TG
CUST_01951,Bangalore,TN
CUST_01952,Bangalore,TG
CUST_01953,Chennai,TG
CUST_01954,Bangalore,KA
CUST_01955,Mumbai,TN
CUST_01956,Hyderabad,RJ
CUST_01957,Bangalore,DL
CUST_01958,Kolkata,TG
CUST_01959,Bangalore,WB
CUST_01960,Delhi,WB
CUST_01961,Mumbai,DL
CUST_01962,Delhi,WB
CUST_01963,Delhi,MH
CUST_01964,Kolkata,TG
CUST_01965,Mumbai,DL
CUST_01966,Mumbai,TN
CUST_01967,Ahmedabad,TG
CUST_01968,Mumbai,DL
CUST_01969,Mumbai,KA
CUST_01970,Mumbai,RJ
CUST_01971,Kolkata,TN
CUST_01972,Bangalore,RJ
CUST_01973,Ahmedabad,KA
CUST_01974,Delhi,TG
CUST_01975,Mumbai,TN
CUST_01976,Pune,RJ
CUST_01977,Bangalore,WB
CUST_01978,Bangalore,RJ
CUST_01979,Delhi,DL
CUST_01980,Kolkata,TG
CUST_01981,Chennai,MH
CUST_01982,Chennai,RJ
CUST_01983,Bangalore,TN
CUST_01984,Hyderabad,TN
CUST_01985,Hyderabad,GJ
CUST_01986,Delhi,RJ
CUST_01987,Chennai,TG
CUST_01988,Bangalore,TG
CUST_01989,Kolkata,KA
CUST_01990,Chennai,GJ
CUST_01991,Bangalore,RJ
CUST_01992,Bangalore,WB
CUST_01993,Mumbai,KA
CUST_01994,Kolkata,GJ
CUST_01995,Mumbai,RJ
CUST_01996,Delhi,RJ
CUST_01997,Mumbai,KA
CUST_01998,Pune,WB
CUST_01999,Mumbai,GJ
CUST_02000,Pune,RJ
CUST_02001,Chennai,RJ
CUST_02002,Hyderabad,GJ
CUST_02003,Ahmedabad,MH
CUST_02004,Ahmedabad,KA
CUST_02005,Bangalore,KA
CUST_02006,Ahmedabad,TN
CUST_02007,Pune,WB
CUST_02008,Kolkata,DL
CUST_02009,Mumbai,MH
CUST_02010,Pune,GJ
CUST_02011,Kolkata,GJ
CUST_02012,Hyderabad,GJ
CUST_02013,Ahmedabad,MH
CUST_02014,Hyderabad,RJ
CUST_02015,Ahmedabad,GJ
CUST_02016,Mumbai,GJ
CUST_02017,Delhi,WB
CUST_02018,Mumbai,TG
CUST_02019,Chennai,TG
CUST_02020,Pune,TN
CUST_02021,Bangalore,TN
CUST_02022,Delhi,GJ
CUST_02023,Mumbai,WB
CUST_02024,Kolkata,GJ
CUST_02025,Delhi,TN
CUST_02026,Pune,MH
CUST_02027,Ahmedabad,MH
CUST_02028,Delhi,RJ
CUST_02029,Ahmedabad,DL
CUST_02030,Pune,TG
CUST_02031,Mumbai,WB
CUST_02032,Pune,KA
CUST_02033,Delhi,TG
CUST_02034,Kolkata,KA
CUST_02035,Hyderabad,DL
CUST_02036,Delhi,DL
CUST_02037,Pune,GJ
CUST_02038,Hyderabad,TN
CUST_02039,Pune,DL
CUST_02040,Kolkata,DL
CUST_02041,Pune,KA
CUST_02042,Mumbai,TN
CUST_02043,Bangalore,DL
CUST_02044,Ahmedabad,TG
CUST_02045,Ahmedabad,RJ
CUST_02046,Delhi,DL
CUST_02047,Bangalore,RJ
CUST_02048,Pune,TN
CUST_02049,Kolkata,GJ
CUST_02050,Delhi,WB
CUST_02051,Pune,TN
CUST_02052,Hyderabad,KA
CUST_02053,Chennai,WB
CUST_02054,Pune,TG
CUST_02055,Bangalore,MH
CUST_02056,Delhi,RJ
CUST_02057,Bangalore,RJ
CUST_02058,Delhi,RJ
CUST_02059,Pune,TN
CUST_02060,Mumbai,RJ
CUST_02061,Hyderabad,GJ
CUST_02062,Pune,RJ
CUST_02063,Ahmedabad,KA
CUST_02064,Bangalore,TG
CUST_02065,Chennai,RJ
CUST_02066,Chennai,RJ
CUST_02067,Kolkata,WB
CUST_02068,Delhi,TG
CUST_02069,Bangalore,RJ
CUST_02070,Kolkata,TN
CUST_02071,Bangalore,DL
CUST_02072,Ahmedabad,GJ
CUST_02073,Delhi,TN
CUST_02074,Pune,MH
CUST_02075,Pune,TN
CUST_02076,Chennai,WB
CUST_02077,Pune,WB
CUST_02078,Pune,RJ
CUST_02079,Ahmedabad,TN
CUST_02080,Mumbai,WB
CUST_02081,Chennai,DL
CUST_02082,Kolkata,TG
CUST_02083,Hyderabad,TN
CUST_02084,Mumbai,GJ
CUST_02085,Kolkata,DL
CUST_02086,Delhi,RJ
CUST_02087,Mumbai,TG
CUST_02088,Ahmedabad,GJ
CUST_02089,Kolkata,RJ
CUST_02090,Delhi,GJ
CUST_02091,Chennai,RJ
CUST_02092,Hyderabad,GJ
CUST_02093,Delhi,TG
CUST_02094,Pune,DL
CUST_02095,Bangalore,GJ
CUST_02096,Delhi,GJ
CUST_02097,Delhi,KA
CUST_02098,Hyderabad,TN
CUST_02099,Bangalore,TG
CUST_02100,Pune,RJ
CUST_02101,Kolkata,TG
CUST_02102,Kolkata,WB
CUST_02103,Delhi,RJ
CUST_02104,Ahmedabad,TG
CUST_02105,Ahmedabad,DL
CUST_02106,Bangalore,RJ
CUST_02107,Bangalore,RJ
CUST_02108,Pune,TG
CUST_02109,Hyderabad,RJ
CUST_02110,Chennai,KA
CUST_02111,Kolkata,TN
CUST_02112,Hyderabad,RJ
CUST_02113,Mumbai,TN
CUST_02114,Kolkata,TG
CUST_02115,Hyderabad,GJ
CUST_02116,Kolkata,MH
CUST_02117,Chennai,MH
CUST_02118,Mumbai,GJ
CUST_02119,Ahmedabad,GJ
CUST_02120,Ahmedabad,GJ
CUST_02121,Chennai,DL
CUST_02122,Pune,MH
CUST_02123,Mumbai,GJ
CUST_02124,Delhi,DL
CUST_02125,Hyderabad,WB
CUST_02126,Mumbai,RJ
CUST_02127,Pune,DL
CUST_02128,Pune,MH
CUST_02129,Chennai,TG
CUST_02130,Kolkata,WB
CUST_02131,Mumbai,MH
CUST_02132,Hyderabad,RJ
CUST_02133,Mumbai,DL
CUST_02134,Bangalore,KA
CUST_02135,Kolkata,TN
CUST_02136,Hyderabad,RJ
CUST_02137,Ahmedabad,MH
CUST_02138,Hyderabad,GJ
CUST_02139,Delhi,DL
CUST_02140,Chennai,GJ
CUST_02141,Delhi,GJ
CUST_02142,Hyderabad,GJ
CUST_02143,Kolkata,GJ
CUST_02144,Mumbai,GJ
CUST_02145,Ahmedabad,WB
CUST_02146,Mumbai,MH
CUST_02147,Kolkata,RJ
CUST_02148,Hyderabad,MH
CUST_02149,Pune,RJ
CUST_02150,Mumbai,TN
CUST_02151,Pune,DL
CUST_02152,Mumbai,KA
CUST_02153,Mumbai,WB
CUST_02154,Ahmedabad,DL
CUST_02155,Chennai,WB
CUST_02156,Chennai,RJ
CUST_02157,Bangalore,MH
CUST_02158,Delhi,GJ
CUST_02159,Kolkata,TN
CUST_02160,Kolkata,TN
CUST_02161,Kolkata,TG
CUST_02162,Bangalore,KA
CUST_02163,Chennai,TN
CUST_02164,Hyderabad,GJ
CUST_02165,Pune,MH
CUST_02166,Ahmedabad,KA
CUST_02167,Pune,RJ
CUST_02168,Hyderabad,DL
CUST_02169,Ahmedabad,RJ
CUST_02170,Bangalore,GJ
CUST_02171,Hyderabad,GJ
CUST_02172,Kolkata,TN
CUST_02173,Delhi,KA
CUST_02174,Mumbai,MH
CUST_02175,Pune,RJ
CUST_02176,Chennai,TG
CUST_02177,Chennai,RJ
CUST_02178,Bangalore,WB
CUST_02179,Ahmedabad,WB
CUST_02180,Chennai,MH
CUST_02181,Kolkata,MH
CUST_02182,Pune,WB
CUST_02183,Hyderabad,TG
CUST_02184,Kolkata,KA
CUST_02185,Bangalore,WB
CUST_02186,Kolkata,MH
CUST_02187,Hyderabad,TN
CUST_02188,Delhi,DL
CUST_02189,Bangalore,TG
CUST_02190,Delhi,GJ
CUST_02191,Mumbai,TG
CUST_02192,Delhi,TN
CUST_02193,Mumbai,TN
CUST_02194,Mumbai,GJ
CUST_02195,Delhi,RJ
CUST_02196,Bangalore,MH
CUST_02197,Ahmedabad,WB
CUST_02198,Hyderabad,RJ
CUST_02199,Kolkata,KA
CUST_02200,Kolkata,TG
CUST_02201,Hyderabad,GJ
CUST_02202,Pune,TG
CUST_02203,Pune,RJ
CUST_02204,Mumbai,TN
CUST_02205,Mumbai,WB
CUST_02206,Bangalore,TG
CUST_02207,Chennai,KA
CUST_02208,Delhi,TN
CUST_02209,Mumbai,KA
CUST_02210,Kolkata,WB
CUST_02211,Bangalore,TG
CUST_02212,Delhi,DL
CUST_02213,Bangalore,RJ
CUST_02214,Delhi,TG
CUST_02215,Delhi,RJ
CUST_02216,Hyderabad,WB
CUST_02217,Mumbai,TG
CUST_02218,Ahmedabad,RJ
CUST_02219,Bangalore,GJ
CUST_02220,Ahmedabad,RJ
CUST_02221,Bangalore,TG
CUST_02222,Hyderabad,MH
CUST_02223,Kolkata,TG
CUST_02224,Ahmedabad,TG
CUST_02225,Kolkata,RJ
CUST_02226,Pune,KA
CUST_02227,Mumbai,DL
CUST_02228,Mumbai,KA
CUST_02229,Chennai,RJ
CUST_02230,Hyderabad,KA
CUST_02231,Kolkata,TN
CUST_02232,Delhi,MH
CUST_02233,Bangalore,KA
CUST_02234,Mumbai,GJ
CUST_02235,Ahmedabad,WB
CUST_02236,Bangalore,GJ
CUST_02237,Bangalore,WB
CUST_02238,Chennai,TG
CUST_02239,Kolkata,TN
CUST_02240,Mumbai,MH
CUST_02241,Bangalore,GJ
CUST_02242,Mumbai,MH
CUST_02243,Delhi,GJ
CUST_02244,Chennai,TG
CUST_02245,Delhi,WB
CUST_02246,Mumbai,DL
CUST_02247,Pune,TN
CUST_02248,Ahmedabad,GJ
CUST_02249,Mumbai,GJ
CUST_02250,Kolkata,TG
CUST_02251,Bangalore,TN
CUST_02252,Bangalore,WB
CUST_02253,Delhi,WB
CUST_02254,Ahmedabad,GJ
CUST_02255,Chennai,DL
CUST_02256,Pune,DL
CUST_02257,Hyderabad,MH
CUST_02258,Ahmedabad,TN
CUST_02259,Bangalore,TN
CUST_02260,Kolkata,WB
CUST_02261,Ahmedabad,MH
CUST_02262,Delhi,TG
CUST_02263,Delhi,TN
CUST_02264,Hyderabad,MH
CUST_02265,Kolkata,MH
CUST_02266,Chennai,GJ
CUST_02267,Ahmedabad,WB
CUST_02268,Kolkata,MH
CUST_02269,Chennai,RJ
CUST_02270,Kolkata,DL
CUST_02271,Kolkata,RJ
CUST_02272,Mumbai,DL
CUST_02273,Delhi,KA
CUST_02274,Ahmedabad,WB
CUST_02275,Kolkata,GJ
CUST_02276,Ahmedabad,TG
CUST_02277,Hyderabad,RJ
CUST_02278,Kolkata,RJ
CUST_02279,Bangalore,KA
CUST_02280,Delhi,DL
CUST_02281,Bangalore,GJ
CUST_02282,Ahmedabad,KA
CUST_02283,Ahmedabad,WB
CUST_02284,Delhi,GJ
CUST_02285,Ahmedabad,WB
CUST_02286,Bangalore,MH
CUST_02287,Kolkata,TN
CUST_02288,Kolkata,MH
CUST_02289,Mumbai,WB
CUST_02290,Hyderabad,RJ
CUST_02291,Ahmedabad,GJ
CUST_02292,Bangalore,DL
CUST_02293,Ahmedabad,TG
CUST_02294,Ahmedabad,DL
CUST_02295,Chennai,GJ
CUST_02296,Mumbai,MH
CUST_02297,Bangalore,TG
CUST_02298,Bangalore,GJ
CUST_02299,Ahmedabad,WB
CUST_02300,Mumbai,RJ
CUST_02301,Kolkata,DL
CUST_02302,Bangalore,WB
CUST_02303,Kolkata,TG
CUST_02304,Mumbai,TG
CUST_02305,Kolkata,DL
CUST_02306,Delhi,WB
CUST_02307,Chennai,KA
CUST_02308,Pune,WB
CUST_02309,Bangalore,TG
CUST_02310,Hyderabad,WB
CUST_02311,Chennai,RJ
CUST_02312,Pune,GJ
CUST_02313,Kolkata,MH
CUST_02314,Bangalore,RJ
CUST_02315,Kolkata,KA
CUST_02316,Delhi,TN
CUST_02317,Mumbai,GJ
CUST_02318,Bangalore,MH
CUST_02319,Pune,TN
CUST_02320,Pune,DL
CUST_02321,Delhi,TN
CUST_02322,Delhi,GJ
CUST_02323,Ahmedabad,WB
CUST_02324,Bangalore,GJ
CUST_02325,Kolkata,RJ
CUST_02326,Hyderabad,TN
CUST_02327,Pune,TG
CUST_02328,Pune,MH
CUST_02329,Delhi,MH
CUST_02330,Chennai,TN
CUST_02331,Delhi,MH
CUST_02332,Hyderabad,TG
CUST_02333,Kolkata,GJ
CUST_02334,Kolkata,MH
CUST_02335,Chennai,TN
CUST_02336,Pune,KA
CUST_02337,Delhi,KA
CUST_02338,Ahmedabad,DL
CUST_02339,Kolkata,RJ
CUST_02340,Hyderabad,MH
CUST_02341,Bangalore,RJ
CUST_02342,Mumbai,GJ
CUST_02343,Mumbai,TN
CUST_02344,Mumbai,MH
CUST_02345,Ahmedabad,WB
CUST_02346,Pune,TG
CUST_02347,Delhi,MH
CUST_02348,Chennai,MH
CUST_02349,Ahmedabad,RJ
CUST_02350,Ahmedabad,RJ
CUST_02351,Kolkata,KA
CUST_02352,Bangalore,TG
CUST_02353,Ahmedabad,TN
CUST_02354,Hyderabad,MH
CUST_02355,Bangalore,KA
CUST_02356,Hyderabad,RJ
CUST_02357,Pune,DL
CUST_02358,Delhi,TG
CUST_02359,Mumbai,KA
CUST_02360,Ahmedabad,KA
CUST_02361,Delhi,GJ
CUST_02362,Pune,KA
CUST_02363,Chennai,GJ
CUST_02364,Chennai,MH
CUST_02365,Pune,MH
CUST_02366,Hyderabad,RJ
CUST_02367,Kolkata,DL
CUST_02368,Kolkata,WB
CUST_02369,Hyderabad,WB
CUST_02370,Chennai,WB
CUST_02371,Chennai,RJ
CUST_02372,Ahmedabad,GJ
CUST_02373,Chennai,RJ
CUST_02374,Delhi,TG
CUST_02375,Chennai,TG
CUST_02376,Bangalore,DL
CUST_02377,Ahmedabad,TG
CUST_02378,Mumbai,WB
CUST_02379,Chennai,WB
CUST_02380,Hyderabad,RJ
CUST_02381,Mumbai,KA
CUST_02382,Delhi,TG
CUST_02383,Hyderabad,RJ
CUST_02384,Mumbai,MH
CUST_02385,Hyderabad,MH
CUST_02386,Delhi,KA
CUST_02387,Ahmedabad,KA
CUST_02388,Bangalore,KA
CUST_02389,Delhi,RJ
CUST_02390,Delhi,MH
CUST_02391,Hyderabad,WB
CUST_02392,Ahmedabad,KA
CUST_02393,Pune,DL
CUST_02394,Kolkata,GJ
CUST_02395,Chennai,RJ
CUST_02396,Chennai,KA
CUST_02397,Bangalore,GJ
CUST_02398,Bangalore,TN
CUST_02399,Chennai,KA
CUST_02400,Kolkata,MH
CUST_02401,Chennai,TG
CUST_02402,Pune,KA
CUST_02403,Kolkata,RJ
CUST_02404,Bangalore,TG
CUST_02405,Mumbai,TN
CUST_02406,Hyderabad,DL
CUST_02407,Pune,TG
CUST_02408,Pune,GJ
CUST_02409,Ahmedabad,WB
CUST_02410,Bangalore,KA
CUST_02411,Bangalore,TN
CUST_02412,Delhi,TN
CUST_02413,Pune,TG
CUST_02414,Delhi,DL
CUST_02415,Delhi,MH
CUST_02416,Hyderabad,KA
CUST_02417,Delhi,TN
CUST_02418,Kolkata,DL
CUST_02419,Chennai,WB
CUST_02420,Mumbai,TN
CUST_02421,Bangalore,DL
CUST_02422,Kolkata,RJ
CUST_02423,Mumbai,MH
CUST_02424,Pune,MH
CUST_02425,Pune,TN
CUST_02426,Pune,GJ
CUST_02427,Kolkata,TN
CUST_02428,Kolkata,TG
CUST_02429,Bangalore,KA
CUST_02430,Chennai,DL
CUST_02431,Ahmedabad,TN
CUST_02432,Delhi,KA
CUST_02433,Pune,TG
CUST_02434,Hyderabad,RJ
CUST_02435,Chennai,RJ
CUST_02436,Hyderabad,KA
CUST_02437,Bangalore,TN
CUST_02438,Bangalore,MH
CUST_02439,Bangalore,DL
CUST_02440,Mumbai,DL
CUST_02441,Hyderabad,RJ
CUST_02442,Chennai,RJ
CUST_02443,Ahmedabad,MH
CUST_02444,Chennai,GJ
CUST_02445,Kolkata,TN
CUST_02446,Kolkata,RJ
CUST_02447,Pune,RJ
CUST_02448,Ahmedabad,RJ
CUST_02449,Kolkata,DL
CUST_02450,Bangalore,TN
CUST_02451,Chennai,TG
CUST_02452,Hyderabad,TN
CUST_02453,Bangalore,KA
CUST_02454,Mumbai,MH
CUST_02455,Kolkata,GJ
CUST_02456,Bangalore,RJ
CUST_02457,Bangalore,RJ
CUST_02458,Mumbai,TN
CUST_02459,Delhi,GJ
CUST_02460,Chennai,RJ
CUST_02461,Hyderabad,GJ
CUST_02462,Pune,TG
CUST_02463,Delhi,WB
CUST_02464,Kolkata,MH
CUST_02465,Bangalore,GJ
CUST_02466,Ahmedabad,DL
CUST_02467,Mumbai,KA
CUST_02468,Mumbai,DL
CUST_02469,Ahmedabad,RJ
CUST_02470,Chennai,TG
CUST_02471,Delhi,TG
CUST_02472,Pune,DL
CUST_02473,Chennai,MH
CUST_02474,Ahmedabad,DL
CUST_02475,Bangalore,TN
CUST_02476,Ahmedabad,RJ
CUST_02477,Chennai,RJ
CUST_02478,Hyderabad,DL
CUST_02479,Mumbai,KA
CUST_02480,Mumbai,KA
CUST_02481,Kolkata,RJ
CUST_02482,Kolkata,WB
CUST_02483,Ahmedabad,KA
CUST_02484,Pune,DL
CUST_02485,Bangalore,KA
CUST_02486,Hyderabad,RJ
CUST_02487,Delhi,MH
CUST_02488,Chennai,GJ
CUST_02489,Pune,KA
CUST_02490,Bangalore,TN
CUST_02491,Kolkata,MH
CUST_02492,Ahmedabad,WB
CUST_02493,Chennai,TN
CUST_02494,Kolkata,DL
CUST_02495,Ahmedabad,GJ
CUST_02496,Chennai,DL
CUST_02497,Delhi,GJ
CUST_02498,Bangalore,GJ
CUST_02499,Chennai,DL
CUST_02500,Hyderabad,TN
CUST_02501,Pune,TN
CUST_02502,Mumbai,GJ
CUST_02503,Hyderabad,TN
CUST_02504,Hyderabad,GJ
CUST_02505,Pune,RJ
CUST_02506,Mumbai,GJ
CUST_02507,Hyderabad,RJ
CUST_02508,Chennai,MH
CUST_02509,Chennai,TG
CUST_02510,Chennai,MH
CUST_02511,Mumbai,DL
CUST_02512,Hyderabad,TG
CUST_02513,Ahmedabad,KA
CUST_02514,Mumbai,DL
CUST_02515,Chennai,WB
CUST_02516,Pune,MH
CUST_02517,Hyderabad,TN
CUST_02518,Hyderabad,MH
CUST_02519,Kolkata,TN
CUST_02520,Kolkata,TG
CUST_02521,Delhi,WB
CUST_02522,Ahmedabad,TG
CUST_02523,Ahmedabad,WB
CUST_02524,Bangalore,MH
CUST_02525,Ahmedabad,TN
CUST_02526,Kolkata,TG
CUST_02527,Mumbai,WB
CUST_02528,Ahmedabad,GJ
CUST_02529,Kolkata,DL
CUST_02530,Delhi,DL
CUST_02531,Hyderabad,TG
CUST_02532,Ahmedabad,TN
CUST_02533,Delhi,GJ
CUST_02534,Hyderabad,TG
CUST_02535,Pune,MH
CUST_02536,Pune,WB
CUST_02537,Hyderabad,RJ
CUST_02538,Ahmedabad,MH
CUST_02539,Bangalore,DL
CUST_02540,Kolkata,WB
CUST_02541,Mumbai,TG
CUST_02542,Mumbai,MH
CUST_02543,Chennai,KA
CUST_02544,Hyderabad,RJ
CUST_02545,Mumbai,TN
CUST_02546,Ahmedabad,GJ
CUST_02547,Bangalore,GJ
CUST_02548,Hyderabad,TN
CUST_02549,Bangalore,KA
CUST_02550,Ahmedabad,DL
CUST_02551,Mumbai,WB
CUST_02552,Mumbai,TN
CUST_02553,Chennai,KA
CUST_02554,Mumbai,TG
CUST_02555,Hyderabad,RJ
CUST_02556,Ahmedabad,GJ
CUST_02557,Pune,RJ
CUST_02558,Ahmedabad,KA
CUST_02559,Hyderabad,RJ
CUST_02560,Hyderabad,DL
CUST_02561,Chennai,DL
CUST_02562,Chennai,MH
CUST_02563,Mumbai,TN
CUST_02564,Delhi,MH
CUST_02565,Ahmedabad,RJ
CUST_02566,Ahmedabad,GJ
CUST_02567,Delhi,KA
CUST_02568,Chennai,WB
CUST_02569,Mumbai,RJ
CUST_02570,Delhi,WB
CUST_02571,Mumbai,DL
CUST_02572,Mumbai,WB
CUST_02573,Mumbai,WB
CUST_02574,Kolkata,GJ
CUST_02575,Hyderabad,WB
CUST_02576,Mumbai,RJ
CUST_02577,Kolkata,KA
CUST_02578,Chennai,WB
CUST_02579,Delhi,TG
CUST_02580,Hyderabad,WB
CUST_02581,Pune,WB
CUST_02582,Delhi,MH
CUST_02583,Hyderabad,KA
CUST_02584,Pune,RJ
CUST_02585,Delhi,DL
CUST_02586,Hyderabad,MH
CUST_02587,Delhi,RJ
CUST_02588,Delhi,TN
CUST_02589,Pune,KA
CUST_02590,Delhi,TG
CUST_02591,Delhi,KA
CUST_02592,Pune,TN
CUST_02593,Chennai,TN
CUST_02594,Mumbai,TN
CUST_02595,Ahmedabad,GJ
CUST_02596,Bangalore,DL
CUST_02597,Kolkata,WB
CUST_02598,Bangalore,KA
CUST_02599,Bangalore,RJ
CUST_02600,Hyderabad,GJ
CUST_02601,Mumbai,RJ
CUST_02602,Hyderabad,WB
CUST_02603,Mumbai,WB
CUST_02604,Pune,TG
CUST_02605,Pune,TN
CUST_02606,Ahmedabad,DL
CUST_02607,Mumbai,TG
CUST_02608,Delhi,MH
CUST_02609,Chennai,GJ
CUST_02610,Ahmedabad,GJ
CUST_02611,Ahmedabad,DL
CUST_02612,Delhi,WB
CUST_02613,Chennai,RJ
CUST_02614,Hyderabad,GJ
CUST_02615,Chennai,DL
CUST_02616,Hyderabad,GJ
CUST_02617,Pune,GJ
CUST_02618,Bangalore,TN
CUST_02619,Pune,MH
CUST_02620,Pune,TN
CUST_02621,Bangalore,MH
CUST_02622,Chennai,GJ
CUST_02623,Ahmedabad,TG
CUST_02624,Chennai,RJ
CUST_02625,Hyderabad,WB
CUST_02626,Delhi,GJ
CUST_02627,Hyderabad,MH
CUST_02628,Delhi,MH
CUST_02629,Pune,MH
CUST_02630,Bangalore,GJ
CUST_02631,Pune,DL
CUST_02632,Mumbai,TG
CUST_02633,Chennai,DL
CUST_02634,Delhi,WB
CUST_02635,Hyderabad,GJ
CUST_02636,Bangalore,MH
CUST_02637,Delhi,TG
CUST_02638,Hyderabad,TG
CUST_02639,Chennai,KA
CUST_02640,Pune,WB
CUST_02641,Chennai,RJ
CUST_02642,Kolkata,RJ
CUST_02643,Mumbai,TG
CUST_02644,Kolkata,GJ
CUST_02645,Bangalore,MH
CUST_02646,Delhi,MH
CUST_02647,Bangalore,TG
CUST_02648,Pune,DL
CUST_02649,Hyderabad,WB
CUST_02650,Chennai,MH
CUST_02651,Kolkata,TG
CUST_02652,Ahmedabad,MH
CUST_02653,Kolkata,RJ
CUST_02654,Pune,TG
CUST_02655,Kolkata,WB
CUST_02656,Pune,TG
CUST_02657,Ahmedabad,KA
CUST_02658,Bangalore,TG
CUST_02659,Chennai,TG
CUST_02660,Delhi,GJ
CUST_02661,Hyderabad,RJ
CUST_02662,Delhi,WB
CUST_02663,Bangalore,GJ
CUST_02664,Hyderabad,TG
CUST_02665,Kolkata,WB
CUST_02666,Ahmedabad,KA
CUST_02667,Ahmedabad,WB
CUST_02668,Mumbai,MH
CUST_02669,Bangalore,GJ
CUST_02670,Bangalore,WB
CUST_02671,Chennai,RJ
CUST_02672,Delhi,KA
CUST_02673,Bangalore,TN
CUST_02674,Bangalore,TG
CUST_02675,Kolkata,WB
CUST_02676,Kolkata,TG
CUST_02677,Hyderabad,DL
CUST_02678,Pune,MH
CUST_02679,Pune,GJ
CUST_02680,Mumbai,MH
CUST_02681,Pune,DL
CUST_02682,Chennai,DL
CUST_02683,Mumbai,GJ
CUST_02684,Hyderabad,WB
CUST_02685,Kolkata,DL
CUST_02686,Pune,TN
CUST_02687,Delhi,TG
CUST_02688,Kolkata,TG
CUST_02689,Ahmedabad,KA
CUST_02690,Chennai,RJ
CUST_02691,Kolkata,DL
CUST_02692,Chennai,DL
CUST_02693,Chennai,TN
CUST_02694,Chennai,MH
CUST_02695,Hyderabad,MH
CUST_02696,Chennai,TG
CUST_02697,Chennai,TG
CUST_02698,Ahmedabad,WB
CUST_02699,Delhi,GJ
CUST_02700,Mumbai,RJ
CUST_02701,Bangalore,TN
CUST_02702,Ahmedabad,GJ
CUST_02703,Mumbai,GJ
CUST_02704,Chennai,KA
CUST_02705,Delhi,GJ
CUST_02706,Kolkata,KA
CUST_02707,Delhi,GJ
CUST_02708,Ahmedabad,TN
CUST_02709,Chennai,KA
CUST_02710,Delhi,MH
CUST_02711,Pune,KA
CUST_02712,Delhi,KA
CUST_02713,Chennai,TN
CUST_02714,Hyderabad,TN
CUST_02715,Pune,KA
CUST_02716,Delhi,RJ
CUST_02717,Bangalore,DL
CUST_02718,Bangalore,RJ
CUST_02719,Delhi,TN
CUST_02720,Hyderabad,RJ
CUST_02721,Kolkata,RJ
CUST_02722,Chennai,WB
CUST_02723,Bangalore,WB
CUST_02724,Kolkata,MH
CUST_02725,Delhi,GJ
CUST_02726,Ahmedabad,KA
CUST_02727,Kolkata,DL
CUST_02728,Pune,MH
CUST_02729,Mumbai,KA
CUST_02730,Bangalore,RJ
CUST_02731,Delhi,TN
CUST_02732,Ahmedabad,WB
CUST_02733,Chennai,TG
CUST_02734,Ahmedabad,DL
CUST_02735,Hyderabad,RJ
CUST_02736,Pune,TG
CUST_02737,Delhi,WB
CUST_02738,Chennai,RJ
CUST_02739,Hyderabad,GJ
CUST_02740,Hyderabad,GJ
CUST_02741,Delhi,TG
CUST_02742,Pune,TN
CUST_02743,Kolkata,RJ
CUST_02744,Kolkata,KA
CUST_02745,Hyderabad,RJ
CUST_02746,Kolkata,TN
CUST_02747,Mumbai,RJ
CUST_02748,Hyderabad,TG
CUST_02749,Hyderabad,TN
CUST_02750,Chennai,WB
CUST_02751,Kolkata,DL
CUST_02752,Pune,TN
CUST_02753,Hyderabad,RJ
CUST_02754,Ahmedabad,WB
CUST_02755,Pune,DL
CUST_02756,Mumbai,GJ
CUST_02757,Chennai,KA
CUST_02758,Delhi,TG
CUST_02759,Pune,RJ
CUST_02760,Hyderabad,RJ
CUST_02761,Mumbai,GJ
CUST_02762,Bangalore,KA
CUST_02763,Mumbai,GJ
CUST_02764,Mumbai,MH
CUST_02765,Chennai,GJ
CUST_02766,Delhi,WB
CUST_02767,Bangalore,DL
CUST_02768,Kolkata,RJ
CUST_02769,Kolkata,GJ
CUST_02770,Pune,RJ
CUST_02771,Mumbai,TN
CUST_02772,Ahmedabad,KA
CUST_02773,Chennai,GJ
CUST_02774,Ahmedabad,DL
CUST_02775,Chennai,WB
CUST_02776,Kolkata,MH
CUST_02777,Pune,RJ
CUST_02778,Pune,KA
CUST_02779,Pune,TG
CUST_02780,Bangalore,DL
CUST_02781,Delhi,TG
CUST_02782,Bangalore,DL
CUST_02783,Hyderabad,DL
CUST_02784,Hyderabad,WB
CUST_02785,Ahmedabad,WB
CUST_02786,Delhi,WB
CUST_02787,Kolkata,GJ
CUST_02788,Delhi,TN
CUST_02789,Chennai,DL
CUST_02790,Hyderabad,KA
CUST_02791,Mumbai,TG
CUST_02792,Mumbai,WB
CUST_02793,Kolkata,GJ
CUST_02794,Chennai,WB
CUST_02795,Ahmedabad,TG
CUST_02796,Bangalore,TG
CUST_02797,Chennai,RJ
CUST_02798,Mumbai,DL
CUST_02799,Mumbai,WB
CUST_02800,Ahmedabad,TG
CUST_02801,Hyderabad,TN
CUST_02802,Chennai,TN
CUST_02803,Chennai,WB
CUST_02804,Mumbai,GJ
CUST_02805,Bangalore,TG
CUST_02806,Kolkata,RJ
CUST_02807,Pune,DL
CUST_02808,Kolkata,DL
CUST_02809,Chennai,GJ
CUST_02810,Kolkata,RJ
CUST_02811,Mumbai,DL
CUST_02812,Mumbai,RJ
CUST_02813,Ahmedabad,MH
CUST_02814,Chennai,WB
CUST_02815,Ahmedabad,DL
CUST_02816,Chennai,TN
CUST_02817,Pune,TG
CUST_02818,Pune,RJ
CUST_02819,Hyderabad,RJ
CUST_02820,Chennai,KA
CUST_02821,Bangalore,GJ
CUST_02822,Kolkata,KA
CUST_02823,Chennai,DL
CUST_02824,Delhi,KA
CUST_02825,Hyderabad,KA
CUST_02826,Delhi,MH
CUST_02827,Mumbai,RJ
CUST_02828,Pune,TN
CUST_02829,Kolkata,GJ
CUST_02830,Chennai,TN
CUST_02831,Delhi,MH
CUST_02832,Kolkata,MH
CUST_02833,Mumbai,KA
CUST_02834,Pune,WB
CUST_02835,Bangalore,RJ
CUST_02836,Hyderabad,TG
CUST_02837,Kolkata,RJ
CUST_02838,Kolkata,TG
CUST_02839,Bangalore,KA
CUST_02840,Kolkata,TG
CUST_02841,Mumbai,MH
CUST_02842,Mumbai,TN
CUST_02843,Bangalore,TG
CUST_02844,Hyderabad,RJ
CUST_02845,Chennai,GJ
CUST_02846,Delhi,KA
CUST_02847,Chennai,WB
CUST_02848,Kolkata,KA
CUST_02849,Delhi,DL
CUST_02850,Ahmedabad,KA
CUST_02851,Bangalore,MH
CUST_02852,Bangalore,TN
CUST_02853,Hyderabad,TN
CUST_02854,Delhi,GJ
CUST_02855,Mumbai,TG
CUST_02856,Delhi,MH
CUST_02857,Kolkata,DL
CUST_02858,Mumbai,MH
CUST_02859,Pune,KA
CUST_02860,Pune,MH
CUST_02861,Ahmedabad,MH
CUST_02862,Pune,GJ
CUST_02863,Bangalore,DL
CUST_02864,Delhi,KA
CUST_02865,Pune,WB
CUST_02866,Chennai,GJ
CUST_02867,Hyderabad,WB
CUST_02868,Chennai,GJ
CUST_02869,Pune,TN
CUST_02870,Ahmedabad,RJ
CUST_02871,Hyderabad,GJ
CUST_02872,Kolkata,TG
CUST_02873,Chennai,MH
CUST_02874,Ahmedabad,TN
CUST_02875,Delhi,DL
CUST_02876,Delhi,WB
CUST_02877,Chennai,RJ
CUST_02878,Pune,RJ
CUST_02879,Ahmedabad,GJ
CUST_02880,Delhi,MH
CUST_02881,Kolkata,DL
CUST_02882,Mumbai,TG
CUST_02883,Pune,DL
CUST_02884,Ahmedabad,MH
CUST_02885,Kolkata,TG
CUST_02886,Ahmedabad,DL
CUST_02887,Hyderabad,TG
CUST_02888,Kolkata,GJ
CUST_02889,Pune,GJ
CUST_02890,Hyderabad,MH
CUST_02891,Pune,MH
CUST_02892,Delhi,TG
CUST_02893,Mumbai,KA
CUST_02894,Pune,TN
CUST_02895,Pune,RJ
CUST_02896,Delhi,DL
CUST_02897,Bangalore,DL
CUST_02898,Delhi,KA
CUST_02899,Hyderabad,KA
CUST_02900,Delhi,KA
CUST_02901,Delhi,WB
CUST_02902,Mumbai,WB
CUST_02903,Delhi,TG
CUST_02904,Ahmedabad,WB
CUST_02905,Pune,GJ
CUST_02906,Ahmedabad,GJ
CUST_02907,Mumbai,MH
CUST_02908,Chennai,RJ
CUST_02909,Bangalore,TG
CUST_02910,Ahmedabad,RJ
CUST_02911,Mumbai,DL
CUST_02912,Hyderabad,TN
CUST_02913,Chennai,MH
CUST_02914,Mumbai,DL
CUST_02915,Mumbai,DL
CUST_02916,Bangalore,TG
CUST_02917,Pune,KA
CUST_02918,Ahmedabad,KA
CUST_02919,Hyderabad,RJ
CUST_02920,Kolkata,MH
CUST_02921,Ahmedabad,KA
CUST_02922,Kolkata,DL
CUST_02923,Mumbai,KA
CUST_02924,Delhi,WB
CUST_02925,Hyderabad,KA
CUST_02926,Chennai,DL
CUST_02927,Delhi,RJ
CUST_02928,Delhi,TG
CUST_02929,Ahmedabad,MH
CUST_02930,Hyderabad,TN
CUST_02931,Pune,KA
CUST_02932,Mumbai,GJ
CUST_02933,Mumbai,GJ
CUST_02934,Mumbai,RJ
CUST_02935,Mumbai,DL
CUST_02936,Ahmedabad,TN
CUST_02937,Kolkata,TN
CUST_02938,Mumbai,WB
CUST_02939,Kolkata,TN
CUST_02940,Kolkata,GJ
CUST_02941,Pune,TG
CUST_02942,Mumbai,DL
CUST_02943,Bangalore,DL
CUST_02944,Chennai,KA
CUST_02945,Delhi,KA
CUST_02946,Kolkata,KA
CUST_02947,Hyderabad,GJ
CUST_02948,Hyderabad,GJ
CUST_02949,Chennai,RJ
CUST_02950,Hyderabad,GJ
CUST_02951,Bangalore,GJ
CUST_02952,Hyderabad,GJ
CUST_02953,Delhi,GJ
CUST_02954,Delhi,TG
CUST_02955,Kolkata,GJ
CUST_02956,Mumbai,RJ
CUST_02957,Pune,TN
CUST_02958,Bangalore,TN
CUST_02959,Kolkata,WB
CUST_02960,Bangalore,TG
CUST_02961,Mumbai,KA
CUST_02962,Ahmedabad,MH
CUST_02963,Hyderabad,GJ
CUST_02964,Hyderabad,WB
CUST_02965,Pune,MH
CUST_02966,Mumbai,RJ
CUST_02967,Kolkata,TN
CUST_02968,Pune,WB
CUST_02969,Mumbai,RJ
CUST_02970,Chennai,WB
CUST_02971,Delhi,DL
CUST_02972,Pune,RJ
CUST_02973,Pune,TN
CUST_02974,Kolkata,TN
CUST_02975,Bangalore,TG
CUST_02976,Chennai,WB
CUST_02977,Kolkata,GJ
CUST_02978,Mumbai,TN
CUST_02979,Mumbai,WB
CUST_02980,Mumbai,TG
CUST_02981,Ahmedabad,GJ
CUST_02982,Mumbai,RJ
CUST_02983,Bangalore,TG
CUST_02984,Chennai,DL
CUST_02985,Hyderabad,GJ
CUST_02986,Delhi,WB
CUST_02987,Bangalore,TN
CUST_02988,Bangalore,TN
CUST_02989,Ahmedabad,WB
CUST_02990,Hyderabad,WB
CUST_02991,Hyderabad,WB
CUST_02992,Delhi,KA
CUST_02993,Delhi,GJ
CUST_02994,Hyderabad,TN
CUST_02995,Mumbai,GJ
CUST_02996,Bangalore,TG
CUST_02997,Kolkata,TN
CUST_02998,Delhi,KA
CUST_02999,Ahmedabad,WB
CUST_03000,Ahmedabad,DL
CUST_03001,Delhi,WB
CUST_03002,Hyderabad,RJ
CUST_03003,Chennai,WB
CUST_03004,Kolkata,KA
CUST_03005,Kolkata,GJ
CUST_03006,Delhi,TN
CUST_03007,Mumbai,WB
CUST_03008,Chennai,TN
CUST_03009,Kolkata,MH
CUST_03010,Delhi,TG
CUST_03011,Ahmedabad,GJ
CUST_03012,Kolkata,TN
CUST_03013,Pune,DL
CUST_03014,Chennai,TG
CUST_03015,Chennai,RJ
CUST_03016,Pune,RJ
CUST_03017,Bangalore,DL
CUST_03018,Ahmedabad,WB
CUST_03019,Pune,TG
CUST_03020,Hyderabad,TN
CUST_03021,Hyderabad,TG
CUST_03022,Delhi,WB
CUST_03023,Chennai,KA
CUST_03024,Bangalore,GJ
CUST_03025,Bangalore,DL
CUST_03026,Kolkata,WB
CUST_03027,Kolkata,KA
CUST_03028,Pune,TG
CUST_03029,Bangalore,TG
CUST_03030,Pune,WB
CUST_03031,Ahmedabad,TN
CUST_03032,Pune,TG
CUST_03033,Kolkata,TN
CUST_03034,Chennai,TN
CUST_03035,Pune,GJ
CUST_03036,Mumbai,TN
CUST_03037,Chennai,MH
CUST_03038,Bangalore,GJ
CUST_03039,Bangalore,KA
CUST_03040,Pune,KA
CUST_03041,Chennai,TG
CUST_03042,Kolkata,TG
CUST_03043,Kolkata,TN
CUST_03044,Hyderabad,GJ
CUST_03045,Bangalore,GJ
CUST_03046,Delhi,MH
CUST_03047,Hyderabad,TN
CUST_03048,Kolkata,MH
CUST_03049,Chennai,RJ
CUST_03050,Ahmedabad,TN
CUST_03051,Kolkata,DL
CUST_03052,Chennai,DL
CUST_03053,Hyderabad,WB
CUST_03054,Bangalore,TN
CUST_03055,Kolkata,GJ
CUST_03056,Pune,TG
CUST_03057,Chennai,KA
CUST_03058,Bangalore,WB
CUST_03059,Ahmedabad,TG
CUST_03060,Ahmedabad,DL
CUST_03061,Delhi,TN
CUST_03062,Chennai,WB
CUST_03063,Hyderabad,TN
CUST_03064,Delhi,DL
CUST_03065,Delhi,WB
CUST_03066,Mumbai,DL
CUST_03067,Kolkata,MH
CUST_03068,Chennai,DL
CUST_03069,Delhi,GJ
CUST_03070,Mumbai,GJ
CUST_03071,Hyderabad,TN
CUST_03072,Bangalore,KA
CUST_03073,Pune,DL
CUST_03074,Pune,TG
CUST_03075,Chennai,GJ
CUST_03076,Delhi,RJ
CUST_03077,Pune,KA
CUST_03078,Kolkata,MH
CUST_03079,Pune,WB
CUST_03080,Pune,WB
CUST_03081,Pune,GJ
CUST_03082,Ahmedabad,KA
CUST_03083,Mumbai,GJ
CUST_03084,Delhi,WB
CUST_03085,Kolkata,RJ
CUST_03086,Delhi,DL
CUST_03087,Ahmedabad,KA
CUST_03088,Chennai,TN
CUST_03089,Chennai,DL
CUST_03090,Chennai,DL
CUST_03091,Hyderabad,DL
CUST_03092,Pune,TN
CUST_03093,Hyderabad,RJ
CUST_03094,Mumbai,MH
CUST_03095,Chennai,RJ
CUST_03096,Ahmedabad,RJ
CUST_03097,Kolkata,RJ
CUST_03098,Delhi,TG
CUST_03099,Pune,GJ
CUST_03100,Bangalore,WB
CUST_03101,Kolkata,GJ
CUST_03102,Pune,KA
CUST_03103,Hyderabad,RJ
CUST_03104,Hyderabad,MH
CUST_03105,Kolkata,KA
CUST_03106,Hyderabad,GJ
CUST_03107,Chennai,WB
CUST_03108,Mumbai,TN
CUST_03109,Delhi,GJ
CUST_03110,Mumbai,DL
CUST_03111,Pune,GJ
CUST_03112,Delhi,DL
CUST_03113,Ahmedabad,TN
CUST_03114,Delhi,GJ
CUST_03115,Mumbai,MH
CUST_03116,Kolkata,MH
CUST_03117,Delhi,KA
CUST_03118,Ahmedabad,TN
CUST_03119,Ahmedabad,RJ
CUST_03120,Ahmedabad,MH
CUST_03121,Mumbai,GJ
CUST_03122,Delhi,TN
CUST_03123,Bangalore,WB
CUST_03124,Kolkata,DL
CUST_03125,Chennai,GJ
CUST_03126,Delhi,DL
CUST_03127,Ahmedabad,DL
CUST_03128,Bangalore,RJ
CUST_03129,Chennai,TN
CUST_03130,Chennai,TN
CUST_03131,Pune,KA
CUST_03132,Delhi,DL
CUST_03133,Mumbai,KA
CUST_03134,Delhi,RJ
CUST_03135,Bangalore,DL
CUST_03136,Chennai,KA
CUST_03137,Delhi,KA
CUST_03138,Mumbai,WB
CUST_03139,Pune,KA
CUST_03140,Delhi,TN
CUST_03141,Kolkata,KA
CUST_03142,Pune,DL
CUST_03143,Mumbai,KA
CUST_03144,Bangalore,MH
CUST_03145,Chennai,TG
CUST_03146,Delhi,DL
CUST_03147,Mumbai,MH
CUST_03148,Pune,RJ
CUST_03149,Kolkata,DL
CUST_03150,Mumbai,TN
CUST_03151,Hyderabad,TG
CUST_03152,Ahmedabad,TG
CUST_03153,Kolkata,TN
CUST_03154,Pune,TG
CUST_03155,Bangalore,TN
CUST_03156,Chennai,MH
CUST_03157,Pune,RJ
CUST_03158,Ahmedabad,WB
CUST_03159,Bangalore,DL
CUST_03160,Delhi,TN
CUST_03161,Mumbai,DL
CUST_03162,Hyderabad,RJ
CUST_03163,Kolkata,MH
CUST_03164,Kolkata,WB
CUST_03165,Mumbai,RJ
CUST_03166,Hyderabad,MH
CUST_03167,Mumbai,TG
CUST_03168,Delhi,DL
CUST_03169,Ahmedabad,GJ
CUST_03170,Bangalore,WB
CUST_03171,Pune,TG
CUST_03172,Kolkata,RJ
CUST_03173,Delhi,WB
CUST_03174,Bangalore,TG
CUST_03175,Delhi,MH
CUST_03176,Hyderabad,TN
CUST_03177,Kolkata,DL
CUST_03178,Pune,KA
CUST_03179,Mumbai,KA
CUST_03180,Mumbai,MH
CUST_03181,Bangalore,RJ
CUST_03182,Pune,DL
CUST_03183,Ahmedabad,RJ
CUST_03184,Chennai,DL
CUST_03185,Hyderabad,MH
CUST_03186,Bangalore,DL
CUST_03187,Chennai,TN
CUST_03188,Delhi,RJ
CUST_03189,Hyderabad,MH
CUST_03190,Delhi,TN
CUST_03191,Ahmedabad,DL
CUST_03192,Pune,MH
CUST_03193,Kolkata,DL
CUST_03194,Hyderabad,RJ
CUST_03195,Chennai,MH
CUST_03196,Ahmedabad,DL
CUST_03197,Kolkata,RJ
CUST_03198,Mumbai,TN
CUST_03199,Chennai,GJ
CUST_03200,Bangalore,TN
CUST_03201,Mumbai,DL
CUST_03202,Ahmedabad,MH
CUST_03203,Mumbai,KA
CUST_03204,Bangalore,TN
CUST_03205,Hyderabad,TN
CUST_03206,Mumbai,RJ
CUST_03207,Pune,TG
CUST_03208,Chennai,KA
CUST_03209,Kolkata,DL
CUST_03210,Mumbai,GJ
CUST_03211,Chennai,MH
CUST_03212,Delhi,TG
CUST_03213,Chennai,DL
CUST_03214,Kolkata,WB
CUST_03215,Chennai,GJ
CUST_03216,Bangalore,TN
CUST_03217,Ahmedabad,WB
CUST_03218,Kolkata,TN
CUST_03219,Ahmedabad,TN
CUST_03220,Hyderabad,WB
CUST_03221,Ahmedabad,GJ
CUST_03222,Delhi,RJ
CUST_03223,Bangalore,WB
CUST_03224,Hyderabad,DL
CUST_03225,Chennai,TG
CUST_03226,Kolkata,TG
CUST_03227,Delhi,WB
CUST_03228,Bangalore,DL
CUST_03229,Hyderabad,RJ
CUST_03230,Hyderabad,TG
CUST_03231,Delhi,DL
CUST_03232,Pune,RJ
CUST_03233,Chennai,DL
CUST_03234,Delhi,TN
CUST_03235,Hyderabad,TG
CUST_03236,Mumbai,RJ
CUST_03237,Bangalore,TG
CUST_03238,Delhi,TN
CUST_03239,Pune,WB
CUST_03240,Hyderabad,TN
CUST_03241,Chennai,TG
CUST_03242,Ahmedabad,TG
CUST_03243,Hyderabad,GJ
CUST_03244,Chennai,RJ
CUST_03245,Delhi,WB
CUST_03246,Chennai,TN
CUST_03247,Kolkata,RJ
CUST_03248,Kolkata,MH
CUST_03249,Kolkata,RJ
CUST_03250,Pune,MH
CUST_03251,Pune,WB
CUST_03252,Mumbai,TN
CUST_03253,Pune,TN
CUST_03254,Ahmedabad,DL
CUST_03255,Delhi,TG
CUST_03256,Hyderabad,KA
CUST_03257,Hyderabad,GJ
CUST_03258,Mumbai,RJ
CUST_03259,Pune,WB
CUST_03260,Ahmedabad,KA
CUST_03261,Chennai,RJ
CUST_03262,Mumbai,KA
CUST_03263,Ahmedabad,WB
CUST_03264,Chennai,TN
CUST_03265,Ahmedabad,WB
CUST_03266,Chennai,RJ
CUST_03267,Bangalore,KA
CUST_03268,Ahmedabad,TG
CUST_03269,Hyderabad,GJ
CUST_03270,Kolkata,GJ
CUST_03271,Pune,TG
CUST_03272,Chennai,TG
CUST_03273,Bangalore,TN
CUST_03274,Ahmedabad,RJ
CUST_03275,Hyderabad,MH
CUST_03276,Kolkata,WB
CUST_03277,Chennai,GJ
CUST_03278,Ahmedabad,TG
CUST_03279,Ahmedabad,WB
CUST_03280,Chennai,GJ
CUST_03281,Mumbai,TG
CUST_03282,Mumbai,RJ
CUST_03283,Hyderabad,GJ
CUST_03284,Kolkata,TN
CUST_03285,Chennai,MH
CUST_03286,Hyderabad,MH
CUST_03287,Hyderabad,TG
CUST_03288,Delhi,GJ
CUST_03289,Ahmedabad,TN
CUST_03290,Pune,DL
CUST_03291,Ahmedabad,WB
CUST_03292,Mumbai,WB
CUST_03293,Kolkata,KA
CUST_03294,Ahmedabad,TN
CUST_03295,Chennai,GJ
CUST_03296,Hyderabad,RJ
CUST_03297,Chennai,RJ
CUST_03298,Delhi,KA
CUST_03299,Kolkata,TG
CUST_03300,Hyderabad,GJ
CUST_03301,Chennai,KA
CUST_03302,Mumbai,MH
CUST_03303,Pune,WB
CUST_03304,Delhi,GJ
CUST_03305,Kolkata,KA
CUST_03306,Delhi,MH
CUST_03307,Mumbai,TN
CUST_03308,Kolkata,KA
CUST_03309,Delhi,TG
CUST_03310,Bangalore,TG
CUST_03311,Mumbai,TG
CUST_03312,Mumbai,GJ
CUST_03313,Mumbai,RJ
CUST_03314,Bangalore,RJ
CUST_03315,Bangalore,WB
CUST_03316,Chennai,KA
CUST_03317,Hyderabad,TN
CUST_03318,Pune,KA
CUST_03319,Delhi,WB
CUST_03320,Chennai,MH
CUST_03321,Delhi,WB
CUST_03322,Pune,TG
CUST_03323,Hyderabad,GJ
CUST_03324,Bangalore,MH
CUST_03325,Hyderabad,GJ
CUST_03326,Bangalore,TG
CUST_03327,Pune,DL
CUST_03328,Hyderabad,WB
CUST_03329,Chennai,WB
CUST_03330,Kolkata,TN
CUST_03331,Chennai,KA
CUST_03332,Delhi,MH
CUST_03333,Chennai,RJ
CUST_03334,Pune,GJ
CUST_03335,Mumbai,MH
CUST_03336,Delhi,TN
CUST_03337,Hyderabad,TN
CUST_03338,Delhi,GJ
CUST_03339,Kolkata,RJ
CUST_03340,Bangalore,KA
CUST_03341,Hyderabad,GJ
CUST_03342,Ahmedabad,GJ
CUST_03343,Delhi,TG
CUST_03344,Hyderabad,RJ
CUST_03345,Hyderabad,KA
CUST_03346,Hyderabad,WB
CUST_03347,Bangalore,TG
CUST_03348,Ahmedabad,DL
CUST_03349,Pune,RJ
CUST_03350,Chennai,KA
CUST_03351,Hyderabad,TN
CUST_03352,Mumbai,TG
CUST_03353,Pune,KA
CUST_03354,Kolkata,MH
CUST_03355,Bangalore,GJ
CUST_03356,Delhi,DL
CUST_03357,Bangalore,WB
CUST_03358,Delhi,GJ
CUST_03359,Bangalore,MH
CUST_03360,Delhi,MH
CUST_03361,Hyderabad,DL
CUST_03362,Chennai,WB
CUST_03363,Delhi,TN
CUST_03364,Ahmedabad,TG
CUST_03365,Delhi,RJ
CUST_03366,Mumbai,WB
CUST_03367,Delhi,RJ
CUST_03368,Mumbai,KA
CUST_03369,Kolkata,MH
CUST_03370,Hyderabad,KA
CUST_03371,Mumbai,TN
CUST_03372,Chennai,KA
CUST_03373,Pune,WB
CUST_03374,Hyderabad,KA
CUST_03375,Mumbai,TN
CUST_03376,Hyderabad,TN
CUST_03377,Ahmedabad,TN
CUST_03378,Hyderabad,WB
CUST_03379,Hyderabad,TN
CUST_03380,Kolkata,MH
CUST_03381,Chennai,GJ
CUST_03382,Bangalore,TN
CUST_03383,Bangalore,KA
CUST_03384,Mumbai,TG
CUST_03385,Hyderabad,KA
CUST_03386,Mumbai,TG
CUST_03387,Kolkata,KA
CUST_03388,Kolkata,WB
CUST_03389,Delhi,KA
CUST_03390,Ahmedabad,WB
CUST_03391,Kolkata,WB
CUST_03392,Delhi,TN
CUST_03393,Chennai,MH
CUST_03394,Mumbai,TG
CUST_03395,Pune,TN
CUST_03396,Chennai,TN
CUST_03397,Kolkata,GJ
CUST_03398,Chennai,WB
CUST_03399,Chennai,WB
CUST_03400,Ahmedabad,TG
CUST_03401,Ahmedabad,KA
CUST_03402,Ahmedabad,KA
CUST_03403,Chennai,RJ
CUST_03404,Kolkata,TN
CUST_03405,Pune,RJ
CUST_03406,Hyderabad,DL
CUST_03407,Chennai,DL
CUST_03408,Delhi,RJ
CUST_03409,Kolkata,KA
CUST_03410,Chennai,DL
CUST_03411,Pune,GJ
CUST_03412,Hyderabad,KA
CUST_03413,Ahmedabad,WB
CUST_03414,Kolkata,TN
CUST_03415,Bangalore,MH
CUST_03416,Hyderabad,TN
CUST_03417,Delhi,RJ
CUST_03418,Chennai,KA
CUST_03419,Pune,RJ
CUST_03420,Bangalore,GJ
CUST_03421,Pune,KA
CUST_03422,Bangalore,TN
CUST_03423,Kolkata,GJ
CUST_03424,Bangalore,GJ
CUST_03425,Delhi,GJ
CUST_03426,Delhi,TG
CUST_03427,Mumbai,KA
CUST_03428,Delhi,DL
CUST_03429,Hyderabad,DL
CUST_03430,Bangalore,KA
CUST_03431,Delhi,KA
CUST_03432,Kolkata,TG
CUST_03433,Pune,DL
CUST_03434,Ahmedabad,KA
CUST_03435,Pune,KA
CUST_03436,Mumbai,RJ
CUST_03437,Pune,TG
CUST_03438,Bangalore,TG
CUST_03439,Mumbai,TN
CUST_03440,Bangalore,TG
CUST_03441,Kolkata,MH
CUST_03442,Mumbai,DL
CUST_03443,Chennai,TN
CUST_03444,Hyderabad,MH
CUST_03445,Hyderabad,KA
CUST_03446,Bangalore,RJ
CUST_03447,Pune,RJ
CUST_03448,Ahmedabad,KA
CUST_03449,Ahmedabad,TN
CUST_03450,Chennai,TG
CUST_03451,Mumbai,GJ
CUST_03452,Chennai,RJ
CUST_03453,Chennai,GJ
CUST_03454,Pune,KA
CUST_03455,Ahmedabad,GJ
CUST_03456,Mumbai,WB
CUST_03457,Kolkata,TN
CUST_03458,Pune,MH
CUST_03459,Chennai,TN
CUST_03460,Chennai,DL
CUST_03461,Kolkata,TG
CUST_03462,Chennai,TG
CUST_03463,Chennai,TN
CUST_03464,Chennai,KA
CUST_03465,Hyderabad,KA
CUST_03466,Pune,WB
CUST_03467,Delhi,WB
CUST_03468,Pune,TG
CUST_03469,Kolkata,WB
CUST_03470,Chennai,RJ
CUST_03471,Pune,RJ
CUST_03472,Hyderabad,MH
CUST_03473,Ahmedabad,WB
CUST_03474,Kolkata,MH
CUST_03475,Bangalore,WB
CUST_03476,Pune,TG
CUST_03477,Bangalore,TG
CUST_03478,Chennai,MH
CUST_03479,Hyderabad,TN
CUST_03480,Hyderabad,TG
CUST_03481,Pune,TN
CUST_03482,Kolkata,KA
CUST_03483,Kolkata,RJ
CUST_03484,Hyderabad,MH
CUST_03485,Kolkata,GJ
CUST_03486,Hyderabad,TG
CUST_03487,Pune,DL
CUST_03488,Delhi,KA
CUST_03489,Hyderabad,TN
CUST_03490,Bangalore,TG
CUST_03491,Kolkata,MH
CUST_03492,Hyderabad,GJ
CUST_03493,Hyderabad,WB
CUST_03494,Pune,GJ
CUST_03495,Kolkata,DL
CUST_03496,Delhi,TN
CUST_03497,Pune,KA
CUST_03498,Delhi,GJ
CUST_03499,Ahmedabad,MH
CUST_03500,Pune,DL
CUST_03501,Kolkata,MH
CUST_03502,Mumbai,TG
CUST_03503,Kolkata,WB
CUST_03504,Kolkata,KA
CUST_03505,Delhi,MH
CUST_03506,Delhi,TN
CUST_03507,Kolkata,TG
CUST_03508,Kolkata,TG
CUST_03509,Kolkata,KA
CUST_03510,Delhi,TG
CUST_03511,Kolkata,TN
CUST_03512,Kolkata,MH
CUST_03513,Ahmedabad,KA
CUST_03514,Chennai,RJ
CUST_03515,Mumbai,TG
CUST_03516,Bangalore,TG
CUST_03517,Mumbai,TN
CUST_03518,Chennai,WB
CUST_03519,Bangalore,WB
CUST_03520,Pune,GJ
CUST_03521,Kolkata,TG
CUST_03522,Chennai,RJ
CUST_03523,Ahmedabad,MH
CUST_03524,Pune,KA
CUST_03525,Kolkata,TG
CUST_03526,Delhi,DL
CUST_03527,Hyderabad,KA
CUST_03528,Chennai,GJ
CUST_03529,Delhi,WB
CUST_03530,Chennai,RJ
CUST_03531,Ahmedabad,TG
CUST_03532,Chennai,TN
CUST_03533,Delhi,DL
CUST_03534,Ahmedabad,TG
CUST_03535,Bangalore,RJ
CUST_03536,Mumbai,GJ
CUST_03537,Kolkata,MH
CUST_03538,Chennai,DL
CUST_03539,Kolkata,GJ
CUST_03540,Hyderabad,TG
CUST_03541,Delhi,MH
CUST_03542,Kolkata,DL
CUST_03543,Delhi,MH
CUST_03544,Kolkata,MH
CUST_03545,Mumbai,DL
CUST_03546,Mumbai,DL
CUST_03547,Ahmedabad,MH
CUST_03548,Mumbai,GJ
CUST_03549,Ahmedabad,RJ
CUST_03550,Mumbai,WB
CUST_03551,Mumbai,DL
CUST_03552,Mumbai,TG
CUST_03553,Delhi,KA
CUST_03554,Chennai,TN
CUST_03555,Ahmedabad,MH
CUST_03556,Kolkata,MH
CUST_03557,Mumbai,TN
CUST_03558,Delhi,WB
CUST_03559,Delhi,TN
CUST_03560,Delhi,DL
CUST_03561,Ahmedabad,TN
CUST_03562,Chennai,MH
CUST_03563,Ahmedabad,TN
CUST_03564,Kolkata,KA
CUST_03565,Chennai,TG
CUST_03566,Bangalore,DL
CUST_03567,Pune,TN
CUST_03568,Delhi,MH
CUST_03569,Ahmedabad,GJ
CUST_03570,Bangalore,TG
CUST_03571,Hyderabad,DL
CUST_03572,Ahmedabad,MH
CUST_03573,Mumbai,WB
CUST_03574,Pune,KA
CUST_03575,Mumbai,RJ
CUST_03576,Chennai,WB
CUST_03577,Pune,RJ
CUST_03578,Ahmedabad,KA
CUST_03579,Kolkata,TN
CUST_03580,Bangalore,DL
CUST_03581,Kolkata,TN
CUST_03582,Ahmedabad,KA
CUST_03583,Chennai,KA
CUST_03584,Mumbai,KA
CUST_03585,Pune,RJ
CUST_03586,Kolkata,TG
CUST_03587,Ahmedabad,MH
CUST_03588,Kolkata,DL
CUST_03589,Ahmedabad,TN
CUST_03590,Mumbai,TN
CUST_03591,Pune,WB
CUST_03592,Bangalore,RJ
CUST_03593,Mumbai,KA
CUST_03594,Kolkata,GJ
CUST_03595,Bangalore,KA
CUST_03596,Ahmedabad,KA
CUST_03597,Bangalore,GJ
CUST_03598,Ahmedabad,TN
CUST_03599,Mumbai,WB
CUST_03600,Kolkata,MH
CUST_03601,Chennai,GJ
CUST_03602,Kolkata,RJ
CUST_03603,Ahmedabad,TG
CUST_03604,Delhi,DL
CUST_03605,Pune,RJ
CUST_03606,Hyderabad,GJ
CUST_03607,Chennai,MH
CUST_03608,Bangalore,TN
CUST_03609,Chennai,TG
CUST_03610,Pune,TG
CUST_03611,Bangalore,TG
CUST_03612,Pune,KA
CUST_03613,Bangalore,DL
CUST_03614,Chennai,TN
CUST_03615,Bangalore,TN
CUST_03616,Bangalore,TG
CUST_03617,Delhi,TN
CUST_03618,Kolkata,DL
CUST_03619,Kolkata,DL
CUST_03620,Hyderabad,WB
CUST_03621,Hyderabad,GJ
CUST_03622,Ahmedabad,GJ
CUST_03623,Ahmedabad,WB
CUST_03624,Ahmedabad,MH
CUST_03625,Delhi,GJ
CUST_03626,Hyderabad,DL
CUST_03627,Pune,DL
CUST_03628,Ahmedabad,GJ
CUST_03629,Ahmedabad,DL
CUST_03630,Chennai,WB
CUST_03631,Mumbai,TG
CUST_03632,Pune,TG
CUST_03633,Ahmedabad,TN
CUST_03634,Ahmedabad,RJ
CUST_03635,Ahmedabad,RJ
CUST_03636,Mumbai,TG
CUST_03637,Mumbai,KA
CUST_03638,Delhi,WB
CUST_03639,Pune,DL
CUST_03640,Delhi,GJ
CUST_03641,Bangalore,TG
CUST_03642,Mumbai,WB
CUST_03643,Chennai,TG
CUST_03644,Hyderabad,MH
CUST_03645,Chennai,DL
CUST_03646,Hyderabad,MH
CUST_03647,Mumbai,DL
CUST_03648,Mumbai,WB
CUST_03649,Mumbai,TN
CUST_03650,Delhi,TG
CUST_03651,Pune,TG
CUST_03652,Hyderabad,KA
CUST_03653,Pune,GJ
CUST_03654,Delhi,MH
CUST_03655,Delhi,TG
CUST_03656,Kolkata,WB
CUST_03657,Chennai,TN
CUST_03658,Chennai,GJ
CUST_03659,Bangalore,WB
CUST_03660,Ahmedabad,MH
CUST_03661,Delhi,KA
CUST_03662,Hyderabad,TG
CUST_03663,Kolkata,WB
CUST_03664,Kolkata,GJ
CUST_03665,Ahmedabad,DL
CUST_03666,Pune,TN
CUST_03667,Ahmedabad,GJ
CUST_03668,Ahmedabad,WB
CUST_03669,Ahmedabad,TN
CUST_03670,Chennai,TG
CUST_03671,Delhi,DL
CUST_03672,Bangalore,KA
CUST_03673,Delhi,GJ
CUST_03674,Pune,KA
CUST_03675,Mumbai,DL
CUST_03676,Ahmedabad,TN
CUST_03677,Delhi,TG
CUST_03678,Pune,WB
CUST_03679,Mumbai,DL
CUST_03680,Mumbai,MH
CUST_03681,Ahmedabad,TN
CUST_03682,Bangalore,KA
CUST_03683,Hyderabad,GJ
CUST_03684,Chennai,DL
CUST_03685,Delhi,KA
CUST_03686,Mumbai,TN
CUST_03687,Delhi,KA
CUST_03688,Hyderabad,DL
CUST_03689,Chennai,TN
CUST_03690,Hyderabad,MH
CUST_03691,Chennai,DL
CUST_03692,Kolkata,WB
CUST_03693,Chennai,RJ
CUST_03694,Ahmedabad,TG
CUST_03695,Bangalore,DL
CUST_03696,Hyderabad,TN
CUST_03697,Mumbai,GJ
CUST_03698,Ahmedabad,TG
CUST_03699,Kolkata,DL
CUST_03700,Bangalore,MH
CUST_03701,Delhi,GJ
CUST_03702,Ahmedabad,MH
CUST_03703,Hyderabad,WB
CUST_03704,Pune,GJ
CUST_03705,Pune,KA
CUST_03706,Mumbai,RJ
CUST_03707,Chennai,GJ
CUST_03708,Mumbai,TG
CUST_03709,Pune,GJ
CUST_03710,Delhi,TN
CUST_03711,Kolkata,RJ
CUST_03712,Kolkata,TN
CUST_03713,Hyderabad,KA
CUST_03714,Kolkata,GJ
CUST_03715,Hyderabad,MH
CUST_03716,Ahmedabad,MH
CUST_03717,Hyderabad,DL
CUST_03718,Ahmedabad,WB
CUST_03719,Hyderabad,TG
CUST_03720,Pune,RJ
CUST_03721,Pune,WB
CUST_03722,Chennai,GJ
CUST_03723,Ahmedabad,WB
CUST_03724,Bangalore,DL
CUST_03725,Ahmedabad,WB
CUST_03726,Hyderabad,RJ
CUST_03727,Hyderabad,KA
CUST_03728,Bangalore,DL
CUST_03729,Mumbai,KA
CUST_03730,Hyderabad,GJ
CUST_03731,Chennai,DL
CUST_03732,Kolkata,GJ
CUST_03733,Kolkata,GJ
CUST_03734,Delhi,WB
CUST_03735,Delhi,KA
CUST_03736,Kolkata,GJ
CUST_03737,Kolkata,KA
CUST_03738,Pune,KA
CUST_03739,Chennai,DL
CUST_03740,Bangalore,TN
CUST_03741,Delhi,WB
CUST_03742,Pune,GJ
CUST_03743,Pune,KA
CUST_03744,Bangalore,TG
CUST_03745,Pune,TN
CUST_03746,Ahmedabad,GJ
CUST_03747,Chennai,TG
CUST_03748,Kolkata,WB
CUST_03749,Hyderabad,WB
CUST_03750,Bangalore,KA
CUST_03751,Kolkata,KA
CUST_03752,Kolkata,RJ
CUST_03753,Mumbai,RJ
CUST_03754,Ahmedabad,GJ
CUST_03755,Bangalore,DL
CUST_03756,Pune,TN
CUST_03757,Hyderabad,GJ
CUST_03758,Bangalore,TN
CUST_03759,Pune,KA
CUST_03760,Kolkata,WB
CUST_03761,Hyderabad,KA
CUST_03762,Pune,WB
CUST_03763,Chennai,RJ
CUST_03764,Pune,GJ
CUST_03765,Mumbai,RJ
CUST_03766,Ahmedabad,WB
CUST_03767,Kolkata,KA
CUST_03768,Pune,RJ
CUST_03769,Ahmedabad,MH
CUST_03770,Delhi,TN
CUST_03771,Delhi,TG
CUST_03772,Ahmedabad,WB
CUST_03773,Ahmedabad,WB
CUST_03774,Mumbai,MH
CUST_03775,Chennai,GJ
CUST_03776,Kolkata,GJ
CUST_03777,Bangalore,GJ
CUST_03778,Mumbai,TG
CUST_03779,Chennai,DL
CUST_03780,Ahmedabad,MH
CUST_03781,Bangalore,TG
CUST_03782,Ahmedabad,RJ
CUST_03783,Ahmedabad,MH
CUST_03784,Delhi,WB
CUST_03785,Delhi,TN
CUST_03786,Bangalore,MH
CUST_03787,Mumbai,DL
CUST_03788,Delhi,KA
CUST_03789,Kolkata,RJ
CUST_03790,Ahmedabad,TG
CUST_03791,Hyderabad,RJ
CUST_03792,Pune,RJ
CUST_03793,Bangalore,MH
CUST_03794,Bangalore,MH
CUST_03795,Delhi,DL
CUST_03796,Mumbai,TN
CUST_03797,Ahmedabad,MH
CUST_03798,Kolkata,MH
CUST_03799,Mumbai,TN
CUST_03800,Chennai,DL
CUST_03801,Chennai,TG
CUST_03802,Hyderabad,RJ
CUST_03803,Delhi,TG
CUST_03804,Delhi,MH
CUST_03805,Delhi,TN
CUST_03806,Hyderabad,MH
CUST_03807,Chennai,GJ
CUST_03808,Mumbai,KA
CUST_03809,Hyderabad,TG
CUST_03810,Hyderabad,GJ
CUST_03811,Mumbai,WB
CUST_03812,Delhi,KA
CUST_03813,Kolkata,MH
CUST_03814,Mumbai,DL
CUST_03815,Chennai,TG
CUST_03816,Bangalore,WB
CUST_03817,Ahmedabad,KA
CUST_03818,Bangalore,TG
CUST_03819,Pune,TN
CUST_03820,Pune,DL
CUST_03821,Hyderabad,KA
CUST_03822,Ahmedabad,TN
CUST_03823,Bangalore,GJ
CUST_03824,Kolkata,MH
CUST_03825,Delhi,TN
CUST_03826,Chennai,KA
CUST_03827,Pune,RJ
CUST_03828,Kolkata,KA
CUST_03829,Chennai,RJ
CUST_03830,Chennai,GJ
CUST_03831,Delhi,MH
CUST_03832,Ahmedabad,RJ
CUST_03833,Hyderabad,RJ
CUST_03834,Bangalore,TN
CUST_03835,Delhi,TN
CUST_03836,Kolkata,MH
CUST_03837,Hyderabad,TN
CUST_03838,Kolkata,TG
CUST_03839,Hyderabad,MH
CUST_03840,Ahmedabad,DL
CUST_03841,Pune,RJ
CUST_03842,Kolkata,KA
CUST_03843,Delhi,DL
CUST_03844,Hyderabad,RJ
CUST_03845,Hyderabad,TG
CUST_03846,Chennai,RJ
CUST_03847,Chennai,RJ
CUST_03848,Mumbai,RJ
CUST_03849,Kolkata,GJ
CUST_03850,Chennai,TG
CUST_03851,Mumbai,WB
CUST_03852,Pune,WB
CUST_03853,Pune,WB
CUST_03854,Chennai,MH
CUST_03855,Kolkata,TN
CUST_03856,Hyderabad,TG
CUST_03857,Bangalore,DL
CUST_03858,Ahmedabad,GJ
CUST_03859,Kolkata,DL
CUST_03860,Ahmedabad,DL
CUST_03861,Delhi,DL
CUST_03862,Pune,GJ
CUST_03863,Chennai,WB
CUST_03864,Chennai,DL
CUST_03865,Ahmedabad,GJ
CUST_03866,Hyderabad,GJ
CUST_03867,Ahmedabad,TN
CUST_03868,Delhi,GJ
CUST_03869,Hyderabad,WB
CUST_03870,Delhi,DL
CUST_03871,Bangalore,GJ
CUST_03872,Pune,MH
CUST_03873,Chennai,GJ
CUST_03874,Chennai,KA
CUST_03875,Bangalore,KA
CUST_03876,Mumbai,KA
CUST_03877,Pune,GJ
CUST_03878,Hyderabad,WB
CUST_03879,Bangalore,DL
CUST_03880,Hyderabad,TG
CUST_03881,Ahmedabad,TG
CUST_03882,Kolkata,TG
CUST_03883,Chennai,WB
CUST_03884,Hyderabad,TN
CUST_03885,Delhi,RJ
CUST_03886,Hyderabad,MH
CUST_03887,Kolkata,MH
CUST_03888,Pune,KA
CUST_03889,Chennai,KA
CUST_03890,Ahmedabad,GJ
CUST_03891,Bangalore,TG
CUST_03892,Ahmedabad,GJ
CUST_03893,Kolkata,RJ
CUST_03894,Chennai,TG
CUST_03895,Hyderabad,KA
CUST_03896,Pune,DL
CUST_03897,Mumbai,TN
CUST_03898,Pune,GJ
CUST_03899,Mumbai,TN
CUST_03900,Delhi,TN
CUST_03901,Pune,TN
CUST_03902,Chennai,KA
CUST_03903,Mumbai,MH
CUST_03904,Bangalore,KA
CUST_03905,Chennai,TN
CUST_03906,Bangalore,KA
CUST_03907,Pune,TN
CUST_03908,Bangalore,WB
CUST_03909,Mumbai,TG
CUST_03910,Chennai,MH
CUST_03911,Hyderabad,WB
CUST_03912,Kolkata,DL
CUST_03913,Mumbai,KA
CUST_03914,Mumbai,DL
CUST_03915,Hyderabad,GJ
CUST_03916,Chennai,KA
CUST_03917,Chennai,RJ
CUST_03918,Ahmedabad,RJ
CUST_03919,Pune,TG
CUST_03920,Bangalore,WB
CUST_03921,Pune,TG
CUST_03922,Hyderabad,GJ
CUST_03923,Pune,TN
CUST_03924,Hyderabad,TG
CUST_03925,Chennai,TG
CUST_03926,Bangalore,RJ
CUST_03927,Pune,TN
CUST_03928,Mumbai,RJ
CUST_03929,Delhi,KA
CUST_03930,Ahmedabad,TN
CUST_03931,Kolkata,WB
CUST_03932,Mumbai,TG
CUST_03933,Chennai,RJ
CUST_03934,Kolkata,TN
CUST_03935,Delhi,GJ
CUST_03936,Delhi,GJ
CUST_03937,Bangalore,TG
CUST_03938,Kolkata,WB
CUST_03939,Bangalore,DL
CUST_03940,Mumbai,RJ
CUST_03941,Hyderabad,WB
CUST_03942,Hyderabad,MH
CUST_03943,Hyderabad,MH
CUST_03944,Kolkata,MH
CUST_03945,Hyderabad,TG
CUST_03946,Mumbai,GJ
CUST_03947,Bangalore,KA
CUST_03948,Kolkata,RJ
CUST_03949,Bangalore,GJ
CUST_03950,Kolkata,KA
CUST_03951,Bangalore,KA
CUST_03952,Delhi,GJ
CUST_03953,Bangalore,RJ
CUST_03954,Hyderabad,TG
CUST_03955,Delhi,WB
CUST_03956,Bangalore,KA
CUST_03957,Kolkata,DL
CUST_03958,Kolkata,GJ
CUST_03959,Ahmedabad,GJ
CUST_03960,Kolkata,MH
CUST_03961,Chennai,WB
CUST_03962,Mumbai,MH
CUST_03963,Kolkata,GJ
CUST_03964,Delhi,GJ
CUST_03965,Ahmedabad,KA
CUST_03966,Kolkata,WB
CUST_03967,Chennai,TN
CUST_03968,Hyderabad,DL
CUST_03969,Delhi,RJ
CUST_03970,Chennai,KA
CUST_03971,Hyderabad,GJ
CUST_03972,Pune,RJ
CUST_03973,Pune,KA
CUST_03974,Delhi,DL
CUST_03975,Bangalore,GJ
CUST_03976,Mumbai,DL
CUST_03977,Ahmedabad,RJ
CUST_03978,Mumbai,TN
CUST_03979,Chennai,KA
CUST_03980,Hyderabad,TG
CUST_03981,Mumbai,KA
CUST_03982,Hyderabad,MH
CUST_03983,Hyderabad,WB
CUST_03984,Chennai,WB
CUST_03985,Chennai,MH
CUST_03986,Chennai,GJ
CUST_03987,Mumbai,WB
CUST_03988,Pune,DL
CUST_03989,Chennai,RJ
CUST_03990,Ahmedabad,RJ
CUST_03991,Mumbai,WB
CUST_03992,Chennai,WB
CUST_03993,Kolkata,MH
CUST_03994,Hyderabad,GJ
CUST_03995,Ahmedabad,TN
CUST_03996,Chennai,WB
CUST_03997,Delhi,TG
CUST_03998,Hyderabad,WB
CUST_03999,Hyderabad,TN
CUST_04000,Chennai,MH
CUST_04001,Pune,TN
CUST_04002,Bangalore,MH
CUST_04003,Pune,DL
CUST_04004,Chennai,MH
CUST_04005,Hyderabad,DL
CUST_04006,Ahmedabad,DL
CUST_04007,Delhi,MH
CUST_04008,Ahmedabad,TG
CUST_04009,Ahmedabad,KA
CUST_04010,Hyderabad,MH
CUST_04011,Pune,WB
CUST_04012,Delhi,TG
CUST_04013,Mumbai,TG
CUST_04014,Kolkata,WB
CUST_04015,Hyderabad,KA
CUST_04016,Chennai,TG
CUST_04017,Mumbai,DL
CUST_04018,Kolkata,RJ
CUST_04019,Chennai,KA
CUST_04020,Ahmedabad,GJ
CUST_04021,Bangalore,WB
CUST_04022,Chennai,KA
CUST_04023,Delhi,MH
CUST_04024,Delhi,RJ
CUST_04025,Bangalore,KA
CUST_04026,Mumbai,DL
CUST_04027,Kolkata,RJ
CUST_04028,Chennai,MH
CUST_04029,Delhi,TN
CUST_04030,Mumbai,WB
CUST_04031,Bangalore,RJ
CUST_04032,Pune,WB
CUST_04033,Hyderabad,KA
CUST_04034,Pune,TG
CUST_04035,Pune,MH
CUST_04036,Delhi,TN
CUST_04037,Ahmedabad,MH
CUST_04038,Ahmedabad,WB
CUST_04039,Bangalore,MH
CUST_04040,Chennai,TN
CUST_04041,Ahmedabad,TG
CUST_04042,Pune,KA
CUST_04043,Ahmedabad,DL
CUST_04044,Pune,MH
CUST_04045,Kolkata,RJ
CUST_04046,Delhi,DL
CUST_04047,Delhi,WB
CUST_04048,Chennai,KA
CUST_04049,Ahmedabad,GJ
CUST_04050,Ahmedabad,KA
CUST_04051,Hyderabad,MH
CUST_04052,Mumbai,RJ
CUST_04053,Kolkata,TG
CUST_04054,Delhi,KA
CUST_04055,Kolkata,MH
CUST_04056,Delhi,MH
CUST_04057,Kolkata,DL
CUST_04058,Bangalore,KA
CUST_04059,Pune,MH
CUST_04060,Delhi,DL
CUST_04061,Kolkata,RJ
CUST_04062,Ahmedabad,TN
CUST_04063,Mumbai,RJ
CUST_04064,Bangalore,GJ
CUST_04065,Bangalore,DL
CUST_04066,Mumbai,DL
CUST_04067,Kolkata,MH
CUST_04068,Ahmedabad,WB
CUST_04069,Chennai,WB
CUST_04070,Mumbai,TG
CUST_04071,Kolkata,WB
CUST_04072,Mumbai,DL
CUST_04073,Mumbai,TG
CUST_04074,Delhi,RJ
CUST_04075,Kolkata,MH
CUST_04076,Chennai,RJ
CUST_04077,Pune,KA
CUST_04078,Delhi,GJ
CUST_04079,Mumbai,GJ
CUST_04080,Pune,DL
CUST_04081,Hyderabad,DL
CUST_04082,Pune,TG
CUST_04083,Mumbai,MH
CUST_04084,Mumbai,TN
CUST_04085,Ahmedabad,DL
CUST_04086,Kolkata,TN
CUST_04087,Kolkata,RJ
CUST_04088,Delhi,TN
CUST_04089,Chennai,WB
CUST_04090,Delhi,MH
CUST_04091,Bangalore,GJ
CUST_04092,Mumbai,GJ
CUST_04093,Pune,TN
CUST_04094,Hyderabad,GJ
CUST_04095,Mumbai,RJ
CUST_04096,Mumbai,MH
CUST_04097,Delhi,WB
CUST_04098,Hyderabad,MH
CUST_04099,Hyderabad,DL
CUST_04100,Hyderabad,TN
CUST_04101,Delhi,MH
CUST_04102,Mumbai,RJ
CUST_04103,Delhi,GJ
CUST_04104,Kolkata,KA
CUST_04105,Kolkata,MH
CUST_04106,Delhi,TN
CUST_04107,Hyderabad,WB
CUST_04108,Ahmedabad,GJ
CUST_04109,Mumbai,WB
CUST_04110,Delhi,TN
CUST_04111,Delhi,GJ
CUST_04112,Delhi,DL
CUST_04113,Ahmedabad,GJ
CUST_04114,Ahmedabad,DL
CUST_04115,Bangalore,WB
CUST_04116,Kolkata,WB
CUST_04117,Pune,TN
CUST_04118,Hyderabad,DL
CUST_04119,Chennai,WB
CUST_04120,Ahmedabad,DL
CUST_04121,Pune,WB
CUST_04122,Ahmedabad,GJ
CUST_04123,Hyderabad,MH
CUST_04124,Chennai,RJ
CUST_04125,Bangalore,KA
CUST_04126,Delhi,RJ
CUST_04127,Bangalore,GJ
CUST_04128,Ahmedabad,TG
CUST_04129,Bangalore,RJ
CUST_04130,Pune,MH
CUST_04131,Mumbai,TG
CUST_04132,Ahmedabad,WB
CUST_04133,Ahmedabad,KA
CUST_04134,Pune,KA
CUST_04135,Kolkata,WB
CUST_04136,Chennai,WB
CUST_04137,Delhi,DL
CUST_04138,Pune,WB
CUST_04139,Chennai,TN
CUST_04140,Hyderabad,RJ
CUST_04141,Chennai,WB
CUST_04142,Hyderabad,TN
CUST_04143,Pune,WB
CUST_04144,Ahmedabad,DL
CUST_04145,Ahmedabad,TN
CUST_04146,Kolkata,RJ
CUST_04147,Pune,MH
CUST_04148,Hyderabad,TN
CUST_04149,Chennai,GJ
CUST_04150,Chennai,DL
CUST_04151,Hyderabad,TG
CUST_04152,Bangalore,RJ
CUST_04153,Kolkata,TN
CUST_04154,Mumbai,GJ
CUST_04155,Ahmedabad,GJ
CUST_04156,Delhi,RJ
CUST_04157,Chennai,RJ
CUST_04158,Delhi,GJ
CUST_04159,Mumbai,WB
CUST_04160,Pune,GJ
CUST_04161,Delhi,WB
CUST_04162,Mumbai,TG
CUST_04163,Ahmedabad,DL
CUST_04164,Hyderabad,KA
CUST_04165,Bangalore,WB
CUST_04166,Ahmedabad,GJ
CUST_04167,Chennai,GJ
CUST_04168,Mumbai,MH
CUST_04169,Delhi,GJ
CUST_04170,Chennai,DL
CUST_04171,Bangalore,TN
CUST_04172,Hyderabad,TN
CUST_04173,Pune,GJ
CUST_04174,Chennai,MH
CUST_04175,Pune,WB
CUST_04176,Mumbai,DL
CUST_04177,Bangalore,MH
CUST_04178,Delhi,WB
CUST_04179,Bangalore,DL
CUST_04180,Bangalore,GJ
CUST_04181,Kolkata,TN
CUST_04182,Bangalore,DL
CUST_04183,Bangalore,GJ
CUST_04184,Ahmedabad,TG
CUST_04185,Chennai,KA
CUST_04186,Delhi,DL
CUST_04187,Ahmedabad,KA
CUST_04188,Ahmedabad,DL
CUST_04189,Chennai,KA
CUST_04190,Chennai,TG
CUST_04191,Mumbai,TN
CUST_04192,Chennai,RJ
CUST_04193,Kolkata,WB
CUST_04194,Kolkata,KA
CUST_04195,Ahmedabad,TG
CUST_04196,Pune,KA
CUST_04197,Mumbai,TN
CUST_04198,Pune,KA
CUST_04199,Pune,TG
CUST_04200,Ahmedabad,GJ
CUST_04201,Hyderabad,TG
CUST_04202,Ahmedabad,RJ
CUST_04203,Delhi,RJ
CUST_04204,Delhi,RJ
CUST_04205,Chennai,MH
CUST_04206,Chennai,TN
CUST_04207,Hyderabad,GJ
CUST_04208,Chennai,MH
CUST_04209,Delhi,TN
CUST_04210,Pune,GJ
CUST_04211,Ahmedabad,KA
CUST_04212,Bangalore,GJ
CUST_04213,Kolkata,TG
CUST_04214,Bangalore,MH
CUST_04215,Bangalore,KA
CUST_04216,Delhi,TG
CUST_04217,Bangalore,TN
CUST_04218,Ahmedabad,GJ
CUST_04219,Hyderabad,TG
CUST_04220,Mumbai,KA
CUST_04221,Chennai,MH
CUST_04222,Mumbai,MH
CUST_04223,Pune,RJ
CUST_04224,Ahmedabad,GJ
CUST_04225,Ahmedabad,TG
CUST_04226,Kolkata,RJ
CUST_04227,Ahmedabad,KA
CUST_04228,Chennai,RJ
CUST_04229,Ahmedabad,DL
CUST_04230,Bangalore,TN
CUST_04231,Kolkata,RJ
CUST_04232,Chennai,TN
CUST_04233,Hyderabad,KA
CUST_04234,Hyderabad,DL
CUST_04235,Hyderabad,MH
CUST_04236,Hyderabad,GJ
CUST_04237,Bangalore,WB
CUST_04238,Ahmedabad,WB
CUST_04239,Mumbai,GJ
CUST_04240,Chennai,KA
CUST_04241,Bangalore,DL
CUST_04242,Hyderabad,DL
CUST_04243,Pune,TN
CUST_04244,Ahmedabad,MH
CUST_04245,Mumbai,TG
CUST_04246,Pune,RJ
CUST_04247,Kolkata,DL
CUST_04248,Pune,GJ
CUST_04249,Kolkata,TG
CUST_04250,Kolkata,WB
CUST_04251,Hyderabad,TG
CUST_04252,Kolkata,MH
CUST_04253,Delhi,GJ
CUST_04254,Chennai,MH
CUST_04255,Chennai,TG
CUST_04256,Hyderabad,RJ
CUST_04257,Delhi,KA
CUST_04258,Pune,DL
CUST_04259,Bangalore,GJ
CUST_04260,Pune,KA
CUST_04261,Ahmedabad,TG
CUST_04262,Bangalore,DL
CUST_04263,Kolkata,TN
CUST_04264,Mumbai,KA
CUST_04265,Bangalore,KA
CUST_04266,Mumbai,TG
CUST_04267,Chennai,WB
CUST_04268,Mumbai,TG
CUST_04269,Chennai,KA
CUST_04270,Delhi,DL
CUST_04271,Delhi,RJ
CUST_04272,Hyderabad,WB
CUST_04273,Hyderabad,TG
CUST_04274,Kolkata,RJ
CUST_04275,Bangalore,GJ
CUST_04276,Kolkata,TG
CUST_04277,Chennai,KA
CUST_04278,Kolkata,RJ
CUST_04279,Mumbai,KA
CUST_04280,Chennai,TN
CUST_04281,Hyderabad,RJ
CUST_04282,Delhi,RJ
CUST_04283,Hyderabad,TG
CUST_04284,Bangalore,KA
CUST_04285,Chennai,GJ
CUST_04286,Chennai,MH
CUST_04287,Mumbai,WB
CUST_04288,Bangalore,MH
CUST_04289,Delhi,WB
CUST_04290,Pune,GJ
CUST_04291,Chennai,RJ
CUST_04292,Chennai,RJ
CUST_04293,Mumbai,TG
CUST_04294,Kolkata,TN
CUST_04295,Ahmedabad,KA
CUST_04296,Delhi,KA
CUST_04297,Hyderabad,KA
CUST_04298,Bangalore,TG
CUST_04299,Chennai,WB
CUST_04300,Chennai,RJ
CUST_04301,Hyderabad,GJ
CUST_04302,Delhi,KA
CUST_04303,Ahmedabad,MH
CUST_04304,Kolkata,KA
CUST_04305,Chennai,RJ
CUST_04306,Ahmedabad,TG
CUST_04307,Delhi,GJ
CUST_04308,Hyderabad,TN
CUST_04309,Mumbai,GJ
CUST_04310,Kolkata,MH
CUST_04311,Bangalore,KA
CUST_04312,Chennai,KA
CUST_04313,Delhi,DL
CUST_04314,Mumbai,WB
CUST_04315,Bangalore,MH
CUST_04316,Pune,DL
CUST_04317,Delhi,GJ
CUST_04318,Delhi,TN
CUST_04319,Bangalore,WB
CUST_04320,Mumbai,MH
CUST_04321,Pune,KA
CUST_04322,Ahmedabad,GJ
CUST_04323,Ahmedabad,MH
CUST_04324,Hyderabad,KA
CUST_04325,Mumbai,RJ
CUST_04326,Kolkata,WB
CUST_04327,Chennai,RJ
CUST_04328,Bangalore,RJ
CUST_04329,Hyderabad,KA
CUST_04330,Pune,TN
CUST_04331,Bangalore,GJ
CUST_04332,Bangalore,TG
CUST_04333,Mumbai,KA
CUST_04334,Chennai,TN
CUST_04335,Kolkata,TG
CUST_04336,Ahmedabad,GJ
CUST_04337,Delhi,RJ
CUST_04338,Delhi,WB
CUST_04339,Bangalore,WB
CUST_04340,Ahmedabad,GJ
CUST_04341,Ahmedabad,GJ
CUST_04342,Chennai,MH
CUST_04343,Pune,TN
CUST_04344,Pune,RJ
CUST_04345,Hyderabad,TN
CUST_04346,Mumbai,GJ
CUST_04347,Chennai,DL
CUST_04348,Chennai,DL
CUST_04349,Mumbai,TG
CUST_04350,Ahmedabad,TG
CUST_04351,Pune,DL
CUST_04352,Pune,GJ
CUST_04353,Ahmedabad,GJ
CUST_04354,Pune,TG
CUST_04355,Bangalore,KA
CUST_04356,Chennai,GJ
CUST_04357,Delhi,DL
CUST_04358,Mumbai,TN
CUST_04359,Pune,GJ
CUST_04360,Hyderabad,RJ
CUST_04361,Pune,GJ
CUST_04362,Pune,KA
CUST_04363,Kolkata,TG
CUST_04364,Bangalore,GJ
CUST_04365,Mumbai,WB
CUST_04366,Kolkata,MH
CUST_04367,Kolkata,DL
CUST_04368,Hyderabad,RJ
CUST_04369,Chennai,RJ
CUST_04370,Hyderabad,RJ
CUST_04371,Chennai,WB
CUST_04372,Chennai,RJ
CUST_04373,Mumbai,RJ
CUST_04374,Pune,TG
CUST_04375,Mumbai,TN
CUST_04376,Bangalore,MH
CUST_04377,Chennai,WB
CUST_04378,Kolkata,MH
CUST_04379,Pune,DL
CUST_04380,Delhi,TG
CUST_04381,Bangalore,GJ
CUST_04382,Mumbai,TN
CUST_04383,Hyderabad,TG
CUST_04384,Bangalore,MH
CUST_04385,Bangalore,WB
CUST_04386,Pune,DL
CUST_04387,Bangalore,DL
CUST_04388,Bangalore,TG
CUST_04389,Delhi,GJ
CUST_04390,Ahmedabad,WB
CUST_04391,Hyderabad,GJ
CUST_04392,Hyderabad,GJ
CUST_04393,Hyderabad,RJ
CUST_04394,Chennai,WB
CUST_04395,Kolkata,MH
CUST_04396,Ahmedabad,TG
CUST_04397,Hyderabad,TG
CUST_04398,Bangalore,RJ
CUST_04399,Bangalore,KA
CUST_04400,Hyderabad,TG
CUST_04401,Pune,DL
CUST_04402,Hyderabad,MH
CUST_04403,Bangalore,WB
CUST_04404,Chennai,TG
CUST_04405,Mumbai,MH
CUST_04406,Mumbai,RJ
CUST_04407,Ahmedabad,TG
CUST_04408,Ahmedabad,WB
CUST_04409,Hyderabad,TN
CUST_04410,Delhi,WB
CUST_04411,Hyderabad,WB
CUST_04412,Pune,WB
CUST_04413,Hyderabad,TG
CUST_04414,Ahmedabad,KA
CUST_04415,Mumbai,WB
CUST_04416,Bangalore,RJ
CUST_04417,Hyderabad,DL
CUST_04418,Bangalore,DL
CUST_04419,Bangalore,RJ
CUST_04420,Delhi,MH
CUST_04421,Bangalore,KA
CUST_04422,Mumbai,MH
CUST_04423,Chennai,RJ
CUST_04424,Chennai,DL
CUST_04425,Kolkata,GJ
CUST_04426,Pune,DL
CUST_04427,Hyderabad,TN
CUST_04428,Pune,WB
CUST_04429,Mumbai,GJ
CUST_04430,Bangalore,DL
CUST_04431,Chennai,TG
CUST_04432,Pune,TG
CUST_04433,Mumbai,MH
CUST_04434,Chennai,GJ
CUST_04435,Bangalore,MH
CUST_04436,Pune,WB
CUST_04437,Chennai,WB
CUST_04438,Hyderabad,TN
CUST_04439,Ahmedabad,RJ
CUST_04440,Hyderabad,RJ
CUST_04441,Kolkata,KA
CUST_04442,Kolkata,MH
CUST_04443,Chennai,WB
CUST_04444,Ahmedabad,RJ
CUST_04445,Mumbai,MH
CUST_04446,Hyderabad,WB
CUST_04447,Mumbai,DL
CUST_04448,Ahmedabad,MH
CUST_04449,Mumbai,DL
CUST_04450,Ahmedabad,MH
CUST_04451,Chennai,KA
CUST_04452,Mumbai,TN
CUST_04453,Hyderabad,TG
CUST_04454,Bangalore,RJ
CUST_04455,Kolkata,TG
CUST_04456,Bangalore,TG
CUST_04457,Mumbai,DL
CUST_04458,Bangalore,GJ
CUST_04459,Hyderabad,WB
CUST_04460,Hyderabad,TG
CUST_04461,Mumbai,KA
CUST_04462,Chennai,TG
CUST_04463,Bangalore,MH
CUST_04464,Chennai,DL
CUST_04465,Chennai,GJ
CUST_04466,Ahmedabad,MH
CUST_04467,Delhi,GJ
CUST_04468,Mumbai,MH
CUST_04469,Kolkata,MH
CUST_04470,Hyderabad,RJ
CUST_04471,Hyderabad,TN
CUST_04472,Mumbai,TN
CUST_04473,Ahmedabad,WB
CUST_04474,Pune,DL
CUST_04475,Pune,KA
CUST_04476,Pune,KA
CUST_04477,Ahmedabad,KA
CUST_04478,Kolkata,RJ
CUST_04479,Hyderabad,MH
CUST_04480,Mumbai,TN
CUST_04481,Ahmedabad,DL
CUST_04482,Hyderabad,MH
CUST_04483,Chennai,GJ
CUST_04484,Bangalore,TN
CUST_04485,Bangalore,TN
CUST_04486,Ahmedabad,TG
CUST_04487,Hyderabad,TG
CUST_04488,Delhi,RJ
CUST_04489,Kolkata,DL
CUST_04490,Pune,GJ
CUST_04491,Kolkata,DL
CUST_04492,Kolkata,DL
CUST_04493,Ahmedabad,RJ
CUST_04494,Chennai,RJ
CUST_04495,Kolkata,MH
CUST_04496,Bangalore,WB
CUST_04497,Chennai,RJ
CUST_04498,Mumbai,DL
CUST_04499,Kolkata,TG
CUST_04500,Kolkata,WB
CUST_04501,Mumbai,MH
CUST_04502,Kolkata,WB
CUST_04503,Mumbai,KA
CUST_04504,Chennai,GJ
CUST_04505,Bangalore,WB
CUST_04506,Mumbai,DL
CUST_04507,Delhi,MH
CUST_04508,Ahmedabad,GJ
CUST_04509,Ahmedabad,DL
CUST_04510,Mumbai,GJ
CUST_04511,Ahmedabad,TG
CUST_04512,Kolkata,KA
CUST_04513,Pune,TG
CUST_04514,Pune,DL
CUST_04515,Ahmedabad,DL
CUST_04516,Chennai,DL
CUST_04517,Hyderabad,TN
CUST_04518,Chennai,KA
CUST_04519,Hyderabad,GJ
CUST_04520,Pune,RJ
CUST_04521,Pune,DL
CUST_04522,Mumbai,DL
CUST_04523,Bangalore,GJ
CUST_04524,Delhi,RJ
CUST_04525,Chennai,TG
CUST_04526,Kolkata,TG
CUST_04527,Hyderabad,DL
CUST_04528,Ahmedabad,MH
CUST_04529,Kolkata,TN
CUST_04530,Bangalore,TG
CUST_04531,Hyderabad,MH
CUST_04532,Chennai,TN
CUST_04533,Mumbai,DL
CUST_04534,Kolkata,KA
CUST_04535,Bangalore,WB
CUST_04536,Chennai,WB
CUST_04537,Pune,DL
CUST_04538,Pune,TG
CUST_04539,Chennai,MH
CUST_04540,Chennai,KA
CUST_04541,Chennai,GJ
CUST_04542,Hyderabad,TN
CUST_04543,Chennai,DL
CUST_04544,Kolkata,KA
CUST_04545,Bangalore,RJ
CUST_04546,Hyderabad,KA
CUST_04547,Chennai,TG
CUST_04548,Delhi,RJ
CUST_04549,Ahmedabad,TN
CUST_04550,Delhi,RJ
CUST_04551,Bangalore,KA
CUST_04552,Pune,TG
CUST_04553,Mumbai,RJ
CUST_04554,Mumbai,MH
CUST_04555,Ahmedabad,TG
CUST_04556,Pune,MH
CUST_04557,Hyderabad,MH
CUST_04558,Hyderabad,RJ
CUST_04559,Hyderabad,RJ
CUST_04560,Mumbai,GJ
CUST_04561,Delhi,GJ
CUST_04562,Mumbai,KA
CUST_04563,Kolkata,TG
CUST_04564,Chennai,GJ
CUST_04565,Hyderabad,MH
CUST_04566,Delhi,GJ
CUST_04567,Bangalore,TN
CUST_04568,Ahmedabad,KA
CUST_04569,Bangalore,TG
CUST_04570,Chennai,TG
CUST_04571,Delhi,WB
CUST_04572,Mumbai,TG
CUST_04573,Mumbai,KA
CUST_04574,Kolkata,TN
CUST_04575,Kolkata,TG
CUST_04576,Mumbai,WB
CUST_04577,Bangalore,KA
CUST_04578,Ahmedabad,MH
CUST_04579,Hyderabad,DL
CUST_04580,Bangalore,DL
CUST_04581,Ahmedabad,MH
CUST_04582,Kolkata,GJ
CUST_04583,Chennai,TG
CUST_04584,Ahmedabad,RJ
CUST_04585,Mumbai,DL
CUST_04586,Kolkata,GJ
CUST_04587,Kolkata,DL
CUST_04588,Hyderabad,MH
CUST_04589,Mumbai,TG
CUST_04590,Hyderabad,TG
CUST_04591,Mumbai,GJ
CUST_04592,Hyderabad,MH
CUST_04593,Ahmedabad,GJ
CUST_04594,Bangalore,TG
CUST_04595,Chennai,RJ
CUST_04596,Chennai,TG
CUST_04597,Mumbai,KA
CUST_04598,Delhi,RJ
CUST_04599,Pune,GJ
CUST_04600,Kolkata,KA
CUST_04601,Kolkata,MH
CUST_04602,Mumbai,TN
CUST_04603,Ahmedabad,DL
CUST_04604,Hyderabad,KA
CUST_04605,Delhi,DL
CUST_04606,Bangalore,WB
CUST_04607,Hyderabad,MH
CUST_04608,Hyderabad,TN
CUST_04609,Mumbai,WB
CUST_04610,Mumbai,WB
CUST_04611,Ahmedabad,TG
CUST_04612,Kolkata,WB
CUST_04613,Mumbai,MH
CUST_04614,Mumbai,KA
CUST_04615,Mumbai,MH
CUST_04616,Ahmedabad,KA
CUST_04617,Kolkata,WB
CUST_04618,Bangalore,WB
CUST_04619,Bangalore,RJ
CUST_04620,Pune,TN
CUST_04621,Pune,KA
CUST_04622,Mumbai,WB
CUST_04623,Pune,TG
CUST_04624,Kolkata,RJ
CUST_04625,Ahmedabad,DL
CUST_04626,Bangalore,RJ
CUST_04627,Hyderabad,TN
CUST_04628,Bangalore,MH
CUST_04629,Bangalore,TN
CUST_04630,Kolkata,DL
CUST_04631,Pune,RJ
CUST_04632,Hyderabad,KA
CUST_04633,Kolkata,MH
CUST_04634,Mumbai,MH
CUST_04635,Ahmedabad,KA
CUST_04636,Chennai,GJ
CUST_04637,Bangalore,GJ
CUST_04638,Chennai,TN
CUST_04639,Ahmedabad,WB
CUST_04640,Ahmedabad,GJ
CUST_04641,Kolkata,TN
CUST_04642,Kolkata,GJ
CUST_04643,Kolkata,DL
CUST_04644,Chennai,TG
CUST_04645,Kolkata,WB
CUST_04646,Ahmedabad,TN
CUST_04647,Mumbai,TG
CUST_04648,Kolkata,TG
CUST_04649,Delhi,RJ
CUST_04650,Pune,GJ
CUST_04651,Chennai,RJ
CUST_04652,Delhi,KA
CUST_04653,Kolkata,DL
CUST_04654,Ahmedabad,DL
CUST_04655,Mumbai,DL
CUST_04656,Bangalore,WB
CUST_04657,Hyderabad,MH
CUST_04658,Pune,WB
CUST_04659,Hyderabad,TN
CUST_04660,Kolkata,TG
CUST_04661,Pune,TG
CUST_04662,Pune,RJ
CUST_04663,Mumbai,MH
CUST_04664,Pune,TN
CUST_04665,Chennai,MH
CUST_04666,Delhi,TG
CUST_04667,Delhi,GJ
CUST_04668,Delhi,WB
CUST_04669,Chennai,DL
CUST_04670,Hyderabad,TG
CUST_04671,Mumbai,KA
CUST_04672,Pune,DL
CUST_04673,Chennai,TG
CUST_04674,Delhi,WB
CUST_04675,Kolkata,MH
CUST_04676,Bangalore,GJ
CUST_04677,Pune,GJ
CUST_04678,Chennai,DL
CUST_04679,Ahmedabad,WB
CUST_04680,Chennai,GJ
CUST_04681,Mumbai,GJ
CUST_04682,Mumbai,TN
CUST_04683,Chennai,KA
CUST_04684,Delhi,DL
CUST_04685,Bangalore,MH
CUST_04686,Pune,GJ
CUST_04687,Mumbai,TN
CUST_04688,Pune,WB
CUST_04689,Delhi,GJ
CUST_04690,Pune,RJ
CUST_04691,Kolkata,KA
CUST_04692,Mumbai,MH
CUST_04693,Delhi,WB
CUST_04694,Delhi,WB
CUST_04695,Bangalore,DL
CUST_04696,Bangalore,GJ
CUST_04697,Kolkata,DL
CUST_04698,Delhi,MH
CUST_04699,Hyderabad,RJ
CUST_04700,Delhi,GJ
CUST_04701,Bangalore,TG
CUST_04702,Hyderabad,GJ
CUST_04703,Mumbai,RJ
CUST_04704,Mumbai,TG
CUST_04705,Pune,WB
CUST_04706,Chennai,DL
CUST_04707,Bangalore,KA
CUST_04708,Chennai,GJ
CUST_04709,Hyderabad,KA
CUST_04710,Bangalore,GJ
CUST_04711,Kolkata,WB
CUST_04712,Delhi,DL
CUST_04713,Kolkata,MH
CUST_04714,Hyderabad,MH
CUST_04715,Bangalore,MH
CUST_04716,Ahmedabad,GJ
CUST_04717,Hyderabad,GJ
CUST_04718,Ahmedabad,KA
CUST_04719,Delhi,DL
CUST_04720,Mumbai,RJ
CUST_04721,Mumbai,GJ
CUST_04722,Hyderabad,DL
CUST_04723,Chennai,KA
CUST_04724,Bangalore,GJ
CUST_04725,Bangalore,MH
CUST_04726,Mumbai,MH
CUST_04727,Pune,WB
CUST_04728,Kolkata,TG
CUST_04729,Pune,TN
CUST_04730,Delhi,RJ
CUST_04731,Kolkata,TG
CUST_04732,Kolkata,GJ
CUST_04733,Hyderabad,DL
CUST_04734,Mumbai,GJ
CUST_04735,Pune,DL
CUST_04736,Pune,DL
CUST_04737,Mumbai,TG
CUST_04738,Pune,TN
CUST_04739,Ahmedabad,WB
CUST_04740,Mumbai,TG
CUST_04741,Hyderabad,TN
CUST_04742,Chennai,MH
CUST_04743,Kolkata,MH
CUST_04744,Hyderabad,DL
CUST_04745,Bangalore,KA
CUST_04746,Delhi,GJ
CUST_04747,Chennai,GJ
CUST_04748,Bangalore,DL
CUST_04749,Kolkata,KA
CUST_04750,Pune,RJ
CUST_04751,Mumbai,TN
CUST_04752,Kolkata,RJ
CUST_04753,Hyderabad,RJ
CUST_04754,Delhi,MH
CUST_04755,Hyderabad,RJ
CUST_04756,Chennai,GJ
CUST_04757,Chennai,TG
CUST_04758,Delhi,KA
CUST_04759,Ahmedabad,TN
CUST_04760,Bangalore,MH
CUST_04761,Bangalore,RJ
CUST_04762,Chennai,TG
CUST_04763,Chennai,KA
CUST_04764,Pune,DL
CUST_04765,Mumbai,DL
CUST_04766,Pune,DL
CUST_04767,Pune,GJ
CUST_04768,Ahmedabad,TN
CUST_04769,Bangalore,DL
CUST_04770,Ahmedabad,GJ
CUST_04771,Ahmedabad,WB
CUST_04772,Delhi,GJ
CUST_04773,Bangalore,MH
CUST_04774,Mumbai,GJ
CUST_04775,Hyderabad,TN
CUST_04776,Chennai,TG
CUST_04777,Chennai,RJ
CUST_04778,Mumbai,GJ
CUST_04779,Ahmedabad,DL
CUST_04780,Pune,MH
CUST_04781,Delhi,KA
CUST_04782,Ahmedabad,DL
CUST_04783,Chennai,MH
CUST_04784,Kolkata,WB
CUST_04785,Pune,RJ
CUST_04786,Chennai,KA
CUST_04787,Kolkata,WB
CUST_04788,Ahmedabad,TG
CUST_04789,Mumbai,MH
CUST_04790,Mumbai,WB
CUST_04791,Pune,RJ
CUST_04792,Chennai,RJ
CUST_04793,Bangalore,TG
CUST_04794,Kolkata,RJ
CUST_04795,Delhi,MH
CUST_04796,Chennai,MH
CUST_04797,Delhi,RJ
CUST_04798,Chennai,WB
CUST_04799,Bangalore,MH
CUST_04800,Bangalore,DL
CUST_04801,Pune,RJ
CUST_04802,Pune,MH
CUST_04803,Bangalore,TN
CUST_04804,Hyderabad,TG
CUST_04805,Bangalore,RJ
CUST_04806,Mumbai,MH
CUST_04807,Mumbai,TN
CUST_04808,Hyderabad,MH
CUST_04809,Ahmedabad,MH
CUST_04810,Kolkata,WB
CUST_04811,Ahmedabad,DL
CUST_04812,Delhi,RJ
CUST_04813,Ahmedabad,TG
CUST_04814,Chennai,RJ
CUST_04815,Ahmedabad,DL
CUST_04816,Chennai,KA
CUST_04817,Hyderabad,WB
CUST_04818,Mumbai,WB
CUST_04819,Pune,DL
CUST_04820,Chennai,GJ
CUST_04821,Mumbai,WB
CUST_04822,Kolkata,RJ
CUST_04823,Delhi,DL
CUST_04824,Kolkata,WB
CUST_04825,Hyderabad,MH
CUST_04826,Ahmedabad,DL
CUST_04827,Ahmedabad,DL
CUST_04828,Bangalore,RJ
CUST_04829,Bangalore,TN
CUST_04830,Bangalore,WB
CUST_04831,Kolkata,WB
CUST_04832,Chennai,DL
CUST_04833,Delhi,MH
CUST_04834,Bangalore,MH
CUST_04835,Hyderabad,TG
CUST_04836,Hyderabad,MH
CUST_04837,Bangalore,WB
CUST_04838,Ahmedabad,GJ
CUST_04839,Bangalore,TN
CUST_04840,Delhi,DL
CUST_04841,Bangalore,KA
CUST_04842,Delhi,TN
CUST_04843,Hyderabad,RJ
CUST_04844,Bangalore,RJ
CUST_04845,Kolkata,GJ
CUST_04846,Pune,KA
CUST_04847,Kolkata,TN
CUST_04848,Hyderabad,MH
CUST_04849,Delhi,WB
CUST_04850,Kolkata,GJ
CUST_04851,Delhi,KA
CUST_04852,Kolkata,GJ
CUST_04853,Kolkata,TN
CUST_04854,Delhi,WB
CUST_04855,Chennai,GJ
CUST_04856,Kolkata,KA
CUST_04857,Bangalore,DL
CUST_04858,Pune,TN
CUST_04859,Hyderabad,DL
CUST_04860,Chennai,MH
CUST_04861,Delhi,DL
CUST_04862,Chennai,DL
CUST_04863,Mumbai,TG
CUST_04864,Mumbai,TN
CUST_04865,Kolkata,MH
CUST_04866,Kolkata,DL
CUST_04867,Bangalore,RJ
CUST_04868,Pune,WB
CUST_04869,Hyderabad,KA
CUST_04870,Chennai,DL
CUST_04871,Mumbai,MH
CUST_04872,Kolkata,DL
CUST_04873,Ahmedabad,KA
CUST_04874,Ahmedabad,MH
CUST_04875,Hyderabad,TN
CUST_04876,Chennai,MH
CUST_04877,Kolkata,TN
CUST_04878,Kolkata,MH
CUST_04879,Mumbai,RJ
CUST_04880,Mumbai,GJ
CUST_04881,Kolkata,KA
CUST_04882,Delhi,KA
CUST_04883,Kolkata,MH
CUST_04884,Hyderabad,GJ
CUST_04885,Kolkata,DL
CUST_04886,Bangalore,KA
CUST_04887,Pune,RJ
CUST_04888,Bangalore,TN
CUST_04889,Bangalore,TN
CUST_04890,Delhi,WB
CUST_04891,Delhi,TG
CUST_04892,Ahmedabad,GJ
CUST_04893,Kolkata,TG
CUST_04894,Bangalore,TG
CUST_04895,Delhi,TN
CUST_04896,Mumbai,RJ
CUST_04897,Kolkata,RJ
CUST_04898,Hyderabad,WB
CUST_04899,Pune,TG
CUST_04900,Chennai,TG
CUST_04901,Kolkata,MH
CUST_04902,Chennai,MH
CUST_04903,Bangalore,MH
CUST_04904,Pune,DL
CUST_04905,Chennai,TG
CUST_04906,Bangalore,RJ
CUST_04907,Mumbai,RJ
CUST_04908,Chennai,DL
CUST_04909,Pune,RJ
CUST_04910,Ahmedabad,WB
CUST_04911,Kolkata,GJ
CUST_04912,Bangalore,TN
CUST_04913,Kolkata,TG
CUST_04914,Pune,RJ
CUST_04915,Delhi,TN
CUST_04916,Bangalore,RJ
CUST_04917,Chennai,GJ
CUST_04918,Bangalore,MH
CUST_04919,Kolkata,TG
CUST_04920,Mumbai,KA
CUST_04921,Bangalore,DL
CUST_04922,Chennai,DL
CUST_04923,Delhi,TG
CUST_04924,Ahmedabad,GJ
CUST_04925,Hyderabad,MH
CUST_04926,Mumbai,DL
CUST_04927,Ahmedabad,MH
CUST_04928,Delhi,WB
CUST_04929,Bangalore,TN
CUST_04930,Kolkata,GJ
CUST_04931,Pune,KA
CUST_04932,Kolkata,TN
CUST_04933,Ahmedabad,TN
CUST_04934,Chennai,WB
CUST_04935,Kolkata,DL
CUST_04936,Mumbai,KA
CUST_04937,Kolkata,DL
CUST_04938,Chennai,TG
CUST_04939,Hyderabad,TN
CUST_04940,Bangalore,TG
CUST_04941,Pune,MH
CUST_04942,Ahmedabad,TN
CUST_04943,Bangalore,DL
CUST_04944,Kolkata,TN
CUST_04945,Delhi,MH
CUST_04946,Bangalore,WB
CUST_04947,Hyderabad,TG
CUST_04948,Kolkata,RJ
CUST_04949,Pune,TG
CUST_04950,Chennai,DL
CUST_04951,Hyderabad,TN
CUST_04952,Kolkata,DL
CUST_04953,Hyderabad,WB
CUST_04954,Bangalore,TN
CUST_04955,Pune,RJ
CUST_04956,Chennai,TN
CUST_04957,Kolkata,RJ
CUST_04958,Mumbai,DL
CUST_04959,Ahmedabad,DL
CUST_04960,Chennai,MH
CUST_04961,Mumbai,GJ
CUST_04962,Hyderabad,GJ
CUST_04963,Delhi,WB
CUST_04964,Chennai,GJ
CUST_04965,Hyderabad,MH
CUST_04966,Mumbai,TG
CUST_04967,Bangalore,RJ
CUST_04968,Bangalore,TN
CUST_04969,Delhi,DL
CUST_04970,Ahmedabad,TN
CUST_04971,Chennai,TN
CUST_04972,Chennai,KA
CUST_04973,Chennai,TG
CUST_04974,Ahmedabad,KA
CUST_04975,Hyderabad,GJ
CUST_04976,Pune,TN
CUST_04977,Pune,RJ
CUST_04978,Delhi,DL
CUST_04979,Chennai,RJ
CUST_04980,Hyderabad,TN
CUST_04981,Bangalore,TG
CUST_04982,Mumbai,RJ
CUST_04983,Hyderabad,KA
CUST_04984,Ahmedabad,DL
CUST_04985,Pune,TN
CUST_04986,Pune,WB
CUST_04987,Bangalore,TG
CUST_04988,Bangalore,TG
CUST_04989,Ahmedabad,WB
CUST_04990,Mumbai,RJ
CUST_04991,Bangalore,TN
CUST_04992,Delhi,TG
CUST_04993,Mumbai,DL
CUST_04994,Bangalore,TN
CUST_04995,Kolkata,TN
CUST_04996,Hyderabad,KA
CUST_04997,Bangalore,TG
CUST_04998,Delhi,TG
CUST_04999,Chennai,WB
