city,date,temperature_high,temperature_low,temperature_avg,precipitation_mm,humidity_percent,condition
Mumbai,2022-01-01,23.1,16.5,20.0,0.0,40,cloudy
Mumbai,2022-01-02,23.0,14.6,19.7,0.0,37,sunny
Mumbai,2022-01-03,28.1,16.0,21.6,0.0,69,cloudy
Mumbai,2022-01-04,23.8,12.7,19.9,0.0,51,partly_cloudy
Mumbai,2022-01-05,25.1,13.4,19.9,0.0,30,sunny
Mumbai,2022-01-06,25.9,13.2,18.5,8.1,40,sunny
Mumbai,2022-01-07,21.9,13.0,18.4,0.0,66,sunny
Mumbai,2022-01-08,26.7,12.4,19.8,0.0,40,partly_cloudy
Mumbai,2022-01-09,25.4,18.1,21.6,0.0,65,partly_cloudy
Mumbai,2022-01-10,26.4,13.0,20.6,0.0,69,cloudy
Mumbai,2022-01-11,27.0,15.7,20.9,0.0,49,cloudy
Mumbai,2022-01-12,23.3,14.9,19.5,0.0,52,sunny
Mumbai,2022-01-13,25.1,12.3,19.7,0.0,64,partly_cloudy
Mumbai,2022-01-14,24.6,14.7,19.5,0.0,44,partly_cloudy
Mumbai,2022-01-15,29.8,16.6,21.8,0.0,40,sunny
Mumbai,2022-01-16,22.7,14.4,18.9,0.0,32,partly_cloudy
Mumbai,2022-01-17,24.6,12.2,20.1,9.0,49,sunny
Mumbai,2022-01-18,24.5,16.0,19.1,0.0,58,sunny
Mumbai,2022-01-19,22.6,16.4,19.5,0.0,43,partly_cloudy
Mumbai,2022-01-20,27.2,12.1,19.8,0.0,63,sunny
Mumbai,2022-01-21,25.1,12.2,19.2,0.0,65,sunny
Mumbai,2022-01-22,26.2,15.4,20.6,0.0,38,sunny
Mumbai,2022-01-23,27.4,16.5,19.6,0.0,63,cloudy
Mumbai,2022-01-24,24.4,13.2,19.2,0.0,34,sunny
Mumbai,2022-01-25,26.2,16.6,20.2,0.0,43,partly_cloudy
Mumbai,2022-01-26,28.4,17.7,21.2,8.0,67,partly_cloudy
Mumbai,2022-01-27,23.5,11.1,18.4,0.0,64,cloudy
Mumbai,2022-01-28,25.7,16.3,20.3,0.0,34,sunny
Mumbai,2022-01-29,28.4,14.1,21.9,0.0,52,sunny
Mumbai,2022-01-30,28.3,13.6,21.1,0.0,66,sunny
Mumbai,2022-01-31,26.0,16.7,20.0,0.0,56,sunny
Mumbai,2022-02-01,22.8,12.0,19.4,0.0,53,cloudy
Mumbai,2022-02-02,25.4,14.1,18.1,5.8,40,partly_cloudy
Mumbai,2022-02-03,26.2,18.1,21.5,0.0,47,partly_cloudy
Mumbai,2022-02-04,23.2,14.1,19.6,0.0,53,sunny
Mumbai,2022-02-05,27.6,16.1,19.7,0.0,68,partly_cloudy
Mumbai,2022-02-06,26.2,16.9,21.0,0.0,59,partly_cloudy
Mumbai,2022-02-07,23.4,13.0,19.1,0.0,60,partly_cloudy
Mumbai,2022-02-08,28.3,16.6,21.5,0.0,66,partly_cloudy
Mumbai,2022-02-09,24.2,12.2,18.3,0.0,47,sunny
Mumbai,2022-02-10,26.3,13.4,18.8,0.0,40,sunny
Mumbai,2022-02-11,28.1,14.3,21.2,0.0,49,sunny
Mumbai,2022-02-12,22.4,11.5,18.1,0.0,34,sunny
Mumbai,2022-02-13,27.4,14.4,20.7,0.0,63,sunny
Mumbai,2022-02-14,24.5,13.8,20.6,0.0,55,sunny
Mumbai,2022-02-15,24.8,15.2,18.8,0.0,65,partly_cloudy
Mumbai,2022-02-16,24.3,15.6,20.1,0.0,49,partly_cloudy
Mumbai,2022-02-17,23.8,12.3,19.7,0.0,38,partly_cloudy
Mumbai,2022-02-18,27.4,16.4,21.3,0.0,32,cloudy
Mumbai,2022-02-19,22.8,15.3,19.7,0.0,38,partly_cloudy
Mumbai,2022-02-20,26.2,12.2,19.0,0.0,52,sunny
Mumbai,2022-02-21,23.2,13.1,19.5,0.0,65,partly_cloudy
Mumbai,2022-02-22,24.0,15.1,20.1,0.0,63,sunny
Mumbai,2022-02-23,23.4,14.0,19.7,0.0,63,partly_cloudy
Mumbai,2022-02-24,27.4,15.3,21.3,0.0,69,partly_cloudy
Mumbai,2022-02-25,25.9,12.6,19.7,0.0,63,cloudy
Mumbai,2022-02-26,27.7,14.9,20.4,0.0,30,cloudy
Mumbai,2022-02-27,24.9,13.0,19.7,0.0,41,sunny
Mumbai,2022-02-28,24.4,14.4,19.8,7.7,63,sunny
Mumbai,2022-03-01,39.9,27.0,32.5,0.0,35,partly_cloudy
Mumbai,2022-03-02,43.8,33.2,36.3,0.0,60,sunny
Mumbai,2022-03-03,41.0,30.1,34.2,0.0,53,sunny
Mumbai,2022-03-04,36.7,26.9,31.3,0.0,34,partly_cloudy
Mumbai,2022-03-05,38.7,31.6,35.6,0.0,44,cloudy
Mumbai,2022-03-06,39.4,30.0,35.1,0.0,47,cloudy
Mumbai,2022-03-07,38.4,29.0,33.1,0.0,46,cloudy
Mumbai,2022-03-08,34.7,23.9,31.5,0.0,32,sunny
Mumbai,2022-03-09,36.7,25.3,32.5,0.0,46,partly_cloudy
Mumbai,2022-03-10,39.0,28.9,33.2,0.0,40,partly_cloudy
Mumbai,2022-03-11,37.8,28.6,34.5,0.0,60,cloudy
Mumbai,2022-03-12,40.3,32.1,35.8,0.0,70,sunny
Mumbai,2022-03-13,37.6,28.0,34.4,0.0,52,sunny
Mumbai,2022-03-14,38.5,28.8,34.6,0.0,37,sunny
Mumbai,2022-03-15,37.7,25.9,33.0,0.0,50,partly_cloudy
Mumbai,2022-03-16,37.7,26.5,32.9,0.0,70,sunny
Mumbai,2022-03-17,34.6,26.1,31.5,0.0,59,cloudy
Mumbai,2022-03-18,36.8,25.6,32.4,0.0,58,cloudy
Mumbai,2022-03-19,37.6,27.4,32.4,0.0,48,sunny
Mumbai,2022-03-20,39.2,27.7,35.5,7.1,39,sunny
Mumbai,2022-03-21,40.2,25.7,32.9,0.0,49,partly_cloudy
Mumbai,2022-03-22,37.9,24.7,31.8,1.8,60,cloudy
Mumbai,2022-03-23,38.0,30.2,33.8,0.0,40,sunny
Mumbai,2022-03-24,36.3,27.5,32.0,0.0,56,partly_cloudy
Mumbai,2022-03-25,36.5,28.8,33.2,0.0,37,sunny
Mumbai,2022-03-26,38.9,27.6,35.3,0.0,59,cloudy
Mumbai,2022-03-27,40.9,25.6,33.2,0.0,36,sunny
Mumbai,2022-03-28,39.1,27.5,32.9,0.0,30,sunny
Mumbai,2022-03-29,40.7,30.6,33.7,0.0,32,cloudy
Mumbai,2022-03-30,35.9,26.0,32.5,0.0,38,partly_cloudy
Mumbai,2022-03-31,38.0,26.0,33.5,0.7,70,sunny
Mumbai,2022-04-01,43.2,29.7,35.5,5.1,41,sunny
Mumbai,2022-04-02,42.8,32.1,35.5,0.0,36,partly_cloudy
Mumbai,2022-04-03,36.8,28.0,33.3,0.0,63,cloudy
Mumbai,2022-04-04,39.3,27.1,34.2,0.0,36,sunny
Mumbai,2022-04-05,37.9,29.1,34.6,0.0,51,cloudy
Mumbai,2022-04-06,40.1,31.1,36.9,0.0,35,partly_cloudy
Mumbai,2022-04-07,37.6,28.8,34.0,0.0,65,cloudy
Mumbai,2022-04-08,40.9,27.1,33.1,0.0,31,partly_cloudy
Mumbai,2022-04-09,40.7,26.5,33.5,0.0,68,partly_cloudy
Mumbai,2022-04-10,40.1,29.9,36.4,0.0,39,cloudy
Mumbai,2022-04-11,41.6,30.2,35.7,0.0,32,cloudy
Mumbai,2022-04-12,36.1,26.9,32.1,0.0,37,partly_cloudy
Mumbai,2022-04-13,38.7,30.9,35.4,0.0,46,partly_cloudy
Mumbai,2022-04-14,37.3,27.5,32.8,0.0,43,partly_cloudy
Mumbai,2022-04-15,39.5,29.5,35.2,0.0,66,partly_cloudy
Mumbai,2022-04-16,39.2,29.9,35.9,0.0,39,sunny
Mumbai,2022-04-17,36.3,27.8,31.8,0.0,31,cloudy
Mumbai,2022-04-18,41.6,27.5,34.0,0.0,48,cloudy
Mumbai,2022-04-19,39.1,28.8,34.7,0.0,53,sunny
Mumbai,2022-04-20,38.9,25.1,32.4,5.6,39,cloudy
Mumbai,2022-04-21,39.4,26.4,33.8,0.0,62,cloudy
Mumbai,2022-04-22,40.1,30.6,34.9,6.4,30,partly_cloudy
Mumbai,2022-04-23,34.6,23.8,31.4,0.0,43,partly_cloudy
Mumbai,2022-04-24,40.0,29.9,33.4,0.0,32,sunny
Mumbai,2022-04-25,36.8,24.9,31.9,0.0,47,cloudy
Mumbai,2022-04-26,39.5,27.6,34.7,0.0,52,sunny
Mumbai,2022-04-27,40.4,32.5,37.0,0.0,41,partly_cloudy
Mumbai,2022-04-28,34.8,24.4,31.4,0.0,65,sunny
Mumbai,2022-04-29,36.7,27.0,32.0,6.5,36,partly_cloudy
Mumbai,2022-04-30,40.0,27.8,34.8,0.0,45,partly_cloudy
Mumbai,2022-05-01,37.5,28.5,31.7,0.0,46,sunny
Mumbai,2022-05-02,38.3,28.4,31.8,0.0,36,cloudy
Mumbai,2022-05-03,42.6,31.2,36.4,0.0,32,sunny
Mumbai,2022-05-04,40.7,32.1,35.3,0.0,59,sunny
Mumbai,2022-05-05,37.2,28.1,32.4,0.0,64,sunny
Mumbai,2022-05-06,37.6,26.3,34.2,0.0,46,cloudy
Mumbai,2022-05-07,38.1,27.3,34.2,0.0,49,cloudy
Mumbai,2022-05-08,40.7,32.4,36.8,0.0,33,sunny
Mumbai,2022-05-09,41.2,28.1,33.9,0.0,35,sunny
Mumbai,2022-05-10,38.6,25.6,32.4,0.0,52,partly_cloudy
Mumbai,2022-05-11,37.2,25.2,31.6,0.0,30,sunny
Mumbai,2022-05-12,36.3,26.2,31.8,0.0,63,sunny
Mumbai,2022-05-13,43.4,32.5,36.7,0.0,68,partly_cloudy
Mumbai,2022-05-14,39.7,26.3,33.6,7.8,61,sunny
Mumbai,2022-05-15,35.8,28.0,31.8,0.0,52,cloudy
Mumbai,2022-05-16,39.3,24.5,32.1,0.0,52,cloudy
Mumbai,2022-05-17,37.6,27.3,32.0,0.0,33,sunny
Mumbai,2022-05-18,40.2,27.3,33.2,0.0,55,partly_cloudy
Mumbai,2022-05-19,40.8,31.4,36.9,0.0,31,cloudy
Mumbai,2022-05-20,41.9,29.4,37.0,0.0,42,cloudy
Mumbai,2022-05-21,39.9,29.1,35.2,0.0,44,cloudy
Mumbai,2022-05-22,38.0,27.1,33.0,0.0,62,cloudy
Mumbai,2022-05-23,36.0,26.7,31.2,0.0,66,sunny
Mumbai,2022-05-24,41.1,33.5,36.5,0.0,64,partly_cloudy
Mumbai,2022-05-25,40.9,31.9,36.8,0.0,36,partly_cloudy
Mumbai,2022-05-26,38.5,29.5,34.2,0.0,45,sunny
Mumbai,2022-05-27,37.4,27.6,31.1,0.0,42,cloudy
Mumbai,2022-05-28,36.6,26.8,31.5,0.0,36,sunny
Mumbai,2022-05-29,40.8,26.7,34.4,0.0,44,sunny
Mumbai,2022-05-30,38.0,27.2,33.8,0.0,61,sunny
Mumbai,2022-05-31,38.5,28.0,33.8,0.0,61,cloudy
Mumbai,2022-06-01,28.2,19.8,23.2,44.9,82,rainy
Mumbai,2022-06-02,31.3,21.2,25.9,0.0,79,sunny
Mumbai,2022-06-03,29.2,16.1,23.8,0.0,91,cloudy
Mumbai,2022-06-04,29.0,21.1,25.4,18.8,92,rainy
Mumbai,2022-06-05,29.0,18.0,25.2,0.0,54,sunny
Mumbai,2022-06-06,35.3,22.2,28.3,10.6,78,rainy
Mumbai,2022-06-07,31.8,22.0,25.3,31.6,89,rainy
Mumbai,2022-06-08,32.9,18.4,26.4,7.4,45,rainy
Mumbai,2022-06-09,30.4,17.7,23.4,26.1,54,rainy
Mumbai,2022-06-10,27.1,18.0,23.8,44.7,80,rainy
Mumbai,2022-06-11,32.0,23.1,28.6,47.5,84,rainy
Mumbai,2022-06-12,29.1,19.9,23.1,22.6,90,rainy
Mumbai,2022-06-13,28.8,21.4,24.6,34.4,41,rainy
Mumbai,2022-06-14,31.8,17.4,24.4,0.0,85,cloudy
Mumbai,2022-06-15,35.2,22.3,27.5,0.0,45,sunny
Mumbai,2022-06-16,30.8,21.4,27.2,48.4,59,rainy
Mumbai,2022-06-17,30.7,19.3,26.9,22.6,89,rainy
Mumbai,2022-06-18,28.0,18.4,23.6,0.0,58,sunny
Mumbai,2022-06-19,33.9,20.4,27.8,0.0,88,cloudy
Mumbai,2022-06-20,32.4,20.0,25.5,24.3,61,rainy
Mumbai,2022-06-21,28.8,20.3,24.7,5.7,94,rainy
Mumbai,2022-06-22,32.6,19.2,24.7,0.0,47,sunny
Mumbai,2022-06-23,31.4,23.8,27.8,0.0,52,sunny
Mumbai,2022-06-24,29.9,19.3,26.0,45.5,74,rainy
Mumbai,2022-06-25,30.9,20.2,26.8,0.0,56,cloudy
Mumbai,2022-06-26,29.1,20.7,25.7,28.6,62,rainy
Mumbai,2022-06-27,30.5,19.2,25.8,32.8,75,rainy
Mumbai,2022-06-28,29.8,15.3,23.2,49.2,56,rainy
Mumbai,2022-06-29,29.2,19.9,25.6,9.2,83,rainy
Mumbai,2022-06-30,28.9,17.7,24.4,0.0,88,cloudy
Mumbai,2022-07-01,31.5,23.1,27.0,14.4,47,rainy
Mumbai,2022-07-02,33.8,19.9,27.5,0.0,93,cloudy
Mumbai,2022-07-03,31.3,18.4,23.5,0.0,72,cloudy
Mumbai,2022-07-04,32.6,23.5,27.6,23.0,40,rainy
Mumbai,2022-07-05,32.1,24.2,28.4,0.0,71,sunny
Mumbai,2022-07-06,33.1,22.2,28.1,43.8,86,rainy
Mumbai,2022-07-07,29.9,19.1,26.4,0.0,77,sunny
Mumbai,2022-07-08,31.6,19.2,25.3,0.0,72,cloudy
Mumbai,2022-07-09,32.6,21.6,26.6,31.5,72,rainy
Mumbai,2022-07-10,30.5,20.0,25.5,5.1,75,rainy
Mumbai,2022-07-11,30.3,21.2,24.2,27.5,95,rainy
Mumbai,2022-07-12,32.0,22.4,25.5,31.5,91,rainy
Mumbai,2022-07-13,32.8,21.1,27.7,19.9,49,rainy
Mumbai,2022-07-14,30.0,20.1,23.7,0.0,50,sunny
Mumbai,2022-07-15,31.4,22.0,27.3,34.6,45,rainy
Mumbai,2022-07-16,31.8,19.8,23.8,0.0,66,cloudy
Mumbai,2022-07-17,35.4,25.0,28.4,0.0,78,cloudy
Mumbai,2022-07-18,28.4,17.6,25.1,0.0,79,sunny
Mumbai,2022-07-19,32.4,19.6,26.4,28.1,62,rainy
Mumbai,2022-07-20,31.4,22.2,26.0,27.1,90,rainy
Mumbai,2022-07-21,32.6,19.7,25.4,30.3,74,rainy
Mumbai,2022-07-22,32.1,18.0,24.7,0.0,94,sunny
Mumbai,2022-07-23,30.8,19.9,23.6,12.1,95,rainy
Mumbai,2022-07-24,32.2,22.3,25.8,33.4,89,rainy
Mumbai,2022-07-25,28.0,18.5,24.1,16.3,93,rainy
Mumbai,2022-07-26,35.4,23.2,28.8,20.3,77,rainy
Mumbai,2022-07-27,32.4,19.2,26.3,0.0,95,cloudy
Mumbai,2022-07-28,35.4,21.7,28.0,32.9,87,rainy
Mumbai,2022-07-29,30.5,18.8,24.7,31.3,59,rainy
Mumbai,2022-07-30,29.5,19.4,26.4,47.9,93,rainy
Mumbai,2022-07-31,34.1,22.7,27.3,9.1,78,rainy
Mumbai,2022-08-01,33.2,19.6,25.5,0.0,42,cloudy
Mumbai,2022-08-02,28.4,17.0,24.3,0.0,88,cloudy
Mumbai,2022-08-03,32.6,22.0,25.0,0.0,80,sunny
Mumbai,2022-08-04,32.2,22.5,26.6,24.3,58,rainy
Mumbai,2022-08-05,27.6,18.6,24.4,24.6,89,rainy
Mumbai,2022-08-06,35.2,22.9,27.3,46.1,55,rainy
Mumbai,2022-08-07,27.0,19.6,23.0,0.0,75,cloudy
Mumbai,2022-08-08,28.8,17.7,25.4,0.0,67,cloudy
Mumbai,2022-08-09,35.0,22.5,27.2,0.0,69,cloudy
Mumbai,2022-08-10,32.6,20.0,25.6,17.5,83,rainy
Mumbai,2022-08-11,31.9,20.7,28.6,0.0,43,sunny
Mumbai,2022-08-12,33.8,20.4,27.9,17.9,71,rainy
Mumbai,2022-08-13,33.4,22.1,28.1,46.8,57,rainy
Mumbai,2022-08-14,35.6,23.4,28.7,0.0,70,cloudy
Mumbai,2022-08-15,32.1,19.6,26.1,41.9,62,rainy
Mumbai,2022-08-16,32.3,23.4,28.8,16.2,55,rainy
Mumbai,2022-08-17,30.9,18.4,23.9,0.0,63,cloudy
Mumbai,2022-08-18,28.9,18.6,25.0,17.3,85,rainy
Mumbai,2022-08-19,32.4,18.6,24.9,0.0,90,sunny
Mumbai,2022-08-20,30.0,19.3,24.6,15.3,94,rainy
Mumbai,2022-08-21,32.4,22.6,26.3,0.0,92,sunny
Mumbai,2022-08-22,29.0,20.9,24.2,9.9,81,rainy
Mumbai,2022-08-23,32.7,20.6,26.2,0.0,41,sunny
Mumbai,2022-08-24,29.3,17.9,24.9,0.0,50,cloudy
Mumbai,2022-08-25,31.8,17.3,24.4,0.0,82,sunny
Mumbai,2022-08-26,32.4,23.2,28.0,0.0,65,cloudy
Mumbai,2022-08-27,31.8,22.9,27.4,20.9,74,rainy
Mumbai,2022-08-28,32.0,19.6,26.9,31.6,65,rainy
Mumbai,2022-08-29,34.0,22.6,28.1,25.8,92,rainy
Mumbai,2022-08-30,33.7,20.8,26.1,10.6,64,rainy
Mumbai,2022-08-31,35.1,19.9,27.1,12.0,73,rainy
Mumbai,2022-09-01,33.4,20.3,26.0,9.0,42,rainy
Mumbai,2022-09-02,30.9,20.2,25.0,8.2,90,rainy
Mumbai,2022-09-03,31.0,20.0,26.7,36.4,40,rainy
Mumbai,2022-09-04,34.7,22.2,27.9,0.0,41,sunny
Mumbai,2022-09-05,30.5,18.5,25.6,28.6,64,rainy
Mumbai,2022-09-06,31.2,20.9,27.6,0.0,68,cloudy
Mumbai,2022-09-07,30.6,20.8,24.8,0.0,49,sunny
Mumbai,2022-09-08,27.8,17.9,24.4,35.8,82,rainy
Mumbai,2022-09-09,28.6,18.0,25.3,0.0,90,sunny
Mumbai,2022-09-10,31.6,21.7,25.9,30.3,61,rainy
Mumbai,2022-09-11,30.6,23.2,27.2,0.0,55,sunny
Mumbai,2022-09-12,31.9,22.4,26.7,38.1,42,rainy
Mumbai,2022-09-13,34.3,20.1,27.7,0.0,72,cloudy
Mumbai,2022-09-14,33.1,23.5,28.3,0.0,95,cloudy
Mumbai,2022-09-15,29.6,21.0,26.5,9.4,94,rainy
Mumbai,2022-09-16,32.6,20.1,25.8,17.5,49,rainy
Mumbai,2022-09-17,33.1,22.6,27.8,0.0,55,cloudy
Mumbai,2022-09-18,33.3,21.0,25.4,46.4,40,rainy
Mumbai,2022-09-19,30.3,20.2,26.7,0.0,40,sunny
Mumbai,2022-09-20,28.7,17.1,24.9,13.1,81,rainy
Mumbai,2022-09-21,29.6,18.9,23.3,8.1,60,rainy
Mumbai,2022-09-22,31.4,19.2,27.1,10.9,87,rainy
Mumbai,2022-09-23,29.2,19.1,24.5,0.0,61,cloudy
Mumbai,2022-09-24,27.7,18.1,24.3,0.0,47,cloudy
Mumbai,2022-09-25,28.5,18.3,23.7,0.0,66,sunny
Mumbai,2022-09-26,32.4,21.2,26.2,0.0,53,cloudy
Mumbai,2022-09-27,33.4,21.4,26.3,16.0,78,rainy
Mumbai,2022-09-28,30.0,21.2,24.6,0.0,59,sunny
Mumbai,2022-09-29,29.1,21.7,26.0,0.0,70,sunny
Mumbai,2022-09-30,32.2,24.7,28.8,49.5,80,rainy
Mumbai,2022-10-01,35.9,21.7,27.9,0.0,67,partly_cloudy
Mumbai,2022-10-02,36.7,23.7,29.0,0.0,44,cloudy
Mumbai,2022-10-03,34.1,23.0,28.6,0.0,41,sunny
Mumbai,2022-10-04,32.2,22.9,26.4,0.0,68,sunny
Mumbai,2022-10-05,35.0,20.4,27.1,0.0,50,sunny
Mumbai,2022-10-06,30.3,18.7,26.5,0.0,48,partly_cloudy
Mumbai,2022-10-07,30.6,21.5,27.4,0.0,58,sunny
Mumbai,2022-10-08,35.7,24.0,29.3,0.0,62,partly_cloudy
Mumbai,2022-10-09,35.2,23.9,27.5,0.0,41,partly_cloudy
Mumbai,2022-10-10,34.7,20.8,27.8,0.0,62,cloudy
Mumbai,2022-10-11,29.6,21.6,26.1,0.0,44,partly_cloudy
Mumbai,2022-10-12,30.1,18.2,26.1,0.6,30,partly_cloudy
Mumbai,2022-10-13,34.3,24.2,30.0,0.0,63,sunny
Mumbai,2022-10-14,30.8,23.1,26.8,0.0,48,partly_cloudy
Mumbai,2022-10-15,34.5,23.4,29.4,0.0,47,partly_cloudy
Mumbai,2022-10-16,36.9,23.2,29.0,0.0,40,cloudy
Mumbai,2022-10-17,33.3,22.2,27.3,0.0,64,cloudy
Mumbai,2022-10-18,34.3,23.3,27.1,4.3,60,partly_cloudy
Mumbai,2022-10-19,37.3,23.6,29.5,0.0,30,sunny
Mumbai,2022-10-20,30.5,22.2,26.1,0.0,62,cloudy
Mumbai,2022-10-21,33.1,22.5,26.9,0.0,59,partly_cloudy
Mumbai,2022-10-22,36.2,26.7,30.0,0.0,38,cloudy
Mumbai,2022-10-23,30.7,19.3,26.5,0.1,32,partly_cloudy
Mumbai,2022-10-24,34.7,21.0,27.1,0.0,51,sunny
Mumbai,2022-10-25,30.5,20.8,27.3,0.0,34,sunny
Mumbai,2022-10-26,35.9,21.6,28.9,0.0,52,cloudy
Mumbai,2022-10-27,32.2,22.6,28.0,0.0,48,sunny
Mumbai,2022-10-28,30.2,21.6,26.7,0.0,48,partly_cloudy
Mumbai,2022-10-29,30.8,22.7,27.2,0.0,55,sunny
Mumbai,2022-10-30,37.7,22.6,29.9,0.0,37,sunny
Mumbai,2022-10-31,34.8,25.4,29.7,0.0,42,cloudy
Mumbai,2022-11-01,36.5,24.9,29.5,0.0,69,partly_cloudy
Mumbai,2022-11-02,33.8,20.9,26.8,0.0,45,partly_cloudy
Mumbai,2022-11-03,30.4,21.4,27.3,0.0,50,partly_cloudy
Mumbai,2022-11-04,33.5,24.5,28.3,0.0,65,partly_cloudy
Mumbai,2022-11-05,29.9,19.2,26.4,0.0,43,sunny
Mumbai,2022-11-06,34.0,21.4,29.0,0.0,43,cloudy
Mumbai,2022-11-07,36.7,21.5,29.2,2.7,47,partly_cloudy
Mumbai,2022-11-08,30.7,22.5,27.5,0.0,55,partly_cloudy
Mumbai,2022-11-09,33.7,20.4,27.4,0.0,30,cloudy
Mumbai,2022-11-10,33.7,23.6,28.5,0.0,61,partly_cloudy
Mumbai,2022-11-11,32.6,22.9,29.1,0.0,38,cloudy
Mumbai,2022-11-12,35.7,21.8,28.1,0.0,63,sunny
Mumbai,2022-11-13,32.0,23.4,26.7,0.0,33,sunny
Mumbai,2022-11-14,33.1,22.8,29.8,0.0,37,partly_cloudy
Mumbai,2022-11-15,32.7,22.6,26.3,0.0,51,cloudy
Mumbai,2022-11-16,32.8,24.4,27.8,0.0,65,cloudy
Mumbai,2022-11-17,30.8,20.4,26.2,7.3,31,sunny
Mumbai,2022-11-18,33.9,22.3,26.9,0.0,31,partly_cloudy
Mumbai,2022-11-19,32.9,24.1,29.1,0.0,34,sunny
Mumbai,2022-11-20,33.7,20.5,26.6,0.0,42,cloudy
Mumbai,2022-11-21,35.0,23.3,29.6,0.0,38,partly_cloudy
Mumbai,2022-11-22,34.4,24.1,28.4,0.0,67,cloudy
Mumbai,2022-11-23,33.1,22.6,26.6,0.0,36,sunny
Mumbai,2022-11-24,36.5,25.6,29.3,0.0,55,sunny
Mumbai,2022-11-25,32.6,21.8,28.0,0.0,38,partly_cloudy
Mumbai,2022-11-26,29.4,22.2,26.0,0.0,56,partly_cloudy
Mumbai,2022-11-27,34.8,25.0,28.4,0.0,55,cloudy
Mumbai,2022-11-28,34.8,23.6,29.9,0.0,40,cloudy
Mumbai,2022-11-29,32.3,23.5,28.7,0.0,51,partly_cloudy
Mumbai,2022-11-30,32.8,24.3,29.0,0.0,66,sunny
Mumbai,2022-12-01,27.0,15.9,21.1,0.0,36,sunny
Mumbai,2022-12-02,21.5,11.8,18.4,0.0,56,partly_cloudy
Mumbai,2022-12-03,27.4,15.4,21.7,0.0,53,partly_cloudy
Mumbai,2022-12-04,23.6,12.9,18.4,0.0,47,cloudy
Mumbai,2022-12-05,25.9,13.6,18.9,2.5,32,sunny
Mumbai,2022-12-06,29.0,14.2,21.1,0.0,45,partly_cloudy
Mumbai,2022-12-07,25.5,12.3,19.3,0.0,70,sunny
Mumbai,2022-12-08,24.3,11.6,19.0,0.0,60,sunny
Mumbai,2022-12-09,28.6,16.2,21.0,0.0,58,partly_cloudy
Mumbai,2022-12-10,26.4,18.0,21.3,0.0,69,sunny
Mumbai,2022-12-11,24.6,15.4,18.7,0.0,38,sunny
Mumbai,2022-12-12,25.6,11.8,19.0,0.0,46,cloudy
Mumbai,2022-12-13,28.9,18.6,21.7,0.0,35,sunny
Mumbai,2022-12-14,24.3,16.8,20.9,0.0,66,sunny
Mumbai,2022-12-15,22.3,13.8,19.3,0.0,69,sunny
Mumbai,2022-12-16,24.2,15.9,20.0,0.0,54,cloudy
Mumbai,2022-12-17,27.4,16.8,20.4,0.0,38,sunny
Mumbai,2022-12-18,24.2,14.2,19.2,0.0,53,partly_cloudy
Mumbai,2022-12-19,28.5,14.7,21.7,0.0,61,cloudy
Mumbai,2022-12-20,26.6,16.8,21.0,0.0,33,cloudy
Mumbai,2022-12-21,23.1,12.3,18.8,0.0,36,sunny
Mumbai,2022-12-22,28.7,13.7,21.5,0.0,59,partly_cloudy
Mumbai,2022-12-23,25.9,16.1,19.7,0.0,33,sunny
Mumbai,2022-12-24,26.5,15.9,20.6,0.0,48,sunny
Mumbai,2022-12-25,27.2,15.2,20.0,0.0,54,partly_cloudy
Mumbai,2022-12-26,28.8,13.9,21.8,0.0,44,sunny
Mumbai,2022-12-27,29.2,14.8,21.8,0.0,44,sunny
Mumbai,2022-12-28,27.2,15.5,20.5,0.0,65,cloudy
Mumbai,2022-12-29,25.6,11.0,18.5,0.0,47,partly_cloudy
Mumbai,2022-12-30,24.3,12.1,18.6,0.0,65,partly_cloudy
Mumbai,2022-12-31,24.0,11.4,19.1,0.0,53,sunny
Mumbai,2023-01-01,24.0,15.4,20.9,0.0,45,partly_cloudy
Mumbai,2023-01-02,26.8,14.9,20.3,0.0,40,sunny
Mumbai,2023-01-03,22.4,12.4,19.2,7.3,57,sunny
Mumbai,2023-01-04,25.8,11.4,19.1,0.0,46,sunny
Mumbai,2023-01-05,26.4,14.5,19.6,0.0,67,cloudy
Mumbai,2023-01-06,27.0,14.0,20.1,1.3,33,partly_cloudy
Mumbai,2023-01-07,23.9,12.1,18.8,0.0,51,cloudy
Mumbai,2023-01-08,25.2,11.7,18.5,0.0,35,cloudy
Mumbai,2023-01-09,26.0,11.3,18.6,0.0,40,cloudy
Mumbai,2023-01-10,25.1,16.7,20.3,0.0,32,cloudy
Mumbai,2023-01-11,24.4,12.2,20.2,0.0,32,partly_cloudy
Mumbai,2023-01-12,24.5,17.0,20.1,0.0,37,partly_cloudy
Mumbai,2023-01-13,22.9,10.7,18.5,0.0,37,partly_cloudy
Mumbai,2023-01-14,22.0,10.9,18.4,0.0,42,sunny
Mumbai,2023-01-15,25.6,15.6,21.6,0.0,30,partly_cloudy
Mumbai,2023-01-16,26.1,11.4,19.1,0.0,66,cloudy
Mumbai,2023-01-17,24.3,16.2,21.2,0.0,36,sunny
Mumbai,2023-01-18,23.8,13.9,20.5,0.0,45,partly_cloudy
Mumbai,2023-01-19,23.7,14.4,18.3,8.4,48,sunny
Mumbai,2023-01-20,26.6,17.0,20.6,0.0,44,sunny
Mumbai,2023-01-21,23.4,14.8,18.3,0.0,48,cloudy
Mumbai,2023-01-22,24.8,15.8,20.2,0.0,61,partly_cloudy
Mumbai,2023-01-23,24.0,11.5,19.3,0.0,54,cloudy
Mumbai,2023-01-24,27.6,14.3,21.3,3.6,61,sunny
Mumbai,2023-01-25,25.3,17.4,20.7,0.0,45,cloudy
Mumbai,2023-01-26,27.3,16.4,21.9,0.0,62,partly_cloudy
Mumbai,2023-01-27,26.4,12.4,20.2,0.0,67,cloudy
Mumbai,2023-01-28,24.9,13.1,18.5,0.0,60,cloudy
Mumbai,2023-01-29,25.6,14.1,19.9,0.0,58,sunny
Mumbai,2023-01-30,28.4,14.0,20.7,0.0,35,sunny
Mumbai,2023-01-31,24.4,12.0,19.9,4.4,48,cloudy
Mumbai,2023-02-01,26.2,17.0,21.1,0.0,39,cloudy
Mumbai,2023-02-02,24.9,15.0,21.6,7.8,64,partly_cloudy
Mumbai,2023-02-03,26.0,11.5,18.1,0.0,48,sunny
Mumbai,2023-02-04,25.3,17.1,20.4,0.0,66,sunny
Mumbai,2023-02-05,28.1,13.3,21.1,0.0,38,partly_cloudy
Mumbai,2023-02-06,26.6,13.6,20.5,0.0,39,sunny
Mumbai,2023-02-07,23.9,13.9,18.7,0.0,67,sunny
Mumbai,2023-02-08,25.6,12.9,20.3,0.0,42,cloudy
Mumbai,2023-02-09,24.3,14.5,20.7,0.0,38,sunny
Mumbai,2023-02-10,27.1,17.0,21.1,0.0,35,sunny
Mumbai,2023-02-11,23.8,13.5,19.3,0.0,35,sunny
Mumbai,2023-02-12,27.4,13.2,19.5,0.0,48,partly_cloudy
Mumbai,2023-02-13,22.3,11.6,18.2,6.4,45,cloudy
Mumbai,2023-02-14,25.9,14.5,21.4,0.0,62,cloudy
Mumbai,2023-02-15,26.6,17.2,21.9,0.0,35,partly_cloudy
Mumbai,2023-02-16,25.9,13.2,18.5,0.0,67,cloudy
Mumbai,2023-02-17,28.6,13.0,20.7,0.0,47,partly_cloudy
Mumbai,2023-02-18,28.5,16.1,21.1,0.0,62,cloudy
Mumbai,2023-02-19,25.0,13.7,18.9,0.0,64,partly_cloudy
Mumbai,2023-02-20,22.3,13.1,19.1,0.0,43,cloudy
Mumbai,2023-02-21,29.6,18.4,21.8,0.0,30,cloudy
Mumbai,2023-02-22,23.7,15.6,19.5,0.0,57,sunny
Mumbai,2023-02-23,26.9,14.0,20.4,4.5,43,cloudy
Mumbai,2023-02-24,24.1,13.5,18.9,0.0,60,partly_cloudy
Mumbai,2023-02-25,22.7,12.6,19.2,0.0,50,partly_cloudy
Mumbai,2023-02-26,26.8,12.3,19.7,0.0,48,cloudy
Mumbai,2023-02-27,26.9,16.8,20.1,0.0,39,sunny
Mumbai,2023-02-28,24.7,16.4,21.6,0.0,57,partly_cloudy
Mumbai,2023-03-01,34.3,23.2,31.1,0.0,36,partly_cloudy
Mumbai,2023-03-02,41.4,28.1,33.5,0.0,56,cloudy
Mumbai,2023-03-03,43.1,31.0,36.9,0.0,39,sunny
Mumbai,2023-03-04,35.8,28.6,32.5,0.0,67,cloudy
Mumbai,2023-03-05,41.4,30.3,35.7,0.0,46,partly_cloudy
Mumbai,2023-03-06,35.9,23.4,31.3,0.0,56,cloudy
Mumbai,2023-03-07,36.0,23.7,31.5,0.0,54,cloudy
Mumbai,2023-03-08,42.0,32.2,36.4,0.0,49,sunny
Mumbai,2023-03-09,36.8,30.1,33.3,0.0,33,partly_cloudy
Mumbai,2023-03-10,42.0,31.3,36.6,0.0,59,partly_cloudy
Mumbai,2023-03-11,38.6,29.9,33.6,0.0,31,cloudy
Mumbai,2023-03-12,40.0,32.6,35.7,0.0,66,sunny
Mumbai,2023-03-13,39.4,29.8,33.5,0.0,31,cloudy
Mumbai,2023-03-14,40.0,29.0,33.7,0.0,62,sunny
Mumbai,2023-03-15,35.6,24.0,31.5,0.0,35,sunny
Mumbai,2023-03-16,36.8,28.0,32.2,0.0,62,sunny
Mumbai,2023-03-17,39.0,25.4,32.0,0.0,48,cloudy
Mumbai,2023-03-18,38.9,29.2,35.8,0.0,66,partly_cloudy
Mumbai,2023-03-19,39.2,25.2,31.2,0.0,48,cloudy
Mumbai,2023-03-20,37.9,27.5,31.6,0.0,43,cloudy
Mumbai,2023-03-21,38.3,28.2,31.6,2.7,52,sunny
Mumbai,2023-03-22,38.0,24.1,31.7,0.0,45,partly_cloudy
Mumbai,2023-03-23,38.0,27.6,34.2,0.0,63,partly_cloudy
Mumbai,2023-03-24,35.9,27.2,32.4,0.0,61,sunny
Mumbai,2023-03-25,39.0,26.9,32.9,0.0,50,cloudy
Mumbai,2023-03-26,39.5,29.1,35.7,0.0,55,cloudy
Mumbai,2023-03-27,41.8,33.0,36.6,0.0,61,cloudy
Mumbai,2023-03-28,39.6,28.6,36.3,0.0,44,cloudy
Mumbai,2023-03-29,38.8,27.5,33.9,0.0,64,cloudy
Mumbai,2023-03-30,35.2,26.8,31.1,0.0,63,partly_cloudy
Mumbai,2023-03-31,34.6,25.8,31.3,0.0,51,cloudy
Mumbai,2023-04-01,38.6,27.1,33.0,0.0,46,partly_cloudy
Mumbai,2023-04-02,40.8,30.0,33.3,0.0,51,sunny
Mumbai,2023-04-03,40.9,28.9,36.9,0.0,45,partly_cloudy
Mumbai,2023-04-04,39.9,25.3,33.2,0.0,51,cloudy
Mumbai,2023-04-05,38.9,31.2,34.2,0.0,32,partly_cloudy
Mumbai,2023-04-06,36.0,25.9,32.8,0.0,70,sunny
Mumbai,2023-04-07,39.4,28.3,31.8,4.8,37,sunny
Mumbai,2023-04-08,39.6,31.1,35.4,0.0,48,cloudy
Mumbai,2023-04-09,39.7,30.1,33.3,0.0,48,sunny
Mumbai,2023-04-10,42.0,31.4,35.5,0.0,56,sunny
Mumbai,2023-04-11,40.8,30.2,34.7,0.0,65,partly_cloudy
Mumbai,2023-04-12,42.9,32.8,37.0,0.3,57,cloudy
Mumbai,2023-04-13,36.6,25.4,32.6,8.9,40,sunny
Mumbai,2023-04-14,39.4,25.3,32.6,0.0,62,partly_cloudy
Mumbai,2023-04-15,43.1,31.0,35.4,0.0,37,partly_cloudy
Mumbai,2023-04-16,42.7,29.6,35.9,0.0,39,sunny
Mumbai,2023-04-17,35.7,27.8,31.0,0.0,64,partly_cloudy
Mumbai,2023-04-18,34.7,27.6,31.3,0.0,53,sunny
Mumbai,2023-04-19,43.3,28.1,36.0,0.0,36,cloudy
Mumbai,2023-04-20,39.6,28.4,35.7,0.0,65,sunny
Mumbai,2023-04-21,36.8,24.5,31.4,0.0,46,sunny
Mumbai,2023-04-22,42.5,30.7,36.9,3.8,45,partly_cloudy
Mumbai,2023-04-23,37.8,27.5,31.2,0.0,63,sunny
Mumbai,2023-04-24,43.3,30.7,36.2,0.0,56,partly_cloudy
Mumbai,2023-04-25,37.6,27.9,31.4,0.0,31,sunny
Mumbai,2023-04-26,40.3,31.0,36.4,0.0,62,partly_cloudy
Mumbai,2023-04-27,36.9,25.1,31.9,0.0,58,cloudy
Mumbai,2023-04-28,41.3,29.6,34.0,0.0,64,sunny
Mumbai,2023-04-29,42.1,30.7,34.8,0.0,33,cloudy
Mumbai,2023-04-30,40.7,25.5,33.1,0.0,65,sunny
Mumbai,2023-05-01,38.7,28.3,35.2,0.0,56,cloudy
Mumbai,2023-05-02,37.4,28.1,33.7,0.0,57,cloudy
Mumbai,2023-05-03,35.8,26.1,32.3,0.0,37,sunny
Mumbai,2023-05-04,39.5,32.5,35.9,0.0,45,sunny
Mumbai,2023-05-05,37.8,28.5,32.7,4.8,66,partly_cloudy
Mumbai,2023-05-06,38.3,23.4,31.1,0.0,65,sunny
Mumbai,2023-05-07,39.3,25.9,33.5,6.8,35,partly_cloudy
Mumbai,2023-05-08,41.4,32.0,35.7,0.0,69,cloudy
Mumbai,2023-05-09,39.7,27.5,34.2,0.0,56,sunny
Mumbai,2023-05-10,40.9,29.8,33.5,0.0,32,partly_cloudy
Mumbai,2023-05-11,40.1,28.1,34.9,0.0,39,partly_cloudy
Mumbai,2023-05-12,37.5,26.7,34.3,0.0,61,partly_cloudy
Mumbai,2023-05-13,39.6,30.3,36.0,0.0,61,sunny
Mumbai,2023-05-14,36.5,26.0,33.5,0.0,33,sunny
Mumbai,2023-05-15,36.4,27.2,32.9,0.0,36,cloudy
Mumbai,2023-05-16,38.1,28.0,31.9,0.0,47,partly_cloudy
Mumbai,2023-05-17,42.3,29.4,36.1,6.0,49,partly_cloudy
Mumbai,2023-05-18,35.4,26.2,31.9,0.0,30,cloudy
Mumbai,2023-05-19,36.7,28.6,33.4,0.0,58,cloudy
Mumbai,2023-05-20,40.6,27.6,34.0,0.0,60,partly_cloudy
Mumbai,2023-05-21,41.5,31.3,34.6,0.0,41,cloudy
Mumbai,2023-05-22,38.5,24.3,31.3,0.0,65,partly_cloudy
Mumbai,2023-05-23,37.9,30.0,34.2,0.0,43,partly_cloudy
Mumbai,2023-05-24,40.5,32.1,37.0,0.0,38,cloudy
Mumbai,2023-05-25,39.8,24.7,32.6,0.0,55,partly_cloudy
Mumbai,2023-05-26,39.5,27.9,34.0,0.0,61,cloudy
Mumbai,2023-05-27,37.6,27.8,33.4,2.1,65,cloudy
Mumbai,2023-05-28,35.5,24.6,31.2,0.0,36,cloudy
Mumbai,2023-05-29,37.6,28.5,33.6,0.0,35,sunny
Mumbai,2023-05-30,38.8,25.9,31.4,0.0,68,sunny
Mumbai,2023-05-31,43.4,33.4,36.9,0.0,49,partly_cloudy
Mumbai,2023-06-01,35.6,24.0,27.9,0.0,72,sunny
Mumbai,2023-06-02,30.9,20.0,27.3,40.8,52,rainy
Mumbai,2023-06-03,31.0,18.9,26.6,35.3,54,rainy
Mumbai,2023-06-04,29.0,18.7,25.3,26.1,88,rainy
Mumbai,2023-06-05,31.8,21.4,25.1,0.0,44,sunny
Mumbai,2023-06-06,29.3,18.2,26.0,0.0,52,sunny
Mumbai,2023-06-07,30.7,19.7,26.8,0.0,80,sunny
Mumbai,2023-06-08,29.1,21.6,25.7,5.9,80,rainy
Mumbai,2023-06-09,28.2,17.6,24.7,47.1,54,rainy
Mumbai,2023-06-10,31.4,24.4,28.0,6.6,67,rainy
Mumbai,2023-06-11,30.6,20.0,26.2,49.8,72,rainy
Mumbai,2023-06-12,30.7,18.2,23.1,0.0,44,cloudy
Mumbai,2023-06-13,30.7,21.6,26.5,18.4,51,rainy
Mumbai,2023-06-14,35.1,19.5,27.2,0.0,53,cloudy
Mumbai,2023-06-15,32.1,22.9,28.3,33.0,40,rainy
Mumbai,2023-06-16,30.0,20.0,25.5,12.5,44,rainy
Mumbai,2023-06-17,34.0,24.8,28.2,29.1,76,rainy
Mumbai,2023-06-18,30.1,21.4,26.4,0.0,57,sunny
Mumbai,2023-06-19,30.8,22.6,26.7,37.7,43,rainy
Mumbai,2023-06-20,31.2,20.5,23.6,40.8,92,rainy
Mumbai,2023-06-21,31.3,18.5,24.4,27.8,54,rainy
Mumbai,2023-06-22,29.7,20.2,25.3,0.0,79,sunny
Mumbai,2023-06-23,28.7,18.4,24.9,0.0,83,sunny
Mumbai,2023-06-24,30.2,22.5,27.1,44.9,71,rainy
Mumbai,2023-06-25,31.8,20.5,26.8,16.5,89,rainy
Mumbai,2023-06-26,33.9,21.5,26.2,26.7,59,rainy
Mumbai,2023-06-27,32.9,24.3,27.7,11.7,53,rainy
Mumbai,2023-06-28,31.4,17.7,25.6,0.0,78,cloudy
Mumbai,2023-06-29,31.7,17.0,23.8,0.0,49,cloudy
Mumbai,2023-06-30,28.8,20.2,25.8,0.0,57,sunny
Mumbai,2023-07-01,30.5,23.3,27.0,24.9,50,rainy
Mumbai,2023-07-02,29.0,21.0,24.2,38.6,76,rainy
Mumbai,2023-07-03,27.0,16.2,23.9,19.7,68,rainy
Mumbai,2023-07-04,33.4,20.1,27.9,11.2,91,rainy
Mumbai,2023-07-05,31.7,20.3,27.3,38.6,65,rainy
Mumbai,2023-07-06,31.4,24.0,27.1,0.0,91,cloudy
Mumbai,2023-07-07,30.2,17.7,24.3,12.1,72,rainy
Mumbai,2023-07-08,31.1,21.3,27.4,8.8,73,rainy
Mumbai,2023-07-09,29.9,18.3,24.0,0.0,91,sunny
Mumbai,2023-07-10,27.0,18.5,23.6,20.8,93,rainy
Mumbai,2023-07-11,33.0,21.6,27.2,19.3,73,rainy
Mumbai,2023-07-12,32.6,19.7,25.5,0.0,59,sunny
Mumbai,2023-07-13,29.9,20.3,25.9,0.0,51,sunny
Mumbai,2023-07-14,31.6,20.6,27.9,43.1,86,rainy
Mumbai,2023-07-15,28.1,17.0,23.5,0.0,61,cloudy
Mumbai,2023-07-16,30.9,17.3,24.0,36.4,49,rainy
Mumbai,2023-07-17,35.8,21.0,28.8,0.0,67,cloudy
Mumbai,2023-07-18,34.4,19.8,27.7,0.0,79,sunny
Mumbai,2023-07-19,30.0,18.3,25.6,35.1,87,rainy
Mumbai,2023-07-20,29.0,16.0,23.6,29.2,64,rainy
Mumbai,2023-07-21,32.7,21.4,28.4,0.0,73,cloudy
Mumbai,2023-07-22,31.1,19.0,26.9,0.0,44,sunny
Mumbai,2023-07-23,33.1,25.0,28.2,0.0,69,sunny
Mumbai,2023-07-24,27.2,20.4,23.8,48.7,43,rainy
Mumbai,2023-07-25,30.6,21.6,26.3,13.6,51,rainy
Mumbai,2023-07-26,31.8,22.8,26.2,40.4,71,rainy
Mumbai,2023-07-27,31.3,17.6,25.6,0.0,88,sunny
Mumbai,2023-07-28,34.0,22.4,26.9,0.0,54,sunny
Mumbai,2023-07-29,32.7,24.0,27.5,9.7,93,rainy
Mumbai,2023-07-30,33.7,22.2,27.6,0.0,75,cloudy
Mumbai,2023-07-31,31.5,22.2,26.2,20.0,67,rainy
Mumbai,2023-08-01,34.9,21.6,27.7,32.0,67,rainy
Mumbai,2023-08-02,35.7,25.3,28.8,35.7,93,rainy
Mumbai,2023-08-03,31.5,20.6,26.5,25.4,61,rainy
Mumbai,2023-08-04,31.2,17.7,24.6,48.5,93,rainy
Mumbai,2023-08-05,30.8,19.5,23.7,0.0,93,cloudy
Mumbai,2023-08-06,33.7,19.7,27.6,0.0,93,sunny
Mumbai,2023-08-07,32.7,23.6,26.9,9.4,61,rainy
Mumbai,2023-08-08,31.4,17.2,23.9,45.5,40,rainy
Mumbai,2023-08-09,30.8,18.0,23.2,0.0,68,cloudy
Mumbai,2023-08-10,30.6,18.5,25.6,34.7,55,rainy
Mumbai,2023-08-11,31.0,21.0,24.9,23.9,74,rainy
Mumbai,2023-08-12,30.2,19.7,23.7,20.3,83,rainy
Mumbai,2023-08-13,27.7,16.4,23.3,0.0,59,cloudy
Mumbai,2023-08-14,30.7,23.7,27.5,14.3,89,rainy
Mumbai,2023-08-15,27.7,16.7,23.5,0.0,66,cloudy
Mumbai,2023-08-16,35.3,21.5,28.1,37.6,83,rainy
Mumbai,2023-08-17,29.2,18.0,24.5,0.0,49,sunny
Mumbai,2023-08-18,26.9,16.0,23.6,0.0,94,cloudy
Mumbai,2023-08-19,32.9,21.7,25.6,29.4,58,rainy
Mumbai,2023-08-20,32.5,18.8,26.4,21.6,58,rainy
Mumbai,2023-08-21,31.6,19.8,26.1,0.0,95,sunny
Mumbai,2023-08-22,30.5,20.7,26.4,45.2,72,rainy
Mumbai,2023-08-23,29.5,19.0,26.2,0.0,57,sunny
Mumbai,2023-08-24,28.3,16.8,24.5,7.6,52,rainy
Mumbai,2023-08-25,30.3,18.5,24.7,0.0,77,sunny
Mumbai,2023-08-26,31.0,22.2,26.5,0.0,62,cloudy
Mumbai,2023-08-27,35.5,21.1,29.0,0.0,88,sunny
Mumbai,2023-08-28,33.1,25.7,28.9,0.0,90,sunny
Mumbai,2023-08-29,31.4,19.8,25.1,0.0,78,sunny
Mumbai,2023-08-30,31.1,19.1,26.3,48.7,49,rainy
Mumbai,2023-08-31,33.9,20.1,26.1,0.0,94,cloudy
Mumbai,2023-09-01,26.4,17.1,23.3,37.3,79,rainy
Mumbai,2023-09-02,33.5,21.4,28.2,0.0,42,cloudy
Mumbai,2023-09-03,30.2,19.0,24.8,9.2,91,rainy
Mumbai,2023-09-04,31.8,21.3,25.4,28.2,70,rainy
Mumbai,2023-09-05,30.3,21.4,27.1,46.9,50,rainy
Mumbai,2023-09-06,30.7,21.9,26.8,11.0,94,rainy
Mumbai,2023-09-07,32.0,23.1,28.6,0.0,91,cloudy
Mumbai,2023-09-08,29.0,18.6,25.7,5.8,93,rainy
Mumbai,2023-09-09,32.4,19.9,26.2,0.0,66,cloudy
Mumbai,2023-09-10,32.7,22.4,26.3,0.0,53,cloudy
Mumbai,2023-09-11,31.3,18.8,26.3,0.0,81,sunny
Mumbai,2023-09-12,31.4,25.2,28.3,0.0,50,cloudy
Mumbai,2023-09-13,30.6,18.9,26.7,0.0,57,cloudy
Mumbai,2023-09-14,27.9,17.1,24.7,28.0,78,rainy
Mumbai,2023-09-15,33.9,22.2,26.9,0.0,55,cloudy
Mumbai,2023-09-16,30.9,19.3,25.1,23.7,76,rainy
Mumbai,2023-09-17,28.3,20.3,24.8,10.5,46,rainy
Mumbai,2023-09-18,27.9,20.3,24.7,0.0,86,cloudy
Mumbai,2023-09-19,29.6,21.6,26.3,0.0,95,cloudy
Mumbai,2023-09-20,29.3,19.1,25.6,35.7,69,rainy
Mumbai,2023-09-21,28.7,17.8,23.5,5.6,78,rainy
Mumbai,2023-09-22,33.3,24.1,28.6,20.0,80,rainy
Mumbai,2023-09-23,28.9,21.7,25.6,9.5,65,rainy
Mumbai,2023-09-24,29.7,16.5,23.6,30.4,86,rainy
Mumbai,2023-09-25,32.1,21.8,26.2,38.8,80,rainy
Mumbai,2023-09-26,29.0,17.5,25.0,0.0,67,sunny
Mumbai,2023-09-27,31.7,20.9,27.0,25.5,42,rainy
Mumbai,2023-09-28,32.4,20.4,28.4,43.2,55,rainy
Mumbai,2023-09-29,29.0,20.3,23.4,9.5,51,rainy
Mumbai,2023-09-30,32.5,18.3,25.5,0.0,53,sunny
Mumbai,2023-10-01,32.7,23.4,28.1,0.0,52,partly_cloudy
Mumbai,2023-10-02,31.1,22.6,27.8,0.0,35,sunny
Mumbai,2023-10-03,31.7,22.6,28.0,0.0,41,partly_cloudy
Mumbai,2023-10-04,32.2,22.1,27.2,0.0,64,partly_cloudy
Mumbai,2023-10-05,33.1,22.0,27.5,0.0,59,sunny
Mumbai,2023-10-06,34.1,21.6,28.7,7.5,69,cloudy
Mumbai,2023-10-07,31.1,22.6,27.4,7.5,47,partly_cloudy
Mumbai,2023-10-08,34.7,25.6,29.7,0.0,61,partly_cloudy
Mumbai,2023-10-09,29.9,20.2,26.1,3.8,56,sunny
Mumbai,2023-10-10,34.4,19.0,26.4,0.0,31,cloudy
Mumbai,2023-10-11,35.1,21.2,28.4,0.0,59,partly_cloudy
Mumbai,2023-10-12,31.5,19.7,27.5,2.5,70,cloudy
Mumbai,2023-10-13,33.0,21.8,26.6,9.7,34,cloudy
Mumbai,2023-10-14,31.6,24.2,27.7,0.0,53,sunny
Mumbai,2023-10-15,33.6,23.4,27.7,0.0,58,cloudy
Mumbai,2023-10-16,33.8,20.3,27.5,0.0,62,sunny
Mumbai,2023-10-17,33.8,21.3,29.2,0.0,58,sunny
Mumbai,2023-10-18,34.4,20.3,27.5,0.0,32,sunny
Mumbai,2023-10-19,33.3,20.2,27.5,0.0,66,sunny
Mumbai,2023-10-20,34.3,25.8,29.8,0.0,53,cloudy
Mumbai,2023-10-21,33.0,18.4,26.1,0.2,34,partly_cloudy
Mumbai,2023-10-22,33.5,21.8,27.0,0.0,42,sunny
Mumbai,2023-10-23,34.3,22.9,29.4,0.0,70,cloudy
Mumbai,2023-10-24,35.8,23.2,28.2,0.0,40,partly_cloudy
Mumbai,2023-10-25,32.4,22.8,26.9,0.0,60,partly_cloudy
Mumbai,2023-10-26,34.4,23.4,29.5,0.0,41,cloudy
Mumbai,2023-10-27,35.7,22.8,28.8,0.0,34,partly_cloudy
Mumbai,2023-10-28,30.7,21.7,26.9,0.0,51,cloudy
Mumbai,2023-10-29,35.6,21.8,29.0,0.0,40,cloudy
Mumbai,2023-10-30,34.1,21.7,29.5,0.0,52,cloudy
Mumbai,2023-10-31,33.1,21.3,28.9,0.0,66,partly_cloudy
Mumbai,2023-11-01,31.6,19.6,26.1,6.7,55,cloudy
Mumbai,2023-11-02,31.9,21.5,27.4,0.0,53,sunny
Mumbai,2023-11-03,32.2,22.0,28.6,0.0,54,partly_cloudy
Mumbai,2023-11-04,29.9,19.6,26.3,0.0,44,partly_cloudy
Mumbai,2023-11-05,35.1,23.4,29.6,0.0,51,cloudy
Mumbai,2023-11-06,33.2,23.5,29.2,0.0,42,partly_cloudy
Mumbai,2023-11-07,34.9,20.9,27.4,0.0,48,sunny
Mumbai,2023-11-08,30.9,19.1,26.5,0.0,68,cloudy
Mumbai,2023-11-09,36.0,24.1,29.3,0.0,45,partly_cloudy
Mumbai,2023-11-10,33.1,20.8,27.4,0.0,70,sunny
Mumbai,2023-11-11,32.1,23.5,27.9,0.0,30,partly_cloudy
Mumbai,2023-11-12,31.9,22.5,27.5,0.0,31,cloudy
Mumbai,2023-11-13,32.1,19.5,26.0,0.0,35,cloudy
Mumbai,2023-11-14,35.2,23.7,27.8,0.0,61,sunny
Mumbai,2023-11-15,33.7,19.7,27.2,0.0,41,cloudy
Mumbai,2023-11-16,36.8,22.2,29.3,0.0,40,partly_cloudy
Mumbai,2023-11-17,31.2,22.5,27.7,0.0,55,cloudy
Mumbai,2023-11-18,31.9,22.5,26.6,0.0,43,partly_cloudy
Mumbai,2023-11-19,33.4,21.2,27.6,0.0,59,partly_cloudy
Mumbai,2023-11-20,31.2,24.6,27.8,0.0,62,cloudy
Mumbai,2023-11-21,33.0,20.2,28.1,0.0,67,sunny
Mumbai,2023-11-22,30.6,19.0,27.0,0.0,52,sunny
Mumbai,2023-11-23,34.8,21.2,27.0,0.0,31,sunny
Mumbai,2023-11-24,33.8,24.9,28.1,0.0,55,cloudy
Mumbai,2023-11-25,32.6,22.4,26.2,0.0,36,sunny
Mumbai,2023-11-26,29.6,21.0,26.2,0.0,34,sunny
Mumbai,2023-11-27,36.3,22.6,28.5,0.0,66,sunny
Mumbai,2023-11-28,31.9,22.2,28.2,8.4,36,cloudy
Mumbai,2023-11-29,36.3,24.9,28.3,0.0,54,partly_cloudy
Mumbai,2023-11-30,33.0,21.3,26.9,0.0,68,partly_cloudy
Mumbai,2023-12-01,23.8,15.0,20.5,0.0,49,sunny
Mumbai,2023-12-02,25.1,10.9,18.2,0.0,30,cloudy
Mumbai,2023-12-03,23.8,16.4,19.6,0.0,60,cloudy
Mumbai,2023-12-04,24.7,10.4,18.1,0.0,69,cloudy
Mumbai,2023-12-05,24.8,13.2,19.0,9.3,58,partly_cloudy
Mumbai,2023-12-06,26.7,15.3,20.0,8.1,33,partly_cloudy
Mumbai,2023-12-07,23.8,13.9,20.4,0.0,40,partly_cloudy
Mumbai,2023-12-08,22.4,11.4,18.1,0.0,69,sunny
Mumbai,2023-12-09,21.1,13.4,18.0,0.0,61,partly_cloudy
Mumbai,2023-12-10,26.1,12.1,19.6,0.0,33,partly_cloudy
Mumbai,2023-12-11,26.8,15.7,20.8,0.0,50,cloudy
Mumbai,2023-12-12,23.6,11.5,19.0,0.0,34,partly_cloudy
Mumbai,2023-12-13,23.2,12.4,19.5,0.0,60,cloudy
Mumbai,2023-12-14,25.7,10.8,18.3,0.0,36,sunny
Mumbai,2023-12-15,25.1,15.3,20.4,0.0,49,cloudy
Mumbai,2023-12-16,25.1,13.5,18.3,0.0,62,partly_cloudy
Mumbai,2023-12-17,25.5,12.3,18.2,0.0,40,cloudy
Mumbai,2023-12-18,23.5,13.6,19.3,0.0,67,sunny
Mumbai,2023-12-19,22.0,12.4,18.5,0.0,67,cloudy
Mumbai,2023-12-20,24.7,13.0,20.4,0.0,42,sunny
Mumbai,2023-12-21,24.5,16.0,19.5,0.0,39,cloudy
Mumbai,2023-12-22,25.1,12.4,20.0,4.7,61,partly_cloudy
Mumbai,2023-12-23,25.2,16.1,19.7,0.0,30,cloudy
Mumbai,2023-12-24,28.7,17.2,20.8,0.0,42,cloudy
Mumbai,2023-12-25,24.4,12.3,18.6,0.0,62,cloudy
Mumbai,2023-12-26,27.0,15.3,21.3,0.0,34,sunny
Mumbai,2023-12-27,28.7,15.0,21.6,0.0,31,cloudy
Mumbai,2023-12-28,25.9,16.1,21.1,0.0,61,sunny
Mumbai,2023-12-29,23.1,12.3,19.6,0.0,33,cloudy
Mumbai,2023-12-30,24.1,13.4,19.8,0.0,65,sunny
Mumbai,2023-12-31,26.7,14.1,19.3,0.0,46,cloudy
Mumbai,2024-01-01,26.0,15.2,20.1,0.0,52,sunny
Mumbai,2024-01-02,28.5,14.9,21.3,0.0,62,partly_cloudy
Mumbai,2024-01-03,24.3,12.9,19.3,5.2,34,partly_cloudy
Mumbai,2024-01-04,25.7,12.1,18.7,0.0,30,cloudy
Mumbai,2024-01-05,27.5,17.9,21.4,0.0,68,sunny
Mumbai,2024-01-06,25.4,16.8,21.9,0.0,69,partly_cloudy
Mumbai,2024-01-07,27.1,14.6,19.8,0.0,60,partly_cloudy
Mumbai,2024-01-08,29.7,16.3,21.9,0.0,51,cloudy
Mumbai,2024-01-09,22.9,13.7,18.1,0.0,42,cloudy
Mumbai,2024-01-10,22.8,11.4,18.5,0.0,36,sunny
Mumbai,2024-01-11,26.2,13.7,21.2,6.1,52,cloudy
Mumbai,2024-01-12,22.3,12.9,18.3,0.0,63,sunny
Mumbai,2024-01-13,24.7,13.1,18.3,0.0,42,sunny
Mumbai,2024-01-14,28.0,13.1,20.9,0.0,51,sunny
Mumbai,2024-01-15,25.5,17.3,21.2,6.5,57,partly_cloudy
Mumbai,2024-01-16,24.8,13.7,19.8,0.0,30,cloudy
Mumbai,2024-01-17,26.2,13.9,18.8,0.0,62,sunny
Mumbai,2024-01-18,25.2,15.3,21.2,0.0,43,cloudy
Mumbai,2024-01-19,27.2,12.3,19.5,0.0,40,partly_cloudy
Mumbai,2024-01-20,27.8,16.5,21.3,3.6,70,cloudy
Mumbai,2024-01-21,27.8,18.0,21.1,0.0,38,sunny
Mumbai,2024-01-22,24.3,13.0,20.6,0.0,64,cloudy
Mumbai,2024-01-23,28.1,15.0,21.6,0.0,55,cloudy
Mumbai,2024-01-24,25.1,17.7,21.9,0.0,70,partly_cloudy
Mumbai,2024-01-25,27.2,13.1,20.0,0.0,69,cloudy
Mumbai,2024-01-26,23.4,15.3,19.3,0.0,42,cloudy
Mumbai,2024-01-27,28.0,17.3,21.0,0.0,35,cloudy
Mumbai,2024-01-28,24.0,12.0,19.0,0.0,44,cloudy
Mumbai,2024-01-29,25.2,14.0,21.0,0.0,33,sunny
Mumbai,2024-01-30,22.1,10.8,18.5,0.0,51,cloudy
Mumbai,2024-01-31,26.1,11.6,18.7,0.0,66,cloudy
Mumbai,2024-02-01,28.2,17.8,21.6,0.0,65,cloudy
Mumbai,2024-02-02,23.0,12.2,18.6,0.0,51,sunny
Mumbai,2024-02-03,24.5,13.4,21.3,0.0,54,cloudy
Mumbai,2024-02-04,23.6,13.8,20.0,0.0,48,cloudy
Mumbai,2024-02-05,26.5,16.9,20.4,0.0,51,partly_cloudy
Mumbai,2024-02-06,27.2,15.6,21.2,0.0,34,partly_cloudy
Mumbai,2024-02-07,22.8,12.6,18.3,0.0,68,cloudy
Mumbai,2024-02-08,28.0,14.8,20.5,0.0,40,cloudy
Mumbai,2024-02-09,27.0,13.7,20.2,0.0,50,partly_cloudy
Mumbai,2024-02-10,26.7,12.2,19.1,0.0,67,cloudy
Mumbai,2024-02-11,27.5,15.9,19.6,0.0,68,sunny
Mumbai,2024-02-12,26.6,14.7,21.1,0.0,69,sunny
Mumbai,2024-02-13,27.9,12.3,20.3,0.0,41,sunny
Mumbai,2024-02-14,24.6,13.7,19.7,0.0,35,cloudy
Mumbai,2024-02-15,22.8,14.8,18.3,0.0,68,sunny
Mumbai,2024-02-16,27.7,15.3,20.5,0.0,37,sunny
Mumbai,2024-02-17,25.6,17.6,22.0,0.0,45,partly_cloudy
Mumbai,2024-02-18,24.5,15.2,19.0,0.0,55,sunny
Mumbai,2024-02-19,24.3,15.5,19.6,0.0,45,sunny
Mumbai,2024-02-20,22.8,12.0,19.6,0.0,33,cloudy
Mumbai,2024-02-21,28.8,17.5,21.8,0.0,42,cloudy
Mumbai,2024-02-22,22.6,13.6,18.9,0.0,55,sunny
Mumbai,2024-02-23,23.0,12.4,19.7,0.0,34,cloudy
Mumbai,2024-02-24,25.2,11.0,18.1,0.0,40,cloudy
Mumbai,2024-02-25,28.4,13.5,20.9,8.5,64,sunny
Mumbai,2024-02-26,24.8,11.1,19.0,0.0,53,sunny
Mumbai,2024-02-27,27.8,16.8,20.5,0.0,70,sunny
Mumbai,2024-02-28,28.2,14.9,20.9,0.0,69,sunny
Mumbai,2024-02-29,25.5,14.8,19.4,0.0,31,sunny
Mumbai,2024-03-01,41.5,31.9,35.7,0.0,39,partly_cloudy
Mumbai,2024-03-02,35.6,27.5,31.1,0.0,48,partly_cloudy
Mumbai,2024-03-03,39.1,29.0,35.0,0.0,69,sunny
Mumbai,2024-03-04,35.0,28.3,32.0,0.0,58,cloudy
Mumbai,2024-03-05,42.5,29.2,35.5,0.0,58,partly_cloudy
Mumbai,2024-03-06,39.7,27.9,31.8,4.0,57,partly_cloudy
Mumbai,2024-03-07,39.3,29.4,35.0,0.0,31,partly_cloudy
Mumbai,2024-03-08,37.3,25.7,31.7,0.0,45,partly_cloudy
Mumbai,2024-03-09,39.0,27.2,31.7,0.0,30,partly_cloudy
Mumbai,2024-03-10,34.8,27.2,31.4,0.0,60,partly_cloudy
Mumbai,2024-03-11,39.9,29.2,32.5,0.0,32,partly_cloudy
Mumbai,2024-03-12,42.1,27.7,34.8,0.0,44,cloudy
Mumbai,2024-03-13,39.1,27.6,34.3,7.0,47,partly_cloudy
Mumbai,2024-03-14,38.2,28.6,33.5,0.0,31,cloudy
Mumbai,2024-03-15,37.3,25.3,31.2,0.0,62,cloudy
Mumbai,2024-03-16,39.5,29.2,35.6,0.0,60,partly_cloudy
Mumbai,2024-03-17,37.3,25.4,32.1,0.0,63,partly_cloudy
Mumbai,2024-03-18,36.1,29.2,32.5,0.0,33,sunny
Mumbai,2024-03-19,42.1,28.8,36.1,0.0,57,partly_cloudy
Mumbai,2024-03-20,41.6,30.6,36.5,0.0,51,partly_cloudy
Mumbai,2024-03-21,43.4,29.6,36.0,0.0,35,sunny
Mumbai,2024-03-22,39.9,24.9,32.3,0.0,40,sunny
Mumbai,2024-03-23,36.3,27.6,31.9,0.0,36,partly_cloudy
Mumbai,2024-03-24,39.4,24.8,32.1,0.0,65,partly_cloudy
Mumbai,2024-03-25,38.9,26.6,31.9,0.0,69,partly_cloudy
Mumbai,2024-03-26,42.4,27.8,35.4,0.0,31,partly_cloudy
Mumbai,2024-03-27,41.6,27.0,33.8,0.0,32,cloudy
Mumbai,2024-03-28,40.8,29.9,35.4,0.0,39,partly_cloudy
Mumbai,2024-03-29,41.5,29.9,34.6,0.0,41,partly_cloudy
Mumbai,2024-03-30,36.6,27.1,32.8,0.0,64,partly_cloudy
Mumbai,2024-03-31,39.0,32.1,35.6,0.0,32,partly_cloudy
Mumbai,2024-04-01,38.1,26.5,33.1,0.0,30,sunny
Mumbai,2024-04-02,41.7,32.6,36.4,0.0,70,partly_cloudy
Mumbai,2024-04-03,37.0,28.0,33.0,0.0,40,partly_cloudy
Mumbai,2024-04-04,39.7,28.5,36.3,0.0,55,sunny
Mumbai,2024-04-05,39.6,29.5,35.7,0.0,55,sunny
Mumbai,2024-04-06,37.1,26.1,33.8,0.0,34,cloudy
Mumbai,2024-04-07,36.9,28.2,31.5,0.0,49,partly_cloudy
Mumbai,2024-04-08,40.8,31.2,35.5,0.0,35,cloudy
Mumbai,2024-04-09,43.9,32.7,36.1,0.0,34,sunny
Mumbai,2024-04-10,40.0,29.2,33.5,0.0,60,sunny
Mumbai,2024-04-11,37.4,26.5,34.1,0.0,54,partly_cloudy
Mumbai,2024-04-12,39.4,28.3,33.2,0.0,57,sunny
Mumbai,2024-04-13,41.8,26.3,33.9,0.0,56,cloudy
Mumbai,2024-04-14,41.5,32.2,36.9,0.0,55,sunny
Mumbai,2024-04-15,37.4,27.1,33.1,0.0,54,cloudy
Mumbai,2024-04-16,43.9,29.6,36.6,0.0,52,partly_cloudy
Mumbai,2024-04-17,37.1,28.9,32.2,0.0,44,sunny
Mumbai,2024-04-18,37.3,30.9,34.1,0.0,64,sunny
Mumbai,2024-04-19,40.9,30.0,33.1,0.0,68,cloudy
Mumbai,2024-04-20,38.1,28.9,34.6,4.0,53,partly_cloudy
Mumbai,2024-04-21,40.4,32.6,36.4,0.0,68,cloudy
Mumbai,2024-04-22,41.9,30.5,35.9,0.0,66,cloudy
Mumbai,2024-04-23,39.2,25.7,33.2,1.1,68,cloudy
Mumbai,2024-04-24,39.0,24.5,31.5,0.0,60,cloudy
Mumbai,2024-04-25,42.9,33.5,36.5,0.0,62,sunny
Mumbai,2024-04-26,38.0,28.1,34.8,0.0,46,cloudy
Mumbai,2024-04-27,37.2,27.0,33.2,0.0,38,cloudy
Mumbai,2024-04-28,38.1,29.0,34.9,0.0,30,cloudy
Mumbai,2024-04-29,42.2,28.0,35.7,0.0,45,sunny
Mumbai,2024-04-30,36.8,24.9,31.4,0.0,62,cloudy
Mumbai,2024-05-01,35.9,29.1,32.6,0.0,47,sunny
Mumbai,2024-05-02,38.9,27.7,32.3,0.0,44,sunny
Mumbai,2024-05-03,41.3,29.8,35.5,0.0,55,cloudy
Mumbai,2024-05-04,38.6,29.1,32.6,0.0,45,partly_cloudy
Mumbai,2024-05-05,42.2,29.8,36.7,0.0,37,sunny
Mumbai,2024-05-06,40.0,32.5,36.2,0.0,47,partly_cloudy
Mumbai,2024-05-07,39.6,27.2,33.2,0.0,48,partly_cloudy
Mumbai,2024-05-08,39.1,27.4,32.9,0.0,44,partly_cloudy
Mumbai,2024-05-09,41.3,29.2,33.5,2.3,49,partly_cloudy
Mumbai,2024-05-10,38.3,25.6,32.7,0.0,62,cloudy
Mumbai,2024-05-11,37.0,25.4,33.0,0.1,68,sunny
Mumbai,2024-05-12,41.7,32.3,36.2,0.0,53,partly_cloudy
Mumbai,2024-05-13,38.4,27.1,33.1,0.0,37,partly_cloudy
Mumbai,2024-05-14,42.8,31.5,36.6,0.0,70,sunny
Mumbai,2024-05-15,39.1,30.4,34.8,0.0,70,sunny
Mumbai,2024-05-16,36.0,23.8,31.6,0.0,61,sunny
Mumbai,2024-05-17,37.0,26.5,33.4,0.0,63,partly_cloudy
Mumbai,2024-05-18,39.0,26.9,34.0,0.0,46,cloudy
Mumbai,2024-05-19,43.3,29.7,35.7,0.0,63,cloudy
Mumbai,2024-05-20,40.4,28.6,34.0,0.0,30,sunny
Mumbai,2024-05-21,37.7,27.7,32.6,0.0,53,sunny
Mumbai,2024-05-22,39.5,27.8,35.2,0.0,57,sunny
Mumbai,2024-05-23,44.6,33.4,37.0,0.0,42,cloudy
Mumbai,2024-05-24,37.7,26.1,33.4,0.0,68,partly_cloudy
Mumbai,2024-05-25,36.9,25.2,32.4,0.0,48,partly_cloudy
Mumbai,2024-05-26,42.5,31.9,36.8,0.0,60,partly_cloudy
Mumbai,2024-05-27,44.8,32.1,36.9,0.0,48,cloudy
Mumbai,2024-05-28,41.5,31.7,36.9,0.0,55,cloudy
Mumbai,2024-05-29,40.1,31.1,36.8,0.0,65,sunny
Mumbai,2024-05-30,41.9,27.6,35.6,0.0,61,sunny
Mumbai,2024-05-31,43.5,30.7,36.7,0.0,33,partly_cloudy
Mumbai,2024-06-01,36.1,23.4,28.5,8.2,62,rainy
Mumbai,2024-06-02,33.6,21.0,28.6,34.0,58,rainy
Mumbai,2024-06-03,31.1,15.6,23.3,0.0,73,sunny
Mumbai,2024-06-04,32.8,22.3,26.7,13.8,55,rainy
Mumbai,2024-06-05,30.8,19.2,23.8,0.0,91,cloudy
Mumbai,2024-06-06,33.6,21.1,26.5,35.3,56,rainy
Mumbai,2024-06-07,26.1,17.6,23.0,43.7,76,rainy
Mumbai,2024-06-08,31.5,19.7,26.5,27.2,88,rainy
Mumbai,2024-06-09,30.4,15.7,23.6,36.4,77,rainy
Mumbai,2024-06-10,35.6,23.1,28.6,0.0,54,cloudy
Mumbai,2024-06-11,26.5,16.5,23.2,6.8,41,rainy
Mumbai,2024-06-12,30.5,19.5,25.9,0.0,41,cloudy
Mumbai,2024-06-13,28.5,20.7,24.1,12.1,47,rainy
Mumbai,2024-06-14,28.7,17.9,25.4,42.0,59,rainy
Mumbai,2024-06-15,27.1,17.2,23.0,46.8,83,rainy
Mumbai,2024-06-16,27.8,19.4,23.5,30.0,73,rainy
Mumbai,2024-06-17,29.5,21.4,25.4,21.0,95,rainy
Mumbai,2024-06-18,34.9,23.1,28.7,44.6,42,rainy
Mumbai,2024-06-19,35.8,20.1,27.9,33.0,58,rainy
Mumbai,2024-06-20,29.6,15.5,23.2,37.1,58,rainy
Mumbai,2024-06-21,32.3,19.9,27.1,0.0,77,cloudy
Mumbai,2024-06-22,32.6,22.2,27.8,39.6,70,rainy
Mumbai,2024-06-23,34.6,24.9,29.0,8.4,75,rainy
Mumbai,2024-06-24,28.3,19.8,23.5,0.0,45,cloudy
Mumbai,2024-06-25,29.0,20.0,23.7,35.7,48,rainy
Mumbai,2024-06-26,31.4,19.9,23.8,10.7,74,rainy
Mumbai,2024-06-27,35.7,20.3,28.1,0.0,69,cloudy
Mumbai,2024-06-28,32.8,21.3,25.1,0.0,56,sunny
Mumbai,2024-06-29,31.2,17.0,24.3,8.0,64,rainy
Mumbai,2024-06-30,35.2,20.9,27.5,49.5,76,rainy
Mumbai,2024-07-01,29.0,18.5,23.5,21.9,78,rainy
Mumbai,2024-07-02,34.9,21.9,28.7,45.9,71,rainy
Mumbai,2024-07-03,28.0,21.3,24.7,8.8,64,rainy
Mumbai,2024-07-04,27.9,21.5,24.6,0.0,94,sunny
Mumbai,2024-07-05,29.9,17.4,23.1,0.0,67,cloudy
Mumbai,2024-07-06,33.9,18.9,26.8,25.3,44,rainy
Mumbai,2024-07-07,28.4,18.0,24.9,0.0,48,cloudy
Mumbai,2024-07-08,30.5,17.1,23.5,0.0,48,cloudy
Mumbai,2024-07-09,27.6,18.0,23.4,47.0,94,rainy
Mumbai,2024-07-10,31.6,21.4,25.8,8.4,65,rainy
Mumbai,2024-07-11,30.6,20.0,23.7,0.0,95,sunny
Mumbai,2024-07-12,33.1,22.9,26.2,17.8,65,rainy
Mumbai,2024-07-13,34.1,23.0,27.0,9.6,49,rainy
Mumbai,2024-07-14,33.3,20.2,25.5,44.2,83,rainy
Mumbai,2024-07-15,31.5,23.4,28.2,6.0,95,rainy
Mumbai,2024-07-16,31.2,20.7,24.1,0.0,47,cloudy
Mumbai,2024-07-17,30.8,20.8,27.0,0.0,78,sunny
Mumbai,2024-07-18,30.1,22.9,27.0,26.0,69,rainy
Mumbai,2024-07-19,31.9,17.9,24.1,7.4,60,rainy
Mumbai,2024-07-20,32.9,21.0,25.3,32.4,40,rainy
Mumbai,2024-07-21,31.2,19.7,23.7,31.7,63,rainy
Mumbai,2024-07-22,27.4,20.5,23.5,33.9,40,rainy
Mumbai,2024-07-23,31.7,23.6,26.8,0.0,78,sunny
Mumbai,2024-07-24,32.6,20.3,27.5,0.0,43,cloudy
Mumbai,2024-07-25,31.9,19.4,24.7,0.0,59,cloudy
Mumbai,2024-07-26,28.5,19.8,23.7,13.2,49,rainy
Mumbai,2024-07-27,31.9,21.7,27.9,43.0,54,rainy
Mumbai,2024-07-28,28.2,16.7,23.5,37.3,46,rainy
Mumbai,2024-07-29,36.4,22.4,28.4,8.4,79,rainy
Mumbai,2024-07-30,32.0,20.6,27.6,46.5,63,rainy
Mumbai,2024-07-31,31.3,23.6,26.9,29.3,93,rainy
Mumbai,2024-08-01,31.2,18.4,23.3,36.4,54,rainy
Mumbai,2024-08-02,35.3,24.4,28.1,0.0,49,cloudy
Mumbai,2024-08-03,34.8,20.3,28.3,18.0,87,rainy
Mumbai,2024-08-04,29.4,21.5,24.8,38.2,78,rainy
Mumbai,2024-08-05,29.9,19.6,23.1,0.0,78,sunny
Mumbai,2024-08-06,27.9,16.3,24.0,0.0,50,cloudy
Mumbai,2024-08-07,29.8,21.9,25.2,0.0,95,sunny
Mumbai,2024-08-08,32.4,23.3,26.8,0.0,87,sunny
Mumbai,2024-08-09,29.5,20.0,25.1,29.0,79,rainy
Mumbai,2024-08-10,31.8,20.8,27.2,5.1,66,rainy
Mumbai,2024-08-11,34.7,21.8,27.4,13.6,80,rainy
Mumbai,2024-08-12,26.9,17.7,23.1,0.0,92,cloudy
Mumbai,2024-08-13,30.5,21.0,25.4,31.6,67,rainy
Mumbai,2024-08-14,30.0,23.1,26.7,35.7,61,rainy
Mumbai,2024-08-15,31.2,16.4,23.9,0.0,71,sunny
Mumbai,2024-08-16,27.4,16.0,23.8,0.0,54,cloudy
Mumbai,2024-08-17,32.4,21.8,28.7,24.4,41,rainy
Mumbai,2024-08-18,34.1,23.1,27.9,15.4,90,rainy
Mumbai,2024-08-19,31.7,20.5,27.4,0.0,55,cloudy
Mumbai,2024-08-20,31.9,18.8,26.4,6.4,67,rainy
Mumbai,2024-08-21,31.2,22.0,26.1,22.3,93,rainy
Mumbai,2024-08-22,30.6,19.6,26.8,36.8,79,rainy
Mumbai,2024-08-23,29.6,19.7,25.7,0.0,71,sunny
Mumbai,2024-08-24,32.6,22.3,27.1,34.9,43,rainy
Mumbai,2024-08-25,32.3,22.3,26.2,0.0,76,cloudy
Mumbai,2024-08-26,29.6,20.6,25.2,13.7,91,rainy
Mumbai,2024-08-27,27.0,16.1,23.5,0.0,75,sunny
Mumbai,2024-08-28,33.2,23.8,28.6,37.2,59,rainy
Mumbai,2024-08-29,28.0,21.7,24.9,0.0,42,cloudy
Mumbai,2024-08-30,33.0,20.7,27.4,25.0,55,rainy
Mumbai,2024-08-31,32.8,24.0,27.7,23.0,72,rainy
Mumbai,2024-09-01,32.3,18.5,25.8,43.4,59,rainy
Mumbai,2024-09-02,32.8,17.5,25.3,0.0,53,cloudy
Mumbai,2024-09-03,35.1,22.3,28.5,42.5,65,rainy
Mumbai,2024-09-04,31.7,19.8,27.5,0.0,73,cloudy
Mumbai,2024-09-05,33.9,24.9,28.3,0.0,51,cloudy
Mumbai,2024-09-06,32.5,21.6,26.9,0.0,59,cloudy
Mumbai,2024-09-07,31.6,19.2,26.8,31.9,48,rainy
Mumbai,2024-09-08,34.6,21.7,28.1,47.5,64,rainy
Mumbai,2024-09-09,31.4,18.9,23.7,0.0,52,cloudy
Mumbai,2024-09-10,28.4,19.2,24.1,0.0,45,cloudy
Mumbai,2024-09-11,33.5,21.0,26.2,0.0,46,cloudy
Mumbai,2024-09-12,26.9,19.7,23.6,25.1,92,rainy
Mumbai,2024-09-13,36.7,23.7,28.8,9.6,85,rainy
Mumbai,2024-09-14,27.6,15.3,23.0,0.0,80,sunny
Mumbai,2024-09-15,28.7,16.2,23.9,27.5,94,rainy
Mumbai,2024-09-16,35.0,21.1,28.3,43.4,60,rainy
Mumbai,2024-09-17,29.5,22.3,26.0,38.8,64,rainy
Mumbai,2024-09-18,31.2,23.7,28.1,47.1,76,rainy
Mumbai,2024-09-19,35.9,21.2,28.3,12.4,60,rainy
Mumbai,2024-09-20,29.2,18.1,24.6,25.8,68,rainy
Mumbai,2024-09-21,29.6,21.0,26.4,0.0,63,sunny
Mumbai,2024-09-22,32.0,17.1,24.1,10.4,48,rainy
Mumbai,2024-09-23,35.4,24.4,28.5,0.0,88,sunny
Mumbai,2024-09-24,33.2,22.0,26.5,0.0,82,cloudy
Mumbai,2024-09-25,32.6,21.5,26.4,5.5,79,rainy
Mumbai,2024-09-26,26.7,15.9,23.1,48.9,83,rainy
Mumbai,2024-09-27,32.5,20.2,26.1,0.0,61,sunny
Mumbai,2024-09-28,28.5,16.2,23.4,36.1,78,rainy
Mumbai,2024-09-29,27.3,17.7,24.0,0.0,68,sunny
Mumbai,2024-09-30,29.0,19.3,25.5,17.3,79,rainy
Mumbai,2024-10-01,30.6,20.2,26.4,0.0,35,partly_cloudy
Mumbai,2024-10-02,31.0,21.4,26.4,2.2,33,partly_cloudy
Mumbai,2024-10-03,35.3,24.6,27.9,0.0,42,partly_cloudy
Mumbai,2024-10-04,32.1,21.9,26.5,0.0,59,partly_cloudy
Mumbai,2024-10-05,32.7,21.9,28.5,0.0,57,sunny
Mumbai,2024-10-06,37.3,24.6,29.9,0.0,38,sunny
Mumbai,2024-10-07,36.0,23.0,28.3,0.0,38,cloudy
Mumbai,2024-10-08,31.4,23.0,26.1,5.3,45,cloudy
Mumbai,2024-10-09,36.9,26.2,29.9,3.7,63,sunny
Mumbai,2024-10-10,35.6,26.1,29.5,0.0,55,sunny
Mumbai,2024-10-11,30.4,18.6,26.5,0.0,37,cloudy
Mumbai,2024-10-12,34.2,22.1,27.3,3.7,34,cloudy
Mumbai,2024-10-13,29.9,21.7,26.0,0.0,65,partly_cloudy
Mumbai,2024-10-14,32.0,21.4,27.2,0.0,32,sunny
Mumbai,2024-10-15,34.4,24.7,27.9,0.0,55,partly_cloudy
Mumbai,2024-10-16,31.1,20.5,26.2,0.0,69,cloudy
Mumbai,2024-10-17,33.5,23.5,29.2,2.1,54,cloudy
Mumbai,2024-10-18,33.3,20.9,27.2,0.0,69,sunny
Mumbai,2024-10-19,34.4,23.2,26.8,0.0,59,cloudy
Mumbai,2024-10-20,34.8,23.6,29.2,0.0,52,partly_cloudy
Mumbai,2024-10-21,36.4,22.3,29.0,0.0,51,partly_cloudy
Mumbai,2024-10-22,35.1,22.2,28.2,0.0,67,partly_cloudy
Mumbai,2024-10-23,31.7,18.8,26.1,7.2,52,cloudy
Mumbai,2024-10-24,34.0,24.3,27.9,0.0,55,partly_cloudy
Mumbai,2024-10-25,31.0,21.1,27.7,0.0,57,partly_cloudy
Mumbai,2024-10-26,32.9,23.7,27.5,4.1,45,partly_cloudy
Mumbai,2024-10-27,32.7,19.1,26.5,0.5,34,cloudy
Mumbai,2024-10-28,32.3,25.6,28.8,0.0,37,cloudy
Mumbai,2024-10-29,34.9,23.5,27.9,0.0,42,partly_cloudy
Mumbai,2024-10-30,37.4,24.0,29.7,0.0,67,cloudy
Mumbai,2024-10-31,33.8,19.9,26.5,0.0,33,sunny
Mumbai,2024-11-01,33.8,23.1,28.2,0.0,36,sunny
Mumbai,2024-11-02,34.6,23.7,28.1,0.0,49,partly_cloudy
Mumbai,2024-11-03,32.4,22.8,27.3,3.3,69,partly_cloudy
Mumbai,2024-11-04,35.0,23.8,27.6,0.0,53,cloudy
Mumbai,2024-11-05,32.9,20.5,27.8,0.0,47,sunny
Mumbai,2024-11-06,32.3,24.6,28.3,0.0,56,partly_cloudy
Mumbai,2024-11-07,36.1,24.2,28.1,0.0,68,cloudy
Mumbai,2024-11-08,37.2,21.4,29.3,0.0,70,sunny
Mumbai,2024-11-09,35.1,21.9,29.6,0.0,37,sunny
Mumbai,2024-11-10,34.0,22.8,29.8,0.0,47,sunny
Mumbai,2024-11-11,32.8,18.9,26.6,0.0,61,sunny
Mumbai,2024-11-12,32.1,25.0,28.5,0.0,47,partly_cloudy
Mumbai,2024-11-13,31.8,23.6,26.6,0.0,56,partly_cloudy
Mumbai,2024-11-14,33.9,22.9,27.7,0.0,53,partly_cloudy
Mumbai,2024-11-15,33.5,23.4,29.0,0.0,37,partly_cloudy
Mumbai,2024-11-16,31.6,21.7,26.5,0.0,42,sunny
Mumbai,2024-11-17,33.4,24.5,29.0,0.0,30,sunny
Mumbai,2024-11-18,32.2,20.4,26.2,0.0,40,cloudy
Mumbai,2024-11-19,34.0,20.7,27.2,0.0,41,partly_cloudy
Mumbai,2024-11-20,35.1,24.6,29.7,0.0,31,cloudy
Mumbai,2024-11-21,36.3,22.4,28.8,0.0,65,cloudy
Mumbai,2024-11-22,33.8,19.5,26.4,0.0,46,cloudy
Mumbai,2024-11-23,33.0,19.9,27.4,0.0,50,sunny
Mumbai,2024-11-24,31.0,24.9,28.0,0.0,39,sunny
Mumbai,2024-11-25,35.0,24.0,28.7,0.0,52,partly_cloudy
Mumbai,2024-11-26,30.3,22.4,26.7,0.0,30,sunny
Mumbai,2024-11-27,29.1,21.8,26.0,0.0,59,partly_cloudy
Mumbai,2024-11-28,34.2,21.5,27.0,9.8,63,cloudy
Mumbai,2024-11-29,29.8,22.8,26.4,0.0,34,partly_cloudy
Mumbai,2024-11-30,33.4,18.8,26.2,0.0,66,sunny
Mumbai,2024-12-01,27.8,18.0,21.6,0.0,63,sunny
Mumbai,2024-12-02,22.4,15.1,19.0,0.0,63,partly_cloudy
Mumbai,2024-12-03,25.9,15.5,21.9,0.0,40,partly_cloudy
Mumbai,2024-12-04,22.0,14.3,18.5,2.4,53,sunny
Mumbai,2024-12-05,27.5,17.2,20.4,0.0,37,sunny
Mumbai,2024-12-06,25.0,12.2,18.4,0.0,38,sunny
Mumbai,2024-12-07,27.1,15.3,20.0,0.0,69,sunny
Mumbai,2024-12-08,28.4,13.7,21.1,0.0,31,cloudy
Mumbai,2024-12-09,26.4,14.4,21.2,0.0,52,cloudy
Mumbai,2024-12-10,23.2,14.6,18.4,0.0,69,cloudy
Mumbai,2024-12-11,22.1,12.1,18.4,0.0,36,cloudy
Mumbai,2024-12-12,23.2,12.1,18.0,0.0,51,partly_cloudy
Mumbai,2024-12-13,27.2,17.6,21.3,0.0,67,partly_cloudy
Mumbai,2024-12-14,24.8,15.8,20.6,0.0,53,cloudy
Mumbai,2024-12-15,27.9,13.0,20.2,0.0,68,sunny
Mumbai,2024-12-16,24.4,15.8,18.9,0.0,58,sunny
Mumbai,2024-12-17,25.0,14.6,19.6,0.0,68,sunny
Mumbai,2024-12-18,22.1,12.9,18.2,9.4,35,cloudy
Mumbai,2024-12-19,24.9,12.7,19.2,0.0,53,partly_cloudy
Mumbai,2024-12-20,22.3,12.9,18.7,0.0,66,sunny
Mumbai,2024-12-21,26.3,12.4,18.6,0.0,39,partly_cloudy
Mumbai,2024-12-22,25.0,13.2,20.3,0.0,63,sunny
Mumbai,2024-12-23,22.5,13.8,19.4,0.0,64,sunny
Mumbai,2024-12-24,27.4,13.0,19.6,5.0,43,sunny
Mumbai,2024-12-25,25.3,16.2,20.1,0.0,67,cloudy
Mumbai,2024-12-26,28.5,14.4,20.6,7.4,57,sunny
Mumbai,2024-12-27,26.2,15.7,21.4,0.0,32,sunny
Mumbai,2024-12-28,25.5,14.7,20.7,1.3,42,sunny
Mumbai,2024-12-29,23.3,14.3,18.8,0.0,59,cloudy
Mumbai,2024-12-30,28.0,17.6,21.3,0.0,44,partly_cloudy
Mumbai,2024-12-31,25.5,12.6,19.7,0.0,57,sunny
Delhi,2022-01-01,23.3,9.6,15.4,5.4,46,partly_cloudy
Delhi,2022-01-02,25.1,11.1,18.1,5.5,54,sunny
Delhi,2022-01-03,23.2,13.6,19.0,0.0,48,partly_cloudy
Delhi,2022-01-04,22.7,10.8,18.8,0.0,46,cloudy
Delhi,2022-01-05,21.9,11.8,16.7,0.0,42,sunny
Delhi,2022-01-06,21.7,10.3,16.6,0.0,55,partly_cloudy
Delhi,2022-01-07,20.7,13.0,16.2,0.0,47,cloudy
Delhi,2022-01-08,21.4,13.7,17.8,0.0,32,sunny
Delhi,2022-01-09,23.6,12.0,16.1,0.0,48,cloudy
Delhi,2022-01-10,23.3,10.6,16.9,6.2,32,partly_cloudy
Delhi,2022-01-11,24.5,9.4,17.2,0.0,50,partly_cloudy
Delhi,2022-01-12,21.6,13.6,17.5,0.0,43,sunny
Delhi,2022-01-13,22.4,14.2,17.9,0.0,50,partly_cloudy
Delhi,2022-01-14,19.8,13.3,16.5,0.0,43,partly_cloudy
Delhi,2022-01-15,21.1,10.0,16.4,0.0,64,partly_cloudy
Delhi,2022-01-16,21.0,10.8,15.2,0.0,57,cloudy
Delhi,2022-01-17,21.2,11.5,15.4,0.0,63,partly_cloudy
Delhi,2022-01-18,23.3,13.7,17.7,6.9,31,partly_cloudy
Delhi,2022-01-19,22.4,11.5,17.5,0.0,68,cloudy
Delhi,2022-01-20,21.9,11.5,17.7,0.0,51,sunny
Delhi,2022-01-21,21.7,15.0,18.1,0.0,69,partly_cloudy
Delhi,2022-01-22,19.8,11.3,16.7,0.0,54,partly_cloudy
Delhi,2022-01-23,23.7,13.2,17.3,0.0,35,sunny
Delhi,2022-01-24,22.6,8.8,15.2,0.0,70,cloudy
Delhi,2022-01-25,24.9,13.0,18.0,0.0,41,sunny
Delhi,2022-01-26,19.5,10.7,16.4,0.0,44,sunny
Delhi,2022-01-27,20.4,13.3,16.9,0.1,65,partly_cloudy
Delhi,2022-01-28,22.2,12.5,18.7,0.0,46,partly_cloudy
Delhi,2022-01-29,22.4,11.6,17.7,0.0,64,cloudy
Delhi,2022-01-30,21.1,10.6,16.7,0.0,32,sunny
Delhi,2022-01-31,24.2,13.6,18.8,0.0,68,partly_cloudy
Delhi,2022-02-01,21.2,13.5,17.0,0.0,64,cloudy
Delhi,2022-02-02,23.3,11.7,17.6,0.0,52,sunny
Delhi,2022-02-03,22.2,13.0,18.5,0.0,49,partly_cloudy
Delhi,2022-02-04,23.6,13.9,17.1,0.0,39,sunny
Delhi,2022-02-05,24.9,12.5,18.4,0.0,60,cloudy
Delhi,2022-02-06,21.1,11.4,16.7,0.0,57,cloudy
Delhi,2022-02-07,21.2,10.9,15.5,0.0,69,sunny
Delhi,2022-02-08,21.5,9.2,15.7,0.0,66,sunny
Delhi,2022-02-09,23.1,11.5,16.6,0.0,63,sunny
Delhi,2022-02-10,26.5,15.2,18.5,0.0,64,sunny
Delhi,2022-02-11,21.1,12.8,17.7,0.0,63,cloudy
Delhi,2022-02-12,21.1,11.1,15.6,0.0,57,sunny
Delhi,2022-02-13,21.4,9.6,16.8,0.0,57,cloudy
Delhi,2022-02-14,20.4,13.0,16.0,0.0,35,cloudy
Delhi,2022-02-15,20.3,12.1,16.2,0.0,33,cloudy
Delhi,2022-02-16,21.0,11.1,17.8,0.0,57,partly_cloudy
Delhi,2022-02-17,23.8,10.0,16.7,8.6,43,partly_cloudy
Delhi,2022-02-18,24.9,15.2,18.5,0.0,47,sunny
Delhi,2022-02-19,23.8,13.2,18.6,0.0,36,sunny
Delhi,2022-02-20,24.6,14.0,17.5,0.0,34,sunny
Delhi,2022-02-21,24.1,15.0,18.3,0.0,42,partly_cloudy
Delhi,2022-02-22,23.3,10.3,16.5,0.0,45,partly_cloudy
Delhi,2022-02-23,20.7,12.0,16.6,0.0,40,sunny
Delhi,2022-02-24,25.3,15.2,18.8,0.0,46,cloudy
Delhi,2022-02-25,24.6,10.7,18.4,0.0,62,partly_cloudy
Delhi,2022-02-26,24.3,10.8,16.8,0.0,35,cloudy
Delhi,2022-02-27,21.0,9.8,17.1,0.0,31,partly_cloudy
Delhi,2022-02-28,24.1,12.6,18.5,0.0,40,sunny
Delhi,2022-03-01,34.8,23.3,29.6,0.0,39,partly_cloudy
Delhi,2022-03-02,34.4,23.7,29.5,3.6,37,sunny
Delhi,2022-03-03,36.7,26.7,30.4,0.0,48,cloudy
Delhi,2022-03-04,35.9,23.6,31.1,0.0,41,cloudy
Delhi,2022-03-05,36.5,27.7,33.4,0.0,38,cloudy
Delhi,2022-03-06,36.1,26.3,30.1,0.0,36,partly_cloudy
Delhi,2022-03-07,32.6,22.5,29.3,0.0,63,sunny
Delhi,2022-03-08,37.0,24.6,32.0,0.0,65,partly_cloudy
Delhi,2022-03-09,34.8,26.8,30.5,0.0,61,partly_cloudy
Delhi,2022-03-10,41.0,28.3,34.0,0.0,66,partly_cloudy
Delhi,2022-03-11,36.9,25.5,32.5,8.5,50,cloudy
Delhi,2022-03-12,33.6,23.2,29.1,0.0,33,cloudy
Delhi,2022-03-13,35.0,25.7,28.9,0.0,60,sunny
Delhi,2022-03-14,36.9,27.7,32.7,0.0,46,partly_cloudy
Delhi,2022-03-15,37.0,27.7,31.1,0.0,48,cloudy
Delhi,2022-03-16,37.4,28.1,31.5,0.0,68,cloudy
Delhi,2022-03-17,34.9,24.9,30.9,0.0,56,sunny
Delhi,2022-03-18,40.6,28.5,33.5,0.0,54,partly_cloudy
Delhi,2022-03-19,32.0,21.9,28.7,0.0,47,sunny
Delhi,2022-03-20,35.3,21.6,28.6,2.6,52,cloudy
Delhi,2022-03-21,34.9,25.6,30.8,1.4,42,partly_cloudy
Delhi,2022-03-22,36.3,27.3,31.5,1.3,48,sunny
Delhi,2022-03-23,38.3,25.4,30.9,2.4,45,partly_cloudy
Delhi,2022-03-24,37.4,27.0,31.8,0.0,55,sunny
Delhi,2022-03-25,40.9,30.2,33.8,0.0,62,cloudy
Delhi,2022-03-26,38.4,26.6,32.3,0.0,47,partly_cloudy
Delhi,2022-03-27,35.4,22.3,28.1,0.0,45,cloudy
Delhi,2022-03-28,33.5,22.2,29.4,0.0,32,cloudy
Delhi,2022-03-29,35.4,25.7,28.9,0.0,53,sunny
Delhi,2022-03-30,32.6,21.3,28.3,0.0,46,cloudy
Delhi,2022-03-31,38.0,28.3,31.6,0.0,57,cloudy
Delhi,2022-04-01,37.1,28.9,32.7,0.0,54,partly_cloudy
Delhi,2022-04-02,37.2,24.3,32.1,0.0,52,cloudy
Delhi,2022-04-03,36.2,25.4,29.2,0.0,30,cloudy
Delhi,2022-04-04,35.5,26.1,30.5,7.2,49,sunny
Delhi,2022-04-05,37.9,27.2,33.2,2.0,37,cloudy
Delhi,2022-04-06,34.4,21.2,29.0,0.0,66,cloudy
Delhi,2022-04-07,33.7,21.5,28.8,0.0,55,sunny
Delhi,2022-04-08,38.7,26.6,32.1,0.0,64,sunny
Delhi,2022-04-09,36.1,23.6,31.3,0.0,44,sunny
Delhi,2022-04-10,37.1,28.6,31.8,0.0,61,partly_cloudy
Delhi,2022-04-11,36.7,26.5,30.8,0.0,54,sunny
Delhi,2022-04-12,31.9,21.4,28.7,0.0,55,cloudy
Delhi,2022-04-13,34.8,25.4,31.7,0.0,48,sunny
Delhi,2022-04-14,35.3,25.2,29.4,0.0,61,partly_cloudy
Delhi,2022-04-15,36.5,25.4,30.2,0.0,57,sunny
Delhi,2022-04-16,35.0,24.6,28.3,0.0,44,sunny
Delhi,2022-04-17,37.2,27.7,33.8,0.0,68,sunny
Delhi,2022-04-18,36.4,23.1,28.9,0.0,39,partly_cloudy
Delhi,2022-04-19,39.0,23.9,31.4,4.6,66,partly_cloudy
Delhi,2022-04-20,36.8,23.5,31.0,0.0,39,cloudy
Delhi,2022-04-21,34.7,26.9,30.0,0.0,49,cloudy
Delhi,2022-04-22,36.7,24.3,29.3,0.0,59,partly_cloudy
Delhi,2022-04-23,36.4,26.1,30.3,0.0,66,cloudy
Delhi,2022-04-24,33.2,25.3,28.6,0.0,36,cloudy
Delhi,2022-04-25,40.6,30.3,33.6,0.0,67,cloudy
Delhi,2022-04-26,41.3,30.2,33.3,0.0,58,cloudy
Delhi,2022-04-27,37.6,25.3,29.7,0.0,63,partly_cloudy
Delhi,2022-04-28,39.1,27.0,31.8,0.0,59,partly_cloudy
Delhi,2022-04-29,33.6,21.4,28.4,0.0,32,partly_cloudy
Delhi,2022-04-30,39.0,29.6,33.3,0.0,48,sunny
Delhi,2022-05-01,32.2,24.2,28.7,0.0,37,cloudy
Delhi,2022-05-02,34.4,21.7,29.5,0.0,58,partly_cloudy
Delhi,2022-05-03,35.4,22.1,29.6,0.0,48,cloudy
Delhi,2022-05-04,34.0,25.3,30.4,0.0,65,partly_cloudy
Delhi,2022-05-05,32.5,25.0,29.4,0.0,58,cloudy
Delhi,2022-05-06,36.6,28.2,32.1,0.0,34,cloudy
Delhi,2022-05-07,37.5,26.2,31.9,0.0,62,partly_cloudy
Delhi,2022-05-08,38.8,26.9,33.1,0.0,43,cloudy
Delhi,2022-05-09,34.6,21.8,28.3,0.0,52,cloudy
Delhi,2022-05-10,33.2,22.4,30.1,0.0,39,cloudy
Delhi,2022-05-11,35.3,25.5,31.0,0.0,52,sunny
Delhi,2022-05-12,34.1,24.0,28.1,0.0,70,sunny
Delhi,2022-05-13,35.5,24.1,30.3,0.0,63,partly_cloudy
Delhi,2022-05-14,32.6,23.8,29.5,0.0,50,sunny
Delhi,2022-05-15,35.2,27.4,31.6,0.0,44,sunny
Delhi,2022-05-16,39.2,29.4,32.5,0.0,67,sunny
Delhi,2022-05-17,35.8,26.5,30.9,0.0,46,partly_cloudy
Delhi,2022-05-18,34.2,24.1,28.9,0.0,44,sunny
Delhi,2022-05-19,39.0,27.5,33.4,0.0,32,sunny
Delhi,2022-05-20,40.3,26.0,32.8,0.0,63,cloudy
Delhi,2022-05-21,41.4,27.9,33.4,0.0,60,partly_cloudy
Delhi,2022-05-22,38.1,26.4,33.1,0.0,56,sunny
Delhi,2022-05-23,36.7,23.4,29.2,1.5,32,sunny
Delhi,2022-05-24,38.3,28.9,33.9,0.0,32,partly_cloudy
Delhi,2022-05-25,34.4,21.3,28.3,0.0,60,sunny
Delhi,2022-05-26,35.0,24.2,29.6,0.0,68,cloudy
Delhi,2022-05-27,37.0,29.2,32.5,0.0,42,partly_cloudy
Delhi,2022-05-28,35.1,25.6,30.1,0.0,32,sunny
Delhi,2022-05-29,41.2,27.9,33.9,0.0,42,cloudy
Delhi,2022-05-30,37.2,21.8,29.4,0.0,52,cloudy
Delhi,2022-05-31,34.9,22.9,29.7,0.0,62,cloudy
Delhi,2022-06-01,29.4,16.7,22.8,6.1,80,rainy
Delhi,2022-06-02,30.6,17.8,24.6,0.0,71,sunny
Delhi,2022-06-03,31.4,18.3,25.5,12.6,43,rainy
Delhi,2022-06-04,26.3,18.2,21.8,29.2,58,rainy
Delhi,2022-06-05,29.2,16.4,21.2,0.0,76,cloudy
Delhi,2022-06-06,31.6,17.8,24.8,29.6,69,rainy
Delhi,2022-06-07,32.2,17.3,25.3,31.2,48,rainy
Delhi,2022-06-08,32.3,18.1,24.6,0.0,58,sunny
Delhi,2022-06-09,31.0,19.0,23.2,0.0,43,cloudy
Delhi,2022-06-10,29.4,21.0,24.3,0.0,70,sunny
Delhi,2022-06-11,30.5,20.0,25.6,10.3,54,rainy
Delhi,2022-06-12,30.4,18.5,23.6,0.0,61,sunny
Delhi,2022-06-13,31.7,18.5,23.7,0.0,76,sunny
Delhi,2022-06-14,33.1,20.9,25.6,0.0,66,sunny
Delhi,2022-06-15,30.3,20.4,23.6,0.0,92,sunny
Delhi,2022-06-16,27.0,15.0,22.6,37.7,54,rainy
Delhi,2022-06-17,29.1,19.2,24.2,0.0,89,sunny
Delhi,2022-06-18,31.8,18.5,25.2,0.0,54,sunny
Delhi,2022-06-19,28.8,19.7,24.3,7.3,50,rainy
Delhi,2022-06-20,30.6,22.6,25.6,46.8,43,rainy
Delhi,2022-06-21,27.3,17.8,23.3,35.6,87,rainy
Delhi,2022-06-22,27.4,16.2,21.4,28.6,73,rainy
Delhi,2022-06-23,27.5,17.8,21.8,0.0,73,cloudy
Delhi,2022-06-24,27.6,17.0,23.6,48.7,80,rainy
Delhi,2022-06-25,30.6,16.8,24.1,0.0,43,cloudy
Delhi,2022-06-26,29.5,16.2,23.4,34.6,79,rainy
Delhi,2022-06-27,31.5,20.9,24.2,10.0,46,rainy
Delhi,2022-06-28,30.7,17.0,23.1,30.8,73,rainy
Delhi,2022-06-29,31.1,18.5,25.0,0.0,84,cloudy
Delhi,2022-06-30,31.2,18.2,24.3,14.9,87,rainy
Delhi,2022-07-01,28.9,18.3,24.6,8.4,51,rainy
Delhi,2022-07-02,27.5,14.5,21.9,15.4,51,rainy
Delhi,2022-07-03,32.7,19.4,25.8,46.5,93,rainy
Delhi,2022-07-04,27.5,16.6,23.3,36.1,62,rainy
Delhi,2022-07-05,26.2,16.3,21.5,23.9,83,rainy
Delhi,2022-07-06,24.7,16.1,21.7,47.0,95,rainy
Delhi,2022-07-07,31.7,19.2,25.1,11.2,66,rainy
Delhi,2022-07-08,31.4,19.0,26.0,15.7,75,rainy
Delhi,2022-07-09,24.8,13.1,20.2,0.0,55,sunny
Delhi,2022-07-10,25.8,16.6,20.6,0.0,92,cloudy
Delhi,2022-07-11,31.1,20.7,24.7,22.7,84,rainy
Delhi,2022-07-12,25.8,15.8,20.9,30.6,49,rainy
Delhi,2022-07-13,28.4,15.1,21.0,31.8,82,rainy
Delhi,2022-07-14,27.9,17.3,21.4,42.3,78,rainy
Delhi,2022-07-15,29.1,16.7,23.5,0.0,85,sunny
Delhi,2022-07-16,31.8,21.2,25.0,24.9,84,rainy
Delhi,2022-07-17,30.0,18.4,25.6,0.0,52,cloudy
Delhi,2022-07-18,30.3,16.6,23.8,0.0,63,sunny
Delhi,2022-07-19,25.5,15.0,20.1,16.6,89,rainy
Delhi,2022-07-20,27.9,17.8,22.4,6.4,41,rainy
Delhi,2022-07-21,30.6,18.7,22.7,42.8,71,rainy
Delhi,2022-07-22,29.0,15.6,21.4,0.0,85,sunny
Delhi,2022-07-23,26.3,14.8,22.2,0.0,72,cloudy
Delhi,2022-07-24,25.1,15.0,21.9,46.6,59,rainy
Delhi,2022-07-25,30.9,19.9,23.7,28.3,77,rainy
Delhi,2022-07-26,26.9,15.8,20.8,0.0,88,cloudy
Delhi,2022-07-27,31.9,17.8,25.5,0.0,66,sunny
Delhi,2022-07-28,26.4,17.1,23.1,11.6,76,rainy
Delhi,2022-07-29,30.8,19.8,24.6,0.0,48,cloudy
Delhi,2022-07-30,30.8,20.9,24.1,0.0,67,cloudy
Delhi,2022-07-31,27.7,20.1,23.9,49.9,65,rainy
Delhi,2022-08-01,30.7,17.9,23.5,49.6,66,rainy
Delhi,2022-08-02,26.3,13.3,20.7,0.0,79,sunny
Delhi,2022-08-03,33.0,19.8,25.0,27.2,42,rainy
Delhi,2022-08-04,23.9,15.4,20.2,16.4,78,rainy
Delhi,2022-08-05,27.4,18.6,24.3,0.0,74,cloudy
Delhi,2022-08-06,32.1,17.0,24.1,27.0,79,rainy
Delhi,2022-08-07,24.3,12.8,20.8,0.0,91,cloudy
Delhi,2022-08-08,27.2,16.9,20.5,0.0,46,cloudy
Delhi,2022-08-09,27.7,19.5,23.0,32.3,45,rainy
Delhi,2022-08-10,29.4,17.0,21.8,0.0,71,cloudy
Delhi,2022-08-11,31.8,19.8,24.4,18.8,60,rainy
Delhi,2022-08-12,27.4,19.6,24.3,32.5,56,rainy
Delhi,2022-08-13,28.8,14.7,22.5,10.8,45,rainy
Delhi,2022-08-14,29.0,16.1,21.5,16.1,82,rainy
Delhi,2022-08-15,30.5,20.9,24.4,6.2,50,rainy
Delhi,2022-08-16,28.5,19.6,24.5,48.6,67,rainy
Delhi,2022-08-17,28.0,21.1,24.8,0.0,62,sunny
Delhi,2022-08-18,28.6,16.5,21.1,0.0,46,cloudy
Delhi,2022-08-19,28.8,18.3,22.4,39.4,89,rainy
Delhi,2022-08-20,31.2,21.4,25.8,30.6,73,rainy
Delhi,2022-08-21,30.0,17.9,22.9,0.0,65,sunny
Delhi,2022-08-22,26.4,14.8,22.3,9.9,55,rainy
Delhi,2022-08-23,27.1,14.3,20.6,0.0,87,cloudy
Delhi,2022-08-24,29.8,16.0,23.1,41.3,49,rainy
Delhi,2022-08-25,31.5,19.0,25.0,18.4,69,rainy
Delhi,2022-08-26,25.0,16.1,20.2,13.1,49,rainy
Delhi,2022-08-27,28.6,16.1,22.4,0.0,62,cloudy
Delhi,2022-08-28,31.6,19.7,23.8,48.2,57,rainy
Delhi,2022-08-29,30.4,19.8,25.2,0.0,42,cloudy
Delhi,2022-08-30,25.7,16.5,20.3,0.0,54,sunny
Delhi,2022-08-31,30.8,19.0,23.0,0.0,76,sunny
Delhi,2022-09-01,27.2,17.3,23.7,44.1,45,rainy
Delhi,2022-09-02,24.9,15.1,21.7,0.0,64,cloudy
Delhi,2022-09-03,29.1,17.1,24.4,21.5,54,rainy
Delhi,2022-09-04,28.3,13.2,21.0,11.9,54,rainy
Delhi,2022-09-05,27.5,17.5,22.8,29.7,63,rainy
Delhi,2022-09-06,24.2,13.7,20.0,0.0,57,cloudy
Delhi,2022-09-07,31.3,21.4,24.6,0.0,69,sunny
Delhi,2022-09-08,26.3,18.4,22.4,0.0,58,sunny
Delhi,2022-09-09,28.8,15.3,22.0,38.4,89,rainy
Delhi,2022-09-10,30.3,17.5,24.1,0.0,65,cloudy
Delhi,2022-09-11,27.5,16.7,22.5,23.8,57,rainy
Delhi,2022-09-12,30.6,20.2,24.6,0.0,59,sunny
Delhi,2022-09-13,25.9,16.6,21.1,11.8,83,rainy
Delhi,2022-09-14,28.0,16.8,20.3,31.5,89,rainy
Delhi,2022-09-15,29.1,17.0,22.8,26.5,95,rainy
Delhi,2022-09-16,25.9,15.6,22.6,47.2,51,rainy
Delhi,2022-09-17,31.1,21.0,25.8,20.0,84,rainy
Delhi,2022-09-18,28.3,17.9,21.9,27.4,63,rainy
Delhi,2022-09-19,26.6,17.5,22.3,39.0,79,rainy
Delhi,2022-09-20,25.1,14.6,20.9,43.6,88,rainy
Delhi,2022-09-21,26.7,13.6,20.4,24.0,75,rainy
Delhi,2022-09-22,31.3,20.5,25.7,0.0,68,cloudy
Delhi,2022-09-23,32.7,21.1,25.1,0.0,75,cloudy
Delhi,2022-09-24,30.4,18.3,22.8,30.6,41,rainy
Delhi,2022-09-25,29.3,20.9,24.7,40.1,86,rainy
Delhi,2022-09-26,32.4,20.9,24.6,0.0,42,sunny
Delhi,2022-09-27,29.1,19.4,25.4,0.0,61,cloudy
Delhi,2022-09-28,31.2,19.3,25.6,0.0,47,sunny
Delhi,2022-09-29,30.4,16.7,22.4,9.3,86,rainy
Delhi,2022-09-30,28.4,17.7,24.9,10.3,47,rainy
Delhi,2022-10-01,32.1,22.0,26.1,0.0,48,partly_cloudy
Delhi,2022-10-02,28.8,15.9,23.6,0.0,40,partly_cloudy
Delhi,2022-10-03,30.1,18.5,25.7,9.5,43,sunny
Delhi,2022-10-04,29.6,19.0,24.1,0.0,39,cloudy
Delhi,2022-10-05,30.1,20.0,24.0,0.0,64,cloudy
Delhi,2022-10-06,31.6,18.4,25.3,0.0,52,cloudy
Delhi,2022-10-07,31.3,19.6,23.9,0.0,58,sunny
Delhi,2022-10-08,31.5,19.9,26.8,0.0,69,sunny
Delhi,2022-10-09,28.9,21.4,25.5,0.0,58,partly_cloudy
Delhi,2022-10-10,32.0,19.2,25.0,0.0,57,cloudy
Delhi,2022-10-11,30.5,20.4,23.9,0.0,65,partly_cloudy
Delhi,2022-10-12,29.1,21.5,24.5,0.0,61,cloudy
Delhi,2022-10-13,29.4,22.2,25.9,0.0,36,sunny
Delhi,2022-10-14,26.9,19.3,23.6,0.0,65,sunny
Delhi,2022-10-15,30.6,18.7,23.0,0.0,38,partly_cloudy
Delhi,2022-10-16,30.4,20.1,26.0,0.0,56,partly_cloudy
Delhi,2022-10-17,28.1,20.6,23.7,0.0,34,partly_cloudy
Delhi,2022-10-18,30.3,22.1,25.4,0.0,49,sunny
Delhi,2022-10-19,31.6,19.8,25.9,0.0,46,cloudy
Delhi,2022-10-20,26.4,18.2,23.3,9.8,44,sunny
Delhi,2022-10-21,29.8,21.1,24.3,0.0,33,cloudy
Delhi,2022-10-22,33.3,18.7,25.4,0.0,63,sunny
Delhi,2022-10-23,31.9,23.4,26.6,4.6,49,sunny
Delhi,2022-10-24,31.0,19.0,24.6,0.0,39,partly_cloudy
Delhi,2022-10-25,29.0,17.6,24.0,0.0,36,sunny
Delhi,2022-10-26,33.5,18.7,25.6,0.0,51,cloudy
Delhi,2022-10-27,27.7,17.2,24.2,0.0,42,sunny
Delhi,2022-10-28,31.3,20.1,26.5,0.9,42,partly_cloudy
Delhi,2022-10-29,26.9,19.4,23.3,2.9,31,partly_cloudy
Delhi,2022-10-30,30.1,21.6,26.2,0.0,60,partly_cloudy
Delhi,2022-10-31,33.0,23.6,26.8,0.0,59,sunny
Delhi,2022-11-01,30.1,16.6,23.3,0.0,37,sunny
Delhi,2022-11-02,28.7,19.0,25.6,0.0,32,partly_cloudy
Delhi,2022-11-03,33.3,17.9,25.6,0.0,47,partly_cloudy
Delhi,2022-11-04,31.7,19.0,26.7,0.0,69,sunny
Delhi,2022-11-05,30.1,20.9,25.8,0.0,34,sunny
Delhi,2022-11-06,28.9,16.2,23.3,0.0,46,cloudy
Delhi,2022-11-07,33.2,23.2,26.6,6.0,70,partly_cloudy
Delhi,2022-11-08,33.4,21.3,26.2,0.0,41,cloudy
Delhi,2022-11-09,28.6,19.7,23.7,9.9,40,cloudy
Delhi,2022-11-10,30.9,19.0,26.3,8.7,64,sunny
Delhi,2022-11-11,27.3,17.4,23.7,0.0,50,cloudy
Delhi,2022-11-12,31.0,19.3,25.7,0.0,32,partly_cloudy
Delhi,2022-11-13,29.3,17.2,25.0,0.0,54,partly_cloudy
Delhi,2022-11-14,27.7,17.3,24.6,0.0,45,partly_cloudy
Delhi,2022-11-15,28.2,19.4,23.5,0.0,50,cloudy
Delhi,2022-11-16,32.4,19.4,26.1,0.0,38,sunny
Delhi,2022-11-17,33.6,23.6,26.7,0.0,34,sunny
Delhi,2022-11-18,29.8,23.2,26.6,0.0,39,cloudy
Delhi,2022-11-19,26.8,15.8,23.3,0.0,69,cloudy
Delhi,2022-11-20,31.1,15.5,23.1,0.0,35,sunny
Delhi,2022-11-21,28.5,19.6,24.5,0.0,55,sunny
Delhi,2022-11-22,30.8,21.8,26.5,0.0,46,sunny
Delhi,2022-11-23,32.6,18.0,25.3,9.7,54,cloudy
Delhi,2022-11-24,30.5,23.0,26.9,0.0,43,sunny
Delhi,2022-11-25,33.0,19.1,25.4,0.0,51,sunny
Delhi,2022-11-26,28.9,16.5,23.9,0.0,62,partly_cloudy
Delhi,2022-11-27,32.1,20.7,26.8,0.0,62,cloudy
Delhi,2022-11-28,30.2,18.9,24.2,0.0,32,sunny
Delhi,2022-11-29,31.0,20.4,23.7,0.0,61,partly_cloudy
Delhi,2022-11-30,29.4,18.8,24.4,0.0,48,cloudy
Delhi,2022-12-01,23.1,10.0,18.0,0.0,69,cloudy
Delhi,2022-12-02,23.3,9.8,17.5,0.0,57,cloudy
Delhi,2022-12-03,24.0,8.8,16.4,0.0,53,partly_cloudy
Delhi,2022-12-04,26.5,12.6,18.7,0.0,50,cloudy
Delhi,2022-12-05,23.6,8.5,15.6,0.0,45,sunny
Delhi,2022-12-06,26.0,13.4,18.6,0.0,46,sunny
Delhi,2022-12-07,23.9,12.9,16.3,0.0,61,partly_cloudy
Delhi,2022-12-08,23.0,9.5,15.1,0.0,66,cloudy
Delhi,2022-12-09,22.0,10.9,18.2,7.7,35,cloudy
Delhi,2022-12-10,18.4,11.5,15.1,0.0,54,sunny
Delhi,2022-12-11,25.5,10.3,18.2,0.0,47,cloudy
Delhi,2022-12-12,21.8,12.0,17.8,0.0,59,partly_cloudy
Delhi,2022-12-13,23.1,8.8,15.1,0.0,34,cloudy
Delhi,2022-12-14,23.8,11.7,17.7,0.0,60,cloudy
Delhi,2022-12-15,21.6,9.4,16.3,0.0,45,partly_cloudy
Delhi,2022-12-16,21.8,7.7,15.7,0.0,53,cloudy
Delhi,2022-12-17,20.0,9.6,16.7,0.0,64,partly_cloudy
Delhi,2022-12-18,23.2,11.1,18.7,1.0,36,sunny
Delhi,2022-12-19,24.9,15.2,18.3,0.0,69,partly_cloudy
Delhi,2022-12-20,21.7,9.9,17.9,0.0,61,sunny
Delhi,2022-12-21,24.3,12.7,18.2,0.0,67,sunny
Delhi,2022-12-22,23.8,10.6,15.9,0.0,31,partly_cloudy
Delhi,2022-12-23,21.4,12.4,15.8,0.0,55,cloudy
Delhi,2022-12-24,22.1,14.7,18.7,0.0,40,sunny
Delhi,2022-12-25,20.7,11.7,17.5,2.2,54,partly_cloudy
Delhi,2022-12-26,26.2,12.7,18.9,2.4,31,cloudy
Delhi,2022-12-27,22.5,13.6,17.1,0.0,41,sunny
Delhi,2022-12-28,21.0,14.6,18.0,0.0,33,sunny
Delhi,2022-12-29,22.3,13.1,18.5,0.0,35,cloudy
Delhi,2022-12-30,20.9,10.9,15.4,0.0,68,cloudy
Delhi,2022-12-31,20.4,12.8,16.0,0.0,30,cloudy
Delhi,2023-01-01,23.0,10.1,16.8,0.0,49,sunny
Delhi,2023-01-02,21.2,8.2,15.1,0.0,62,sunny
Delhi,2023-01-03,22.0,9.5,15.6,0.0,65,partly_cloudy
Delhi,2023-01-04,23.1,11.5,15.7,0.0,60,cloudy
Delhi,2023-01-05,20.9,10.8,15.7,0.0,53,cloudy
Delhi,2023-01-06,20.9,9.9,16.2,4.0,48,cloudy
Delhi,2023-01-07,23.0,12.0,18.4,1.0,55,partly_cloudy
Delhi,2023-01-08,24.2,14.4,18.2,0.0,46,cloudy
Delhi,2023-01-09,22.2,13.6,18.9,0.0,46,sunny
Delhi,2023-01-10,21.4,10.1,16.3,0.0,38,sunny
Delhi,2023-01-11,26.1,11.4,18.8,0.0,56,cloudy
Delhi,2023-01-12,22.8,11.1,17.5,9.7,69,sunny
Delhi,2023-01-13,23.8,10.4,17.4,0.0,38,partly_cloudy
Delhi,2023-01-14,21.7,13.0,16.7,0.0,61,cloudy
Delhi,2023-01-15,23.4,13.6,17.0,0.0,42,partly_cloudy
Delhi,2023-01-16,23.3,12.0,17.6,2.3,65,partly_cloudy
Delhi,2023-01-17,24.9,12.4,18.6,0.0,49,partly_cloudy
Delhi,2023-01-18,22.2,13.9,17.3,0.0,64,partly_cloudy
Delhi,2023-01-19,22.3,10.1,15.7,0.0,55,sunny
Delhi,2023-01-20,20.6,13.0,16.2,1.2,51,partly_cloudy
Delhi,2023-01-21,21.5,13.3,17.9,5.7,70,cloudy
Delhi,2023-01-22,22.0,12.0,19.0,0.0,66,sunny
Delhi,2023-01-23,21.3,10.1,16.9,0.0,67,partly_cloudy
Delhi,2023-01-24,21.8,12.0,16.3,0.0,50,partly_cloudy
Delhi,2023-01-25,25.6,11.9,17.7,0.0,46,sunny
Delhi,2023-01-26,23.5,12.3,15.5,0.0,49,sunny
Delhi,2023-01-27,23.6,11.0,15.9,0.0,51,cloudy
Delhi,2023-01-28,19.7,11.5,15.7,0.0,52,sunny
Delhi,2023-01-29,24.0,11.8,17.4,0.0,49,cloudy
Delhi,2023-01-30,21.1,11.3,15.2,0.0,52,sunny
Delhi,2023-01-31,18.9,10.8,15.0,0.0,53,sunny
Delhi,2023-02-01,24.3,13.2,17.7,0.0,67,sunny
Delhi,2023-02-02,20.9,10.9,15.7,0.0,34,cloudy
Delhi,2023-02-03,19.9,10.7,15.2,0.0,55,sunny
Delhi,2023-02-04,22.8,11.4,17.2,0.0,58,cloudy
Delhi,2023-02-05,22.6,10.9,16.8,0.0,46,cloudy
Delhi,2023-02-06,20.1,12.4,16.1,0.6,61,sunny
Delhi,2023-02-07,21.5,7.5,15.4,0.0,58,sunny
Delhi,2023-02-08,20.3,9.1,16.1,0.0,52,partly_cloudy
Delhi,2023-02-09,24.8,10.5,17.0,0.0,38,cloudy
Delhi,2023-02-10,25.9,14.4,18.0,0.0,34,cloudy
Delhi,2023-02-11,22.8,10.9,16.9,0.0,44,cloudy
Delhi,2023-02-12,24.5,10.8,18.4,0.0,39,sunny
Delhi,2023-02-13,21.9,12.0,18.3,4.5,37,sunny
Delhi,2023-02-14,21.5,11.3,15.8,0.0,54,sunny
Delhi,2023-02-15,24.4,13.0,17.8,0.0,55,sunny
Delhi,2023-02-16,22.4,13.5,17.9,0.0,33,partly_cloudy
Delhi,2023-02-17,23.3,8.0,15.7,0.0,42,partly_cloudy
Delhi,2023-02-18,24.6,10.2,17.1,0.0,42,partly_cloudy
Delhi,2023-02-19,23.8,12.5,16.4,0.0,46,sunny
Delhi,2023-02-20,22.8,13.8,16.9,0.0,38,cloudy
Delhi,2023-02-21,18.3,7.9,15.2,0.0,67,sunny
Delhi,2023-02-22,25.3,14.0,18.5,0.0,70,cloudy
Delhi,2023-02-23,22.9,12.0,18.1,0.0,69,cloudy
Delhi,2023-02-24,19.9,12.4,15.8,0.0,31,cloudy
Delhi,2023-02-25,20.9,11.7,17.5,0.0,31,partly_cloudy
Delhi,2023-02-26,24.5,10.6,17.7,0.0,61,partly_cloudy
Delhi,2023-02-27,22.3,10.3,17.8,0.0,49,cloudy
Delhi,2023-02-28,21.9,9.4,16.8,0.0,58,partly_cloudy
Delhi,2023-03-01,37.0,22.1,30.1,0.0,30,cloudy
Delhi,2023-03-02,33.1,20.3,28.3,0.0,49,cloudy
Delhi,2023-03-03,31.1,22.3,28.0,2.9,40,cloudy
Delhi,2023-03-04,37.7,27.5,31.9,8.7,41,partly_cloudy
Delhi,2023-03-05,36.1,24.1,29.4,7.4,57,sunny
Delhi,2023-03-06,33.4,22.1,29.6,0.0,58,sunny
Delhi,2023-03-07,36.5,26.9,31.5,0.0,48,partly_cloudy
Delhi,2023-03-08,37.5,23.2,30.4,0.0,46,sunny
Delhi,2023-03-09,35.5,22.3,30.1,0.0,51,cloudy
Delhi,2023-03-10,34.2,22.1,29.5,0.0,55,partly_cloudy
Delhi,2023-03-11,39.5,29.4,32.7,0.0,47,partly_cloudy
Delhi,2023-03-12,34.0,22.3,29.0,0.0,68,sunny
Delhi,2023-03-13,33.7,23.2,30.6,0.0,67,partly_cloudy
Delhi,2023-03-14,39.8,29.3,33.3,0.0,30,cloudy
Delhi,2023-03-15,36.3,26.5,33.2,0.0,61,partly_cloudy
Delhi,2023-03-16,34.4,26.1,30.6,0.0,54,cloudy
Delhi,2023-03-17,36.8,25.3,29.0,0.0,42,cloudy
Delhi,2023-03-18,36.4,23.1,28.5,0.0,31,cloudy
Delhi,2023-03-19,38.2,27.6,32.7,0.0,67,cloudy
Delhi,2023-03-20,36.6,23.9,28.9,0.0,63,sunny
Delhi,2023-03-21,36.3,27.0,30.4,0.0,45,partly_cloudy
Delhi,2023-03-22,37.8,24.5,30.7,0.0,40,sunny
Delhi,2023-03-23,32.5,21.5,28.7,0.0,30,partly_cloudy
Delhi,2023-03-24,38.7,26.8,31.4,0.0,46,partly_cloudy
Delhi,2023-03-25,35.4,21.5,29.4,0.0,64,sunny
Delhi,2023-03-26,36.5,24.3,29.5,0.0,64,sunny
Delhi,2023-03-27,36.8,28.2,31.5,0.0,60,partly_cloudy
Delhi,2023-03-28,36.9,24.3,29.4,0.0,63,partly_cloudy
Delhi,2023-03-29,33.1,23.6,28.1,0.0,63,cloudy
Delhi,2023-03-30,39.1,28.7,32.7,0.0,58,cloudy
Delhi,2023-03-31,33.6,25.9,29.4,0.0,63,cloudy
Delhi,2023-04-01,38.2,28.5,33.1,0.0,34,partly_cloudy
Delhi,2023-04-02,37.1,24.1,31.5,0.0,36,partly_cloudy
Delhi,2023-04-03,38.9,28.3,33.7,8.8,68,sunny
Delhi,2023-04-04,38.5,22.8,30.8,0.0,39,partly_cloudy
Delhi,2023-04-05,35.4,23.0,28.2,0.0,66,sunny
Delhi,2023-04-06,39.2,30.4,33.9,0.0,32,cloudy
Delhi,2023-04-07,34.7,25.1,29.2,0.0,61,sunny
Delhi,2023-04-08,34.9,26.3,31.1,0.0,60,cloudy
Delhi,2023-04-09,38.0,29.3,33.5,1.8,54,sunny
Delhi,2023-04-10,38.2,25.5,30.8,0.0,41,sunny
Delhi,2023-04-11,34.4,23.8,30.7,0.0,35,cloudy
Delhi,2023-04-12,35.4,23.1,28.3,0.0,42,cloudy
Delhi,2023-04-13,38.1,29.0,33.0,0.0,70,sunny
Delhi,2023-04-14,37.5,27.6,31.4,0.0,66,partly_cloudy
Delhi,2023-04-15,35.1,25.3,29.8,0.0,36,partly_cloudy
Delhi,2023-04-16,37.2,29.9,33.1,0.0,32,partly_cloudy
Delhi,2023-04-17,33.0,26.1,29.4,0.0,31,sunny
Delhi,2023-04-18,33.9,26.8,30.5,0.0,67,sunny
Delhi,2023-04-19,39.7,29.0,32.6,0.0,39,cloudy
Delhi,2023-04-20,39.0,28.1,32.8,0.0,55,sunny
Delhi,2023-04-21,36.5,29.6,33.0,2.6,64,cloudy
Delhi,2023-04-22,37.2,22.9,30.6,2.8,41,partly_cloudy
Delhi,2023-04-23,36.4,25.8,31.6,0.0,53,cloudy
Delhi,2023-04-24,37.7,24.6,31.9,0.0,39,sunny
Delhi,2023-04-25,39.2,28.9,32.4,0.0,49,cloudy
Delhi,2023-04-26,38.2,27.8,31.9,0.0,30,sunny
Delhi,2023-04-27,35.1,25.1,29.1,0.0,55,partly_cloudy
Delhi,2023-04-28,34.6,23.5,28.6,0.0,47,partly_cloudy
Delhi,2023-04-29,36.3,21.4,28.4,0.0,58,partly_cloudy
Delhi,2023-04-30,38.4,23.6,31.6,0.0,54,sunny
Delhi,2023-05-01,32.9,21.2,28.8,0.0,38,sunny
Delhi,2023-05-02,37.8,27.0,30.9,0.0,46,partly_cloudy
Delhi,2023-05-03,35.7,23.7,30.9,0.0,36,sunny
Delhi,2023-05-04,34.7,23.4,28.5,0.0,67,cloudy
Delhi,2023-05-05,37.2,26.2,31.2,0.0,50,sunny
Delhi,2023-05-06,40.9,26.1,33.5,0.0,62,cloudy
Delhi,2023-05-07,37.5,24.3,29.5,0.0,61,cloudy
Delhi,2023-05-08,40.6,27.5,33.8,0.0,67,partly_cloudy
Delhi,2023-05-09,37.6,24.3,29.7,0.0,65,cloudy
Delhi,2023-05-10,37.8,24.3,30.1,0.0,47,sunny
Delhi,2023-05-11,39.6,26.6,32.1,0.0,51,cloudy
Delhi,2023-05-12,37.5,28.7,32.8,0.0,70,cloudy
Delhi,2023-05-13,37.7,26.4,33.3,0.0,37,sunny
Delhi,2023-05-14,35.1,24.8,30.3,0.0,58,cloudy
Delhi,2023-05-15,41.7,29.9,33.7,0.0,63,sunny
Delhi,2023-05-16,37.3,22.2,29.7,0.0,65,cloudy
Delhi,2023-05-17,38.1,26.5,33.3,0.0,36,sunny
Delhi,2023-05-18,38.2,27.9,31.0,0.0,65,sunny
Delhi,2023-05-19,38.0,26.1,33.6,0.0,70,cloudy
Delhi,2023-05-20,34.1,24.5,28.4,0.0,65,partly_cloudy
Delhi,2023-05-21,35.3,22.8,28.7,0.0,66,sunny
Delhi,2023-05-22,36.2,26.3,29.3,0.0,50,sunny
Delhi,2023-05-23,33.1,22.8,28.6,0.0,62,cloudy
Delhi,2023-05-24,38.7,24.4,31.6,0.0,68,sunny
Delhi,2023-05-25,38.8,23.6,30.8,0.0,69,partly_cloudy
Delhi,2023-05-26,39.3,27.3,32.2,0.0,46,partly_cloudy
Delhi,2023-05-27,35.4,25.1,32.1,0.0,67,cloudy
Delhi,2023-05-28,37.4,27.9,33.5,0.0,46,sunny
Delhi,2023-05-29,39.8,28.5,32.7,0.0,64,partly_cloudy
Delhi,2023-05-30,38.3,28.5,32.0,0.0,44,partly_cloudy
Delhi,2023-05-31,36.2,24.3,30.1,5.3,60,sunny
Delhi,2023-06-01,29.6,18.2,24.5,0.0,57,sunny
Delhi,2023-06-02,30.8,20.2,24.6,9.0,55,rainy
Delhi,2023-06-03,30.5,15.4,22.6,39.3,81,rainy
Delhi,2023-06-04,25.5,17.7,22.0,28.6,55,rainy
Delhi,2023-06-05,27.4,16.8,23.3,0.0,78,cloudy
Delhi,2023-06-06,27.8,18.4,22.3,0.0,59,sunny
Delhi,2023-06-07,29.7,20.5,23.9,0.0,81,sunny
Delhi,2023-06-08,31.4,16.9,24.1,15.9,58,rainy
Delhi,2023-06-09,28.2,14.4,21.9,0.0,92,sunny
Delhi,2023-06-10,26.4,18.8,22.3,0.0,90,cloudy
Delhi,2023-06-11,26.0,14.1,21.2,47.4,47,rainy
Delhi,2023-06-12,29.2,15.9,22.1,27.1,58,rainy
Delhi,2023-06-13,30.1,19.3,24.7,0.0,61,cloudy
Delhi,2023-06-14,30.4,18.9,25.1,0.0,81,sunny
Delhi,2023-06-15,29.9,17.5,21.9,15.9,92,rainy
Delhi,2023-06-16,30.6,18.9,23.7,22.5,54,rainy
Delhi,2023-06-17,29.0,21.0,24.8,17.7,76,rainy
Delhi,2023-06-18,29.6,17.9,23.6,0.0,77,sunny
Delhi,2023-06-19,27.6,14.7,21.3,39.6,66,rainy
Delhi,2023-06-20,23.8,13.7,20.1,16.1,66,rainy
Delhi,2023-06-21,31.0,21.2,25.2,29.3,64,rainy
Delhi,2023-06-22,29.2,19.5,24.2,13.1,76,rainy
Delhi,2023-06-23,33.8,22.1,25.9,25.6,83,rainy
Delhi,2023-06-24,31.5,18.4,25.6,10.9,90,rainy
Delhi,2023-06-25,29.7,20.9,25.5,28.4,66,rainy
Delhi,2023-06-26,30.7,16.4,23.1,35.8,63,rainy
Delhi,2023-06-27,24.1,14.4,20.8,22.0,65,rainy
Delhi,2023-06-28,24.7,14.5,20.4,0.0,93,sunny
Delhi,2023-06-29,29.6,20.3,23.3,34.6,69,rainy
Delhi,2023-06-30,31.0,22.3,26.0,34.0,76,rainy
Delhi,2023-07-01,28.6,17.4,23.7,0.0,86,sunny
Delhi,2023-07-02,30.8,17.6,25.5,37.8,79,rainy
Delhi,2023-07-03,31.0,17.7,24.9,5.7,78,rainy
Delhi,2023-07-04,31.2,17.2,24.7,0.0,73,cloudy
Delhi,2023-07-05,28.8,15.9,22.7,28.8,94,rainy
Delhi,2023-07-06,32.2,19.2,25.8,19.0,52,rainy
Delhi,2023-07-07,28.6,14.8,20.6,0.0,65,cloudy
Delhi,2023-07-08,29.4,19.0,22.6,13.6,78,rainy
Delhi,2023-07-09,30.3,19.5,23.8,44.0,60,rainy
Delhi,2023-07-10,27.2,16.5,22.5,0.0,83,sunny
Delhi,2023-07-11,30.7,18.7,24.9,30.4,91,rainy
Delhi,2023-07-12,30.9,20.2,25.4,0.0,67,cloudy
Delhi,2023-07-13,27.2,15.9,22.8,15.1,50,rainy
Delhi,2023-07-14,26.3,19.1,22.1,0.0,41,sunny
Delhi,2023-07-15,29.6,19.1,22.8,0.0,85,cloudy
Delhi,2023-07-16,27.1,16.2,22.0,40.1,68,rainy
Delhi,2023-07-17,25.3,18.8,21.9,0.0,75,sunny
Delhi,2023-07-18,29.7,20.3,24.8,36.5,55,rainy
Delhi,2023-07-19,26.5,15.1,21.3,47.5,42,rainy
Delhi,2023-07-20,25.7,16.9,20.2,39.9,64,rainy
Delhi,2023-07-21,29.2,15.2,22.7,0.0,95,sunny
Delhi,2023-07-22,26.6,17.7,21.1,5.5,66,rainy
Delhi,2023-07-23,25.4,16.2,22.0,0.0,77,sunny
Delhi,2023-07-24,30.0,18.3,23.1,17.2,58,rainy
Delhi,2023-07-25,27.1,15.5,22.6,29.3,74,rainy
Delhi,2023-07-26,31.6,18.3,24.9,0.0,86,sunny
Delhi,2023-07-27,24.0,15.4,20.6,43.8,77,rainy
Delhi,2023-07-28,26.2,15.2,22.0,39.3,53,rainy
Delhi,2023-07-29,27.9,18.1,23.0,0.0,61,cloudy
Delhi,2023-07-30,28.6,21.1,24.7,19.5,55,rainy
Delhi,2023-07-31,30.6,21.9,26.0,29.0,94,rainy
Delhi,2023-08-01,27.7,13.7,20.5,0.0,79,sunny
Delhi,2023-08-02,25.7,15.3,21.2,0.0,57,cloudy
Delhi,2023-08-03,24.5,14.5,20.2,16.5,53,rainy
Delhi,2023-08-04,26.5,17.3,22.1,0.0,91,cloudy
Delhi,2023-08-05,30.1,20.0,24.8,9.3,54,rainy
Delhi,2023-08-06,29.5,16.0,22.3,13.4,82,rainy
Delhi,2023-08-07,24.4,14.9,20.7,0.0,85,sunny
Delhi,2023-08-08,27.9,15.4,21.0,0.0,49,cloudy
Delhi,2023-08-09,28.3,14.1,21.5,0.0,90,sunny
Delhi,2023-08-10,27.7,16.2,23.5,0.0,71,cloudy
Delhi,2023-08-11,31.3,18.9,25.5,0.0,62,sunny
Delhi,2023-08-12,26.5,18.0,22.3,9.8,51,rainy
Delhi,2023-08-13,26.1,18.8,22.6,40.3,59,rainy
Delhi,2023-08-14,29.6,19.7,25.4,22.7,41,rainy
Delhi,2023-08-15,26.3,16.8,22.2,43.2,72,rainy
Delhi,2023-08-16,26.8,18.9,22.2,31.9,92,rainy
Delhi,2023-08-17,32.5,20.6,25.0,0.0,82,cloudy
Delhi,2023-08-18,28.8,13.2,20.9,0.0,57,cloudy
Delhi,2023-08-19,28.6,15.4,22.2,37.8,61,rainy
Delhi,2023-08-20,26.1,18.5,22.2,32.2,84,rainy
Delhi,2023-08-21,32.4,20.2,24.9,49.8,93,rainy
Delhi,2023-08-22,26.8,16.6,23.0,0.0,50,cloudy
Delhi,2023-08-23,30.2,18.0,23.3,15.4,43,rainy
Delhi,2023-08-24,32.1,22.0,25.3,18.6,46,rainy
Delhi,2023-08-25,27.7,19.7,23.6,0.0,71,sunny
Delhi,2023-08-26,31.1,19.1,25.5,42.1,79,rainy
Delhi,2023-08-27,28.7,13.8,21.7,0.0,89,sunny
Delhi,2023-08-28,28.3,21.0,24.6,22.8,91,rainy
Delhi,2023-08-29,24.6,17.2,21.3,0.0,47,cloudy
Delhi,2023-08-30,26.0,15.4,20.0,0.0,55,cloudy
Delhi,2023-08-31,26.8,16.0,22.4,32.7,94,rainy
Delhi,2023-09-01,31.9,20.1,25.4,0.0,64,cloudy
Delhi,2023-09-02,26.9,16.7,21.2,44.6,94,rainy
Delhi,2023-09-03,27.3,13.6,21.2,34.2,90,rainy
Delhi,2023-09-04,30.4,17.4,24.2,0.0,76,sunny
Delhi,2023-09-05,28.5,13.6,21.3,0.0,43,sunny
Delhi,2023-09-06,28.4,18.7,22.9,14.7,82,rainy
Delhi,2023-09-07,29.2,18.5,25.4,0.0,77,cloudy
Delhi,2023-09-08,27.3,19.8,24.1,0.0,68,sunny
Delhi,2023-09-09,25.9,15.0,20.9,0.0,65,cloudy
Delhi,2023-09-10,28.8,20.0,24.1,29.3,77,rainy
Delhi,2023-09-11,31.8,18.0,25.4,46.4,52,rainy
Delhi,2023-09-12,25.0,16.6,20.1,0.0,88,cloudy
Delhi,2023-09-13,28.8,16.6,21.8,15.9,61,rainy
Delhi,2023-09-14,24.5,14.9,20.1,46.6,41,rainy
Delhi,2023-09-15,28.8,16.4,24.4,24.8,86,rainy
Delhi,2023-09-16,28.6,20.3,23.7,28.1,40,rainy
Delhi,2023-09-17,25.5,17.3,20.5,0.0,59,cloudy
Delhi,2023-09-18,30.7,19.4,23.8,21.0,59,rainy
Delhi,2023-09-19,31.6,18.3,25.3,45.5,43,rainy
Delhi,2023-09-20,29.8,16.0,21.8,0.0,53,cloudy
Delhi,2023-09-21,31.5,21.3,24.7,10.9,80,rainy
Delhi,2023-09-22,29.1,19.1,24.4,0.0,83,sunny
Delhi,2023-09-23,25.7,14.6,21.0,0.0,43,cloudy
Delhi,2023-09-24,29.8,15.3,22.7,37.2,90,rainy
Delhi,2023-09-25,25.6,15.8,20.6,0.0,72,cloudy
Delhi,2023-09-26,28.3,18.3,22.1,0.0,87,sunny
Delhi,2023-09-27,30.4,17.4,25.1,0.0,54,cloudy
Delhi,2023-09-28,32.1,20.4,25.0,0.0,54,cloudy
Delhi,2023-09-29,33.0,21.9,25.7,49.0,55,rainy
Delhi,2023-09-30,27.8,14.9,20.4,24.3,86,rainy
Delhi,2023-10-01,32.6,20.6,26.0,0.0,66,sunny
Delhi,2023-10-02,32.0,19.2,25.4,0.0,70,sunny
Delhi,2023-10-03,31.0,19.9,26.8,0.0,44,sunny
Delhi,2023-10-04,29.8,17.6,24.8,0.0,36,cloudy
Delhi,2023-10-05,29.9,15.7,23.5,0.0,40,partly_cloudy
Delhi,2023-10-06,29.3,19.1,25.1,0.0,44,partly_cloudy
Delhi,2023-10-07,31.6,19.0,27.0,0.0,58,partly_cloudy
Delhi,2023-10-08,28.7,17.0,24.1,0.0,68,partly_cloudy
Delhi,2023-10-09,30.0,17.5,24.0,0.0,63,partly_cloudy
Delhi,2023-10-10,27.4,20.0,24.4,0.0,55,partly_cloudy
Delhi,2023-10-11,29.2,17.4,24.3,0.0,60,partly_cloudy
Delhi,2023-10-12,31.9,21.5,25.6,0.0,61,sunny
Delhi,2023-10-13,29.7,19.0,23.7,0.0,64,cloudy
Delhi,2023-10-14,30.8,20.9,26.0,6.6,67,sunny
Delhi,2023-10-15,31.9,20.3,26.6,0.0,38,sunny
Delhi,2023-10-16,31.9,22.2,26.7,8.2,57,cloudy
Delhi,2023-10-17,28.1,19.7,24.2,0.0,35,sunny
Delhi,2023-10-18,28.1,16.9,24.6,0.0,37,sunny
Delhi,2023-10-19,29.8,20.4,25.7,5.5,53,sunny
Delhi,2023-10-20,29.9,15.4,23.0,0.0,38,sunny
Delhi,2023-10-21,31.3,22.9,26.8,0.0,59,sunny
Delhi,2023-10-22,28.2,19.7,23.6,0.0,55,partly_cloudy
Delhi,2023-10-23,28.8,18.5,25.7,0.0,59,cloudy
Delhi,2023-10-24,31.0,18.2,24.1,0.0,64,partly_cloudy
Delhi,2023-10-25,29.5,18.5,23.6,0.0,33,sunny
Delhi,2023-10-26,33.8,22.1,26.0,0.0,34,sunny
Delhi,2023-10-27,30.2,18.6,24.3,0.0,32,sunny
Delhi,2023-10-28,31.9,21.8,26.3,0.0,34,partly_cloudy
Delhi,2023-10-29,31.1,18.2,24.3,0.0,69,sunny
Delhi,2023-10-30,30.0,20.8,24.9,0.0,41,sunny
Delhi,2023-10-31,32.1,18.2,26.0,7.7,64,cloudy
Delhi,2023-11-01,29.1,18.9,24.5,0.0,34,cloudy
Delhi,2023-11-02,32.5,21.3,25.8,0.0,61,sunny
Delhi,2023-11-03,32.3,20.9,24.9,5.6,46,cloudy
Delhi,2023-11-04,31.5,22.2,25.9,1.7,43,cloudy
Delhi,2023-11-05,28.2,19.7,23.7,0.0,33,cloudy
Delhi,2023-11-06,29.8,15.9,23.8,0.0,69,partly_cloudy
Delhi,2023-11-07,31.8,19.2,27.0,0.0,67,sunny
Delhi,2023-11-08,28.6,16.2,23.4,0.0,35,sunny
Delhi,2023-11-09,31.0,20.1,24.4,0.0,67,cloudy
Delhi,2023-11-10,31.7,19.0,26.9,0.0,66,partly_cloudy
Delhi,2023-11-11,34.5,21.4,26.7,0.0,42,cloudy
Delhi,2023-11-12,31.8,19.3,24.6,0.0,37,partly_cloudy
Delhi,2023-11-13,32.0,23.4,26.8,0.0,51,cloudy
Delhi,2023-11-14,31.6,18.1,25.2,0.0,46,sunny
Delhi,2023-11-15,27.9,15.8,23.6,0.0,37,partly_cloudy
Delhi,2023-11-16,28.8,18.9,23.1,0.0,44,sunny
Delhi,2023-11-17,27.9,18.6,23.0,0.0,56,cloudy
Delhi,2023-11-18,32.5,17.0,24.7,0.0,38,cloudy
Delhi,2023-11-19,31.2,22.1,26.6,0.0,39,partly_cloudy
Delhi,2023-11-20,33.8,23.7,26.7,0.0,65,sunny
Delhi,2023-11-21,30.5,22.2,26.3,0.0,40,cloudy
Delhi,2023-11-22,28.0,19.4,24.3,0.0,48,cloudy
Delhi,2023-11-23,34.4,18.7,26.5,4.1,67,sunny
Delhi,2023-11-24,29.9,21.6,26.2,0.0,54,cloudy
Delhi,2023-11-25,29.4,21.3,26.1,2.6,37,sunny
Delhi,2023-11-26,31.7,20.3,24.9,0.0,34,cloudy
Delhi,2023-11-27,28.5,19.4,25.1,0.0,58,sunny
Delhi,2023-11-28,31.1,20.8,26.5,5.7,70,sunny
Delhi,2023-11-29,34.1,22.8,27.0,5.8,65,cloudy
Delhi,2023-11-30,27.0,19.3,23.8,0.0,65,sunny
Delhi,2023-12-01,20.7,8.6,16.0,0.0,36,sunny
Delhi,2023-12-02,20.6,12.0,15.3,0.0,70,sunny
Delhi,2023-12-03,25.0,12.6,18.6,0.0,30,cloudy
Delhi,2023-12-04,21.7,10.8,16.4,0.0,57,partly_cloudy
Delhi,2023-12-05,25.7,10.7,17.9,0.0,44,partly_cloudy
Delhi,2023-12-06,22.6,13.7,17.8,0.0,66,sunny
Delhi,2023-12-07,23.9,12.2,18.9,0.0,59,sunny
Delhi,2023-12-08,23.6,15.0,18.9,0.0,59,cloudy
Delhi,2023-12-09,21.6,10.6,17.6,0.0,49,partly_cloudy
Delhi,2023-12-10,22.7,13.7,18.3,0.0,37,cloudy
Delhi,2023-12-11,21.5,12.8,16.6,0.0,47,partly_cloudy
Delhi,2023-12-12,21.7,7.7,15.6,0.0,63,partly_cloudy
Delhi,2023-12-13,24.3,12.2,16.8,0.0,39,sunny
Delhi,2023-12-14,25.1,9.5,17.4,0.0,34,cloudy
Delhi,2023-12-15,18.9,9.4,15.4,0.0,43,partly_cloudy
Delhi,2023-12-16,23.4,11.7,18.4,0.0,61,sunny
Delhi,2023-12-17,23.8,9.8,16.5,0.0,68,partly_cloudy
Delhi,2023-12-18,22.0,10.4,15.4,5.4,64,cloudy
Delhi,2023-12-19,23.7,11.6,18.5,0.0,58,cloudy
Delhi,2023-12-20,20.9,11.7,16.2,0.0,50,sunny
Delhi,2023-12-21,22.0,12.1,17.3,0.0,38,sunny
Delhi,2023-12-22,22.4,14.0,19.0,0.0,69,cloudy
Delhi,2023-12-23,20.4,9.5,17.3,6.6,52,cloudy
Delhi,2023-12-24,23.3,12.7,17.6,4.8,69,cloudy
Delhi,2023-12-25,23.4,8.3,15.9,0.0,31,sunny
Delhi,2023-12-26,24.1,13.4,17.0,0.0,40,partly_cloudy
Delhi,2023-12-27,19.9,8.2,15.0,0.0,45,cloudy
Delhi,2023-12-28,24.3,11.9,17.0,0.0,40,sunny
Delhi,2023-12-29,22.4,9.8,17.5,0.0,53,cloudy
Delhi,2023-12-30,25.2,12.4,18.0,0.0,38,partly_cloudy
Delhi,2023-12-31,22.0,13.2,17.1,0.0,62,partly_cloudy
Delhi,2024-01-01,22.7,15.5,18.7,0.0,59,cloudy
Delhi,2024-01-02,24.4,10.0,16.8,0.0,37,partly_cloudy
Delhi,2024-01-03,24.6,10.3,17.3,0.0,60,cloudy
Delhi,2024-01-04,21.4,10.6,17.5,0.0,56,sunny
Delhi,2024-01-05,26.3,13.5,18.6,0.0,37,partly_cloudy
Delhi,2024-01-06,24.8,14.0,18.8,0.0,44,partly_cloudy
Delhi,2024-01-07,20.9,10.9,15.1,6.7,52,cloudy
Delhi,2024-01-08,21.3,11.3,17.1,0.0,44,partly_cloudy
Delhi,2024-01-09,22.9,9.9,16.3,0.0,36,cloudy
Delhi,2024-01-10,18.8,10.3,15.6,6.2,61,cloudy
Delhi,2024-01-11,26.3,15.2,18.7,6.7,56,cloudy
Delhi,2024-01-12,24.0,11.8,17.0,9.0,49,partly_cloudy
Delhi,2024-01-13,19.9,12.3,16.2,0.0,31,cloudy
Delhi,2024-01-14,24.5,11.2,18.3,0.0,39,partly_cloudy
Delhi,2024-01-15,20.8,10.6,16.7,0.0,47,cloudy
Delhi,2024-01-16,20.9,10.8,17.5,0.0,39,sunny
Delhi,2024-01-17,21.7,13.1,17.4,0.0,63,cloudy
Delhi,2024-01-18,19.8,9.8,15.2,0.0,51,partly_cloudy
Delhi,2024-01-19,23.0,10.2,16.4,0.0,37,sunny
Delhi,2024-01-20,24.9,14.2,18.5,0.0,42,cloudy
Delhi,2024-01-21,22.3,11.8,15.7,0.0,63,sunny
Delhi,2024-01-22,21.8,11.8,17.8,0.0,58,cloudy
Delhi,2024-01-23,21.1,12.0,17.2,0.0,44,sunny
Delhi,2024-01-24,21.1,8.0,15.6,0.0,64,cloudy
Delhi,2024-01-25,24.0,8.6,16.4,6.3,31,partly_cloudy
Delhi,2024-01-26,20.4,12.4,17.2,0.0,65,sunny
Delhi,2024-01-27,19.6,12.2,15.9,0.0,31,cloudy
Delhi,2024-01-28,18.6,8.3,15.3,0.0,68,cloudy
Delhi,2024-01-29,22.6,11.5,17.4,0.0,54,partly_cloudy
Delhi,2024-01-30,20.5,9.6,16.9,9.8,41,sunny
Delhi,2024-01-31,22.7,15.3,18.5,0.0,43,sunny
Delhi,2024-02-01,21.5,9.5,17.4,0.0,63,cloudy
Delhi,2024-02-02,20.0,8.1,15.8,0.0,45,sunny
Delhi,2024-02-03,24.2,11.6,18.0,0.0,41,sunny
Delhi,2024-02-04,26.4,15.0,18.9,0.0,32,cloudy
Delhi,2024-02-05,19.3,10.2,15.5,0.0,46,partly_cloudy
Delhi,2024-02-06,22.6,11.1,16.2,0.0,67,cloudy
Delhi,2024-02-07,20.7,11.7,15.6,0.0,62,cloudy
Delhi,2024-02-08,21.7,10.7,17.8,0.0,57,cloudy
Delhi,2024-02-09,21.5,9.4,15.5,1.1,59,sunny
Delhi,2024-02-10,21.6,10.5,15.1,0.0,32,partly_cloudy
Delhi,2024-02-11,21.8,13.6,18.7,0.0,45,partly_cloudy
Delhi,2024-02-12,20.7,11.5,15.9,0.0,34,partly_cloudy
Delhi,2024-02-13,19.4,10.1,15.5,0.0,64,sunny
Delhi,2024-02-14,21.9,11.7,17.0,0.0,50,cloudy
Delhi,2024-02-15,19.9,11.7,15.9,0.0,30,cloudy
Delhi,2024-02-16,23.6,13.2,18.5,0.0,39,partly_cloudy
Delhi,2024-02-17,23.9,11.2,18.0,0.0,68,sunny
Delhi,2024-02-18,21.1,12.5,16.3,0.0,49,sunny
Delhi,2024-02-19,23.6,10.3,16.2,0.0,45,cloudy
Delhi,2024-02-20,21.0,9.7,17.6,0.0,42,partly_cloudy
Delhi,2024-02-21,23.7,10.8,18.5,0.0,42,sunny
Delhi,2024-02-22,20.7,8.8,16.3,0.0,63,cloudy
Delhi,2024-02-23,20.2,12.2,16.2,0.0,70,cloudy
Delhi,2024-02-24,18.9,8.3,15.6,0.0,59,cloudy
Delhi,2024-02-25,24.3,13.6,18.7,0.0,33,sunny
Delhi,2024-02-26,23.6,11.7,17.3,0.0,70,partly_cloudy
Delhi,2024-02-27,22.4,12.5,15.9,0.0,42,cloudy
Delhi,2024-02-28,22.2,14.4,18.1,0.0,33,cloudy
Delhi,2024-02-29,23.7,11.0,17.5,0.0,34,partly_cloudy
Delhi,2024-03-01,35.2,21.9,29.1,0.0,52,partly_cloudy
Delhi,2024-03-02,38.3,27.1,33.0,0.0,57,cloudy
Delhi,2024-03-03,37.5,22.3,29.6,0.0,48,partly_cloudy
Delhi,2024-03-04,37.3,23.3,29.5,0.0,48,partly_cloudy
Delhi,2024-03-05,39.0,28.1,33.2,0.0,48,partly_cloudy
Delhi,2024-03-06,35.3,22.3,29.3,0.0,64,sunny
Delhi,2024-03-07,35.5,25.0,29.4,0.0,43,sunny
Delhi,2024-03-08,33.3,26.3,29.7,0.0,67,partly_cloudy
Delhi,2024-03-09,34.5,21.5,28.9,0.0,31,cloudy
Delhi,2024-03-10,37.5,25.6,32.5,0.0,47,cloudy
Delhi,2024-03-11,34.1,22.7,30.4,0.0,70,partly_cloudy
Delhi,2024-03-12,33.5,23.0,29.4,0.0,44,sunny
Delhi,2024-03-13,37.3,23.9,31.3,0.0,49,sunny
Delhi,2024-03-14,34.0,24.1,28.7,0.0,37,partly_cloudy
Delhi,2024-03-15,33.3,26.7,29.9,0.0,63,sunny
Delhi,2024-03-16,39.1,25.5,31.8,0.0,46,cloudy
Delhi,2024-03-17,39.6,27.3,33.6,0.0,32,partly_cloudy
Delhi,2024-03-18,35.1,22.1,29.5,0.0,55,partly_cloudy
Delhi,2024-03-19,35.5,23.2,28.9,0.0,60,cloudy
Delhi,2024-03-20,37.8,24.0,30.2,0.0,67,sunny
Delhi,2024-03-21,34.5,24.8,30.6,0.0,49,sunny
Delhi,2024-03-22,40.4,27.7,33.7,0.0,57,partly_cloudy
Delhi,2024-03-23,35.6,28.5,31.6,0.0,46,cloudy
Delhi,2024-03-24,39.8,27.1,32.8,0.0,63,cloudy
Delhi,2024-03-25,36.0,26.7,30.4,0.0,62,partly_cloudy
Delhi,2024-03-26,37.6,25.4,31.1,0.0,49,partly_cloudy
Delhi,2024-03-27,35.3,25.3,30.7,2.5,67,sunny
Delhi,2024-03-28,36.8,26.6,29.9,0.0,55,cloudy
Delhi,2024-03-29,36.6,28.2,32.1,0.0,58,partly_cloudy
Delhi,2024-03-30,37.1,27.7,32.4,0.0,62,sunny
Delhi,2024-03-31,36.0,26.0,29.5,0.0,54,sunny
Delhi,2024-04-01,34.4,25.5,29.2,0.0,34,sunny
Delhi,2024-04-02,40.8,28.8,33.4,0.0,48,sunny
Delhi,2024-04-03,34.7,23.4,31.2,0.0,37,partly_cloudy
Delhi,2024-04-04,41.0,27.8,33.7,0.0,45,cloudy
Delhi,2024-04-05,36.2,27.5,31.5,5.9,70,sunny
Delhi,2024-04-06,35.7,26.8,31.4,0.0,49,partly_cloudy
Delhi,2024-04-07,34.6,25.7,29.5,0.0,59,partly_cloudy
Delhi,2024-04-08,38.4,23.9,30.8,0.0,31,cloudy
Delhi,2024-04-09,35.0,26.4,31.4,0.0,41,sunny
Delhi,2024-04-10,40.1,29.3,33.6,0.0,52,partly_cloudy
Delhi,2024-04-11,32.3,25.5,28.6,0.0,61,sunny
Delhi,2024-04-12,38.0,24.1,30.3,0.0,59,sunny
Delhi,2024-04-13,37.2,27.4,30.5,0.0,39,partly_cloudy
Delhi,2024-04-14,40.5,29.5,33.0,0.0,30,sunny
Delhi,2024-04-15,33.8,24.0,29.0,0.0,30,cloudy
Delhi,2024-04-16,37.8,26.0,33.6,0.0,39,cloudy
Delhi,2024-04-17,37.9,26.1,33.1,0.0,35,cloudy
Delhi,2024-04-18,39.3,29.0,32.6,0.0,39,partly_cloudy
Delhi,2024-04-19,38.2,22.8,30.3,0.0,38,sunny
Delhi,2024-04-20,35.5,25.3,31.7,0.0,39,cloudy
Delhi,2024-04-21,35.1,23.7,28.6,0.0,54,partly_cloudy
Delhi,2024-04-22,34.7,23.4,31.1,0.0,31,cloudy
Delhi,2024-04-23,35.9,26.7,31.2,0.0,64,partly_cloudy
Delhi,2024-04-24,39.5,27.9,32.7,0.0,58,cloudy
Delhi,2024-04-25,35.8,23.0,29.0,0.0,66,partly_cloudy
Delhi,2024-04-26,37.5,27.6,33.0,7.2,69,partly_cloudy
Delhi,2024-04-27,34.1,22.3,30.1,0.0,63,sunny
Delhi,2024-04-28,36.3,26.0,32.2,0.0,34,sunny
Delhi,2024-04-29,35.4,25.6,31.0,0.0,42,cloudy
Delhi,2024-04-30,37.0,25.8,31.3,0.0,30,sunny
Delhi,2024-05-01,33.6,20.7,28.2,0.0,49,partly_cloudy
Delhi,2024-05-02,37.9,23.3,31.0,0.0,49,partly_cloudy
Delhi,2024-05-03,37.1,26.4,29.5,0.0,65,partly_cloudy
Delhi,2024-05-04,32.3,22.0,28.5,0.0,32,sunny
Delhi,2024-05-05,34.2,23.4,28.5,5.8,67,partly_cloudy
Delhi,2024-05-06,32.9,23.2,28.9,0.0,70,cloudy
Delhi,2024-05-07,37.3,25.0,32.0,0.0,68,partly_cloudy
Delhi,2024-05-08,41.1,28.4,33.2,0.0,37,sunny
Delhi,2024-05-09,39.4,28.3,33.6,0.0,49,partly_cloudy
Delhi,2024-05-10,34.1,23.9,29.8,0.0,47,cloudy
Delhi,2024-05-11,32.6,24.8,29.4,0.0,63,partly_cloudy
Delhi,2024-05-12,35.3,24.2,28.9,0.0,64,partly_cloudy
Delhi,2024-05-13,34.7,24.5,28.5,0.0,62,cloudy
Delhi,2024-05-14,37.2,25.6,33.1,0.0,40,cloudy
Delhi,2024-05-15,37.9,29.1,32.5,0.0,32,partly_cloudy
Delhi,2024-05-16,39.8,27.6,33.9,0.0,34,sunny
Delhi,2024-05-17,39.1,29.0,33.1,0.0,68,sunny
Delhi,2024-05-18,39.7,24.9,32.6,0.0,51,partly_cloudy
Delhi,2024-05-19,33.8,21.9,29.5,3.7,63,cloudy
Delhi,2024-05-20,36.0,23.7,30.5,0.0,39,sunny
Delhi,2024-05-21,35.3,23.8,31.4,0.0,49,partly_cloudy
Delhi,2024-05-22,37.8,26.3,30.2,0.0,66,partly_cloudy
Delhi,2024-05-23,37.0,28.4,31.8,3.6,32,sunny
Delhi,2024-05-24,31.7,22.8,28.3,0.0,31,sunny
Delhi,2024-05-25,34.6,23.3,29.3,4.4,51,partly_cloudy
Delhi,2024-05-26,34.8,27.4,31.5,0.0,62,partly_cloudy
Delhi,2024-05-27,39.7,25.7,32.1,0.0,47,cloudy
Delhi,2024-05-28,33.6,22.6,28.3,0.0,69,cloudy
Delhi,2024-05-29,38.6,23.8,31.4,0.0,62,partly_cloudy
Delhi,2024-05-30,34.2,23.1,30.0,0.0,59,cloudy
Delhi,2024-05-31,40.9,27.2,33.8,0.0,50,partly_cloudy
Delhi,2024-06-01,28.0,17.9,24.3,44.9,40,rainy
Delhi,2024-06-02,28.2,16.3,20.7,6.5,87,rainy
Delhi,2024-06-03,32.4,20.3,24.4,34.3,66,rainy
Delhi,2024-06-04,27.3,17.8,21.0,0.0,84,sunny
Delhi,2024-06-05,26.5,15.0,21.7,25.2,73,rainy
Delhi,2024-06-06,32.3,18.1,25.5,0.0,69,sunny
Delhi,2024-06-07,26.5,13.6,20.9,34.3,66,rainy
Delhi,2024-06-08,32.9,21.2,24.9,0.0,66,sunny
Delhi,2024-06-09,25.3,16.4,20.2,0.0,49,sunny
Delhi,2024-06-10,27.6,17.5,24.6,46.5,72,rainy
Delhi,2024-06-11,27.3,14.9,21.4,0.0,92,cloudy
Delhi,2024-06-12,33.4,20.0,25.7,19.6,94,rainy
Delhi,2024-06-13,28.7,17.6,20.8,15.4,46,rainy
Delhi,2024-06-14,31.3,19.1,24.5,29.7,74,rainy
Delhi,2024-06-15,30.8,19.7,23.5,0.0,78,cloudy
Delhi,2024-06-16,28.8,15.7,21.6,0.0,77,cloudy
Delhi,2024-06-17,28.9,16.4,23.0,13.0,58,rainy
Delhi,2024-06-18,25.8,16.0,22.1,7.4,41,rainy
Delhi,2024-06-19,26.1,17.1,23.1,0.0,43,sunny
Delhi,2024-06-20,29.0,13.5,21.3,0.0,56,cloudy
Delhi,2024-06-21,30.3,15.9,23.1,37.9,72,rainy
Delhi,2024-06-22,28.3,18.1,24.2,0.0,58,cloudy
Delhi,2024-06-23,28.9,15.9,22.2,0.0,82,sunny
Delhi,2024-06-24,29.6,21.5,25.7,8.5,90,rainy
Delhi,2024-06-25,27.1,17.1,24.0,29.8,64,rainy
Delhi,2024-06-26,28.8,17.5,23.9,0.0,46,sunny
Delhi,2024-06-27,28.0,20.7,24.9,0.0,63,cloudy
Delhi,2024-06-28,29.7,20.0,25.3,46.1,65,rainy
Delhi,2024-06-29,27.8,14.9,21.9,18.0,48,rainy
Delhi,2024-06-30,28.7,21.3,25.6,0.0,90,cloudy
Delhi,2024-07-01,28.2,16.3,23.0,13.3,40,rainy
Delhi,2024-07-02,28.3,15.8,20.3,29.9,42,rainy
Delhi,2024-07-03,32.1,17.4,25.3,0.0,48,sunny
Delhi,2024-07-04,29.1,19.6,24.3,30.6,50,rainy
Delhi,2024-07-05,27.8,17.8,24.0,20.9,73,rainy
Delhi,2024-07-06,30.9,17.7,23.0,36.8,43,rainy
Delhi,2024-07-07,29.0,18.1,24.4,0.0,63,sunny
Delhi,2024-07-08,27.2,15.1,21.3,37.7,89,rainy
Delhi,2024-07-09,29.0,17.6,23.7,36.8,48,rainy
Delhi,2024-07-10,30.8,20.6,24.7,19.1,51,rainy
Delhi,2024-07-11,26.8,15.3,22.9,0.0,76,cloudy
Delhi,2024-07-12,27.6,16.4,21.4,29.6,86,rainy
Delhi,2024-07-13,32.9,18.7,25.8,0.0,57,cloudy
Delhi,2024-07-14,31.7,18.3,25.0,34.3,58,rainy
Delhi,2024-07-15,27.3,17.1,20.5,0.0,93,sunny
Delhi,2024-07-16,28.5,15.1,21.6,0.0,91,sunny
Delhi,2024-07-17,28.0,17.9,22.4,20.1,54,rainy
Delhi,2024-07-18,27.2,16.1,21.1,0.0,89,sunny
Delhi,2024-07-19,24.3,16.9,21.2,25.0,49,rainy
Delhi,2024-07-20,29.1,19.3,23.1,0.0,80,sunny
Delhi,2024-07-21,30.5,18.1,24.7,0.0,78,cloudy
Delhi,2024-07-22,27.4,13.4,20.2,0.0,47,sunny
Delhi,2024-07-23,27.9,16.9,22.9,13.1,92,rainy
Delhi,2024-07-24,29.1,13.7,21.6,43.2,81,rainy
Delhi,2024-07-25,30.4,21.6,24.6,0.0,67,sunny
Delhi,2024-07-26,26.5,16.4,22.9,0.0,72,sunny
Delhi,2024-07-27,26.6,13.3,21.2,10.9,50,rainy
Delhi,2024-07-28,30.8,19.7,25.2,0.0,93,sunny
Delhi,2024-07-29,26.8,14.8,20.9,0.0,90,sunny
Delhi,2024-07-30,27.1,18.0,21.3,14.6,88,rainy
Delhi,2024-07-31,27.8,16.8,22.7,48.4,54,rainy
Delhi,2024-08-01,25.6,17.8,21.2,27.8,90,rainy
Delhi,2024-08-02,30.0,16.6,23.0,48.0,65,rainy
Delhi,2024-08-03,24.8,15.5,21.3,26.9,91,rainy
Delhi,2024-08-04,23.8,12.2,20.0,0.0,67,sunny
Delhi,2024-08-05,24.3,15.5,20.3,0.0,84,cloudy
Delhi,2024-08-06,31.1,20.8,24.4,40.1,54,rainy
Delhi,2024-08-07,28.8,17.3,21.1,37.7,91,rainy
Delhi,2024-08-08,26.3,16.1,22.4,14.0,42,rainy
Delhi,2024-08-09,29.3,17.2,24.5,30.7,56,rainy
Delhi,2024-08-10,28.0,15.0,21.7,17.6,59,rainy
Delhi,2024-08-11,28.7,19.3,24.1,15.5,70,rainy
Delhi,2024-08-12,28.4,13.6,21.0,0.0,44,sunny
Delhi,2024-08-13,30.1,20.3,25.9,39.6,40,rainy
Delhi,2024-08-14,29.2,17.8,24.3,31.5,63,rainy
Delhi,2024-08-15,24.1,17.7,21.0,29.0,93,rainy
Delhi,2024-08-16,28.9,14.2,21.4,47.0,50,rainy
Delhi,2024-08-17,27.6,15.8,23.5,0.0,56,sunny
Delhi,2024-08-18,29.0,17.7,21.9,37.6,50,rainy
Delhi,2024-08-19,27.6,20.1,24.0,0.0,44,sunny
Delhi,2024-08-20,28.7,16.5,24.4,0.0,64,sunny
Delhi,2024-08-21,27.7,13.8,21.4,0.0,69,sunny
Delhi,2024-08-22,24.1,12.9,20.0,0.0,93,cloudy
Delhi,2024-08-23,28.4,15.6,20.4,24.8,55,rainy
Delhi,2024-08-24,25.5,13.4,21.2,0.0,58,sunny
Delhi,2024-08-25,25.7,15.4,21.6,48.8,85,rainy
Delhi,2024-08-26,28.3,14.5,21.6,0.0,57,cloudy
Delhi,2024-08-27,26.5,13.6,21.3,30.1,73,rainy
Delhi,2024-08-28,32.0,18.4,24.3,0.0,84,sunny
Delhi,2024-08-29,24.0,14.0,20.2,0.0,40,sunny
Delhi,2024-08-30,27.0,15.0,20.7,0.0,95,sunny
Delhi,2024-08-31,32.2,20.1,24.8,31.5,50,rainy
Delhi,2024-09-01,27.4,17.4,22.0,16.9,68,rainy
Delhi,2024-09-02,32.5,21.0,24.5,27.7,75,rainy
Delhi,2024-09-03,30.0,18.9,23.5,41.1,95,rainy
Delhi,2024-09-04,29.6,20.7,24.3,0.0,49,sunny
Delhi,2024-09-05,30.3,19.1,24.3,0.0,70,sunny
Delhi,2024-09-06,30.8,19.0,26.0,34.0,70,rainy
Delhi,2024-09-07,27.4,16.5,23.9,0.0,79,cloudy
Delhi,2024-09-08,27.1,16.7,23.4,12.7,64,rainy
Delhi,2024-09-09,25.2,16.7,22.0,0.0,91,cloudy
Delhi,2024-09-10,27.9,12.9,20.6,28.2,51,rainy
Delhi,2024-09-11,27.9,18.6,22.7,6.3,52,rainy
Delhi,2024-09-12,24.9,18.4,21.8,45.0,87,rainy
Delhi,2024-09-13,30.1,18.6,25.9,0.0,87,cloudy
Delhi,2024-09-14,29.9,20.2,25.9,10.7,92,rainy
Delhi,2024-09-15,28.2,14.5,21.5,0.0,95,sunny
Delhi,2024-09-16,31.3,17.8,24.7,49.9,68,rainy
Delhi,2024-09-17,28.6,19.1,24.6,49.2,73,rainy
Delhi,2024-09-18,29.2,21.7,24.7,46.8,66,rainy
Delhi,2024-09-19,31.8,18.2,24.7,9.2,77,rainy
Delhi,2024-09-20,25.6,14.1,22.0,0.0,68,cloudy
Delhi,2024-09-21,29.7,15.9,22.7,0.0,43,cloudy
Delhi,2024-09-22,26.5,15.6,20.6,0.0,42,sunny
Delhi,2024-09-23,30.0,18.5,25.6,0.0,47,sunny
Delhi,2024-09-24,31.2,21.2,25.2,46.1,60,rainy
Delhi,2024-09-25,26.2,15.6,22.8,30.9,77,rainy
Delhi,2024-09-26,29.8,17.6,25.3,0.0,76,sunny
Delhi,2024-09-27,28.1,14.7,22.4,0.0,59,sunny
Delhi,2024-09-28,25.4,14.0,20.4,12.1,65,rainy
Delhi,2024-09-29,30.8,18.4,24.7,0.0,92,sunny
Delhi,2024-09-30,32.6,20.0,25.3,26.3,93,rainy
Delhi,2024-10-01,32.2,19.5,24.8,0.0,42,cloudy
Delhi,2024-10-02,30.9,20.2,24.1,0.0,42,sunny
Delhi,2024-10-03,29.6,16.0,23.9,0.0,38,sunny
Delhi,2024-10-04,31.8,18.9,24.5,0.0,47,partly_cloudy
Delhi,2024-10-05,29.4,20.2,23.7,1.0,66,partly_cloudy
Delhi,2024-10-06,34.7,19.0,26.8,0.0,54,cloudy
Delhi,2024-10-07,29.0,18.9,25.9,0.0,36,partly_cloudy
Delhi,2024-10-08,31.7,20.5,25.0,0.0,42,sunny
Delhi,2024-10-09,30.0,17.4,24.5,1.9,52,cloudy
Delhi,2024-10-10,31.1,17.2,24.5,0.3,34,partly_cloudy
Delhi,2024-10-11,29.3,19.2,25.2,0.0,63,cloudy
Delhi,2024-10-12,29.9,20.8,24.9,0.0,32,partly_cloudy
Delhi,2024-10-13,32.3,23.1,26.7,0.0,57,cloudy
Delhi,2024-10-14,29.7,17.5,23.0,0.0,53,cloudy
Delhi,2024-10-15,31.3,19.0,26.2,0.0,39,partly_cloudy
Delhi,2024-10-16,28.6,18.2,23.3,0.0,65,partly_cloudy
Delhi,2024-10-17,29.0,15.6,23.1,0.0,49,cloudy
Delhi,2024-10-18,32.6,22.3,25.7,0.0,66,sunny
Delhi,2024-10-19,30.4,18.2,24.4,0.0,51,partly_cloudy
Delhi,2024-10-20,30.1,20.4,24.8,0.0,42,partly_cloudy
Delhi,2024-10-21,30.2,18.2,25.8,0.0,39,sunny
Delhi,2024-10-22,31.4,20.0,25.9,0.0,62,partly_cloudy
Delhi,2024-10-23,27.1,20.6,24.0,0.0,55,cloudy
Delhi,2024-10-24,29.8,20.0,25.0,5.5,47,sunny
Delhi,2024-10-25,27.4,19.1,24.2,0.0,56,partly_cloudy
Delhi,2024-10-26,34.4,20.3,26.5,3.0,44,partly_cloudy
Delhi,2024-10-27,30.2,21.0,26.9,0.0,58,partly_cloudy
Delhi,2024-10-28,31.6,17.9,24.9,0.0,41,partly_cloudy
Delhi,2024-10-29,31.1,21.0,26.0,0.0,42,cloudy
Delhi,2024-10-30,30.4,18.3,24.7,0.0,33,partly_cloudy
Delhi,2024-10-31,29.3,20.3,23.8,0.0,58,partly_cloudy
Delhi,2024-11-01,30.9,20.6,23.7,9.6,63,cloudy
Delhi,2024-11-02,31.3,17.7,24.8,0.0,67,partly_cloudy
Delhi,2024-11-03,27.1,17.4,23.5,0.0,30,cloudy
Delhi,2024-11-04,30.8,16.7,23.5,0.8,63,cloudy
Delhi,2024-11-05,29.5,21.6,26.0,0.0,51,sunny
Delhi,2024-11-06,29.3,15.8,23.2,0.0,43,cloudy
Delhi,2024-11-07,30.8,21.2,26.9,0.0,62,sunny
Delhi,2024-11-08,31.3,21.2,26.8,0.0,60,partly_cloudy
Delhi,2024-11-09,30.8,21.5,26.9,0.0,59,sunny
Delhi,2024-11-10,31.7,19.5,25.2,0.0,39,cloudy
Delhi,2024-11-11,27.9,16.4,24.4,0.0,33,sunny
Delhi,2024-11-12,29.8,20.2,23.6,0.0,55,partly_cloudy
Delhi,2024-11-13,32.6,18.2,25.3,0.0,53,partly_cloudy
Delhi,2024-11-14,26.8,19.0,23.4,0.0,59,partly_cloudy
Delhi,2024-11-15,29.5,18.3,26.1,0.0,48,cloudy
Delhi,2024-11-16,31.2,18.0,25.4,0.0,30,partly_cloudy
Delhi,2024-11-17,28.6,19.0,23.5,0.0,62,cloudy
Delhi,2024-11-18,29.2,16.1,23.5,0.0,57,cloudy
Delhi,2024-11-19,31.4,20.4,25.9,0.0,46,partly_cloudy
Delhi,2024-11-20,31.2,19.2,26.4,5.2,32,cloudy
Delhi,2024-11-21,29.3,19.1,24.2,0.0,64,sunny
Delhi,2024-11-22,30.9,18.6,24.4,0.0,56,sunny
Delhi,2024-11-23,32.3,21.2,24.8,7.7,54,sunny
Delhi,2024-11-24,30.4,18.7,24.4,0.0,51,cloudy
Delhi,2024-11-25,30.7,23.0,26.2,0.0,45,cloudy
Delhi,2024-11-26,31.1,17.2,24.9,0.7,32,sunny
Delhi,2024-11-27,29.2,19.2,25.7,0.0,65,sunny
Delhi,2024-11-28,33.6,22.1,26.2,0.4,62,sunny
Delhi,2024-11-29,29.2,18.8,24.2,0.0,35,partly_cloudy
Delhi,2024-11-30,29.6,15.7,23.0,0.0,47,partly_cloudy
Delhi,2024-12-01,23.6,8.7,16.2,0.0,56,cloudy
Delhi,2024-12-02,24.5,12.3,18.7,0.0,67,partly_cloudy
Delhi,2024-12-03,22.2,11.3,17.9,0.0,69,cloudy
Delhi,2024-12-04,23.5,11.3,17.8,0.0,41,partly_cloudy
Delhi,2024-12-05,25.9,11.2,18.5,0.0,39,partly_cloudy
Delhi,2024-12-06,25.3,10.7,17.7,0.0,31,cloudy
Delhi,2024-12-07,20.5,9.8,16.1,6.1,54,cloudy
Delhi,2024-12-08,20.8,12.5,16.7,0.0,62,sunny
Delhi,2024-12-09,26.7,13.0,18.8,0.0,35,cloudy
Delhi,2024-12-10,24.6,14.5,18.9,0.0,47,partly_cloudy
Delhi,2024-12-11,20.1,9.0,16.7,0.0,53,partly_cloudy
Delhi,2024-12-12,21.7,10.8,18.6,0.0,45,sunny
Delhi,2024-12-13,22.5,14.0,18.5,0.0,65,partly_cloudy
Delhi,2024-12-14,19.0,8.4,15.1,0.0,58,cloudy
Delhi,2024-12-15,21.4,12.7,15.9,0.0,59,sunny
Delhi,2024-12-16,21.2,8.5,15.8,0.0,66,sunny
Delhi,2024-12-17,22.8,9.3,16.9,0.0,62,sunny
Delhi,2024-12-18,20.6,14.0,17.6,0.0,47,partly_cloudy
Delhi,2024-12-19,20.9,10.0,15.7,0.0,48,cloudy
Delhi,2024-12-20,22.4,14.3,17.4,0.0,44,sunny
Delhi,2024-12-21,23.6,13.6,18.7,0.0,32,cloudy
Delhi,2024-12-22,23.5,12.7,16.2,5.6,47,partly_cloudy
Delhi,2024-12-23,22.4,10.8,15.8,0.0,58,cloudy
Delhi,2024-12-24,19.4,9.4,15.5,0.0,37,partly_cloudy
Delhi,2024-12-25,23.1,10.2,16.4,0.0,61,cloudy
Delhi,2024-12-26,19.6,10.9,15.3,0.0,39,partly_cloudy
Delhi,2024-12-27,22.8,10.2,18.0,0.0,37,cloudy
Delhi,2024-12-28,18.9,8.9,15.2,0.0,69,sunny
Delhi,2024-12-29,23.1,12.3,16.8,0.0,40,sunny
Delhi,2024-12-30,25.0,10.3,17.2,0.0,60,sunny
Delhi,2024-12-31,24.1,13.2,18.4,0.0,70,cloudy
Bangalore,2022-01-01,19.3,10.4,15.4,0.0,44,partly_cloudy
Bangalore,2022-01-02,21.5,14.6,17.9,0.0,64,sunny
Bangalore,2022-01-03,21.3,13.6,18.0,0.0,36,partly_cloudy
Bangalore,2022-01-04,18.2,8.5,14.9,0.0,36,sunny
Bangalore,2022-01-05,23.4,11.5,16.7,0.0,33,partly_cloudy
Bangalore,2022-01-06,22.7,9.2,16.3,0.0,58,sunny
Bangalore,2022-01-07,24.8,11.5,17.1,0.0,31,sunny
Bangalore,2022-01-08,20.8,13.2,17.7,0.0,33,cloudy
Bangalore,2022-01-09,22.8,10.0,16.6,0.0,43,cloudy
Bangalore,2022-01-10,17.5,9.4,14.0,0.0,51,cloudy
Bangalore,2022-01-11,23.3,10.4,16.1,0.0,40,cloudy
Bangalore,2022-01-12,22.3,8.3,15.9,0.0,30,cloudy
Bangalore,2022-01-13,17.3,6.2,14.1,0.0,70,sunny
Bangalore,2022-01-14,21.0,10.4,14.1,0.0,41,cloudy
Bangalore,2022-01-15,23.0,8.9,16.4,0.0,32,partly_cloudy
Bangalore,2022-01-16,19.5,9.6,14.8,0.0,45,cloudy
Bangalore,2022-01-17,20.4,11.9,16.5,0.0,62,cloudy
Bangalore,2022-01-18,24.9,10.5,17.4,0.0,56,sunny
Bangalore,2022-01-19,21.9,9.0,15.5,0.0,63,cloudy
Bangalore,2022-01-20,23.3,9.1,16.6,0.0,40,cloudy
Bangalore,2022-01-21,22.5,12.0,16.6,0.0,62,cloudy
Bangalore,2022-01-22,20.5,9.9,15.2,0.0,70,cloudy
Bangalore,2022-01-23,18.7,11.6,14.7,0.0,37,partly_cloudy
Bangalore,2022-01-24,20.5,10.3,16.9,0.0,69,cloudy
Bangalore,2022-01-25,22.7,8.4,14.8,0.0,60,partly_cloudy
Bangalore,2022-01-26,19.9,8.8,15.7,0.0,36,sunny
Bangalore,2022-01-27,22.4,11.5,17.9,0.0,39,cloudy
Bangalore,2022-01-28,20.9,8.7,16.2,0.0,68,sunny
Bangalore,2022-01-29,19.7,8.6,16.1,0.0,61,sunny
Bangalore,2022-01-30,20.2,11.6,15.2,0.0,30,cloudy
Bangalore,2022-01-31,22.9,8.8,15.8,0.0,40,partly_cloudy
Bangalore,2022-02-01,18.7,10.5,15.1,0.0,42,partly_cloudy
Bangalore,2022-02-02,20.7,8.3,15.4,0.0,38,partly_cloudy
Bangalore,2022-02-03,23.6,11.5,16.9,0.0,39,partly_cloudy
Bangalore,2022-02-04,23.7,12.2,17.4,0.0,66,cloudy
Bangalore,2022-02-05,21.2,11.2,15.3,0.0,53,partly_cloudy
Bangalore,2022-02-06,23.4,8.8,16.3,0.0,47,cloudy
Bangalore,2022-02-07,20.0,10.0,14.8,0.0,56,cloudy
Bangalore,2022-02-08,19.7,8.4,15.2,0.0,64,sunny
Bangalore,2022-02-09,23.3,12.8,16.3,8.2,31,cloudy
Bangalore,2022-02-10,18.9,11.1,15.0,0.0,33,cloudy
Bangalore,2022-02-11,21.4,8.3,15.9,0.0,41,cloudy
Bangalore,2022-02-12,22.9,11.1,17.9,0.0,69,cloudy
Bangalore,2022-02-13,23.1,10.3,16.9,0.0,50,sunny
Bangalore,2022-02-14,23.8,11.2,17.5,0.0,44,partly_cloudy
Bangalore,2022-02-15,23.5,10.7,16.8,0.0,56,sunny
Bangalore,2022-02-16,20.6,7.7,14.6,0.0,57,partly_cloudy
Bangalore,2022-02-17,24.9,11.4,17.9,0.0,54,cloudy
Bangalore,2022-02-18,20.2,8.0,15.4,0.0,51,cloudy
Bangalore,2022-02-19,22.9,12.4,15.9,0.0,30,partly_cloudy
Bangalore,2022-02-20,22.7,9.7,16.6,0.0,66,partly_cloudy
Bangalore,2022-02-21,19.1,7.6,14.6,0.0,62,sunny
Bangalore,2022-02-22,21.4,11.4,16.1,0.0,62,partly_cloudy
Bangalore,2022-02-23,20.9,9.0,14.1,0.0,54,partly_cloudy
Bangalore,2022-02-24,19.2,12.4,15.6,0.0,38,sunny
Bangalore,2022-02-25,21.1,12.5,17.5,0.0,69,cloudy
Bangalore,2022-02-26,22.9,9.3,16.8,1.8,58,cloudy
Bangalore,2022-02-27,21.1,9.8,16.5,0.0,45,partly_cloudy
Bangalore,2022-02-28,20.7,9.4,16.4,0.0,61,partly_cloudy
Bangalore,2022-03-01,36.2,25.9,30.7,0.0,36,sunny
Bangalore,2022-03-02,34.3,23.4,29.2,0.0,32,sunny
Bangalore,2022-03-03,36.5,28.6,32.7,0.0,57,partly_cloudy
Bangalore,2022-03-04,37.8,27.2,31.9,0.0,40,cloudy
Bangalore,2022-03-05,35.6,25.5,31.2,0.0,65,sunny
Bangalore,2022-03-06,38.2,25.8,30.5,0.0,51,partly_cloudy
Bangalore,2022-03-07,34.2,22.7,28.7,0.0,58,sunny
Bangalore,2022-03-08,35.5,27.9,31.5,0.0,34,cloudy
Bangalore,2022-03-09,33.8,23.2,28.1,0.0,41,partly_cloudy
Bangalore,2022-03-10,34.8,22.0,29.4,0.0,57,cloudy
Bangalore,2022-03-11,33.9,21.7,27.9,0.0,41,sunny
Bangalore,2022-03-12,35.3,21.8,27.7,6.0,43,sunny
Bangalore,2022-03-13,38.2,24.5,31.4,0.0,31,sunny
Bangalore,2022-03-14,31.7,21.9,28.2,0.0,47,partly_cloudy
Bangalore,2022-03-15,35.1,23.8,30.9,0.0,61,partly_cloudy
Bangalore,2022-03-16,35.3,20.6,27.7,0.0,67,cloudy
Bangalore,2022-03-17,37.2,23.9,29.3,0.0,45,cloudy
Bangalore,2022-03-18,32.1,24.5,28.4,0.0,50,cloudy
Bangalore,2022-03-19,32.3,21.4,28.5,0.0,34,sunny
Bangalore,2022-03-20,32.1,21.5,28.8,0.0,70,sunny
Bangalore,2022-03-21,37.2,26.4,29.7,0.0,65,partly_cloudy
Bangalore,2022-03-22,33.8,24.4,27.5,0.0,62,cloudy
Bangalore,2022-03-23,36.6,28.4,32.0,0.0,42,partly_cloudy
Bangalore,2022-03-24,38.1,23.3,31.0,0.0,67,sunny
Bangalore,2022-03-25,36.5,23.5,30.1,0.0,64,cloudy
Bangalore,2022-03-26,34.3,23.5,30.9,0.0,50,cloudy
Bangalore,2022-03-27,34.9,23.6,29.7,0.0,30,sunny
Bangalore,2022-03-28,36.9,22.4,29.6,0.0,54,cloudy
Bangalore,2022-03-29,36.6,27.9,32.6,0.0,51,cloudy
Bangalore,2022-03-30,36.9,23.2,29.9,7.1,52,cloudy
Bangalore,2022-03-31,37.6,25.3,32.2,0.0,45,cloudy
Bangalore,2022-04-01,35.5,25.7,30.2,0.0,61,sunny
Bangalore,2022-04-02,32.6,24.1,29.0,0.0,34,cloudy
Bangalore,2022-04-03,34.5,22.3,28.5,0.0,68,cloudy
Bangalore,2022-04-04,33.6,21.5,29.1,0.0,30,partly_cloudy
Bangalore,2022-04-05,32.5,21.7,27.4,0.0,65,sunny
Bangalore,2022-04-06,34.9,24.1,28.5,0.0,48,cloudy
Bangalore,2022-04-07,35.7,26.6,29.9,0.0,58,partly_cloudy
Bangalore,2022-04-08,34.3,22.2,28.3,0.0,60,sunny
Bangalore,2022-04-09,36.1,25.4,29.2,0.0,40,partly_cloudy
Bangalore,2022-04-10,36.6,25.7,30.5,0.0,48,cloudy
Bangalore,2022-04-11,35.3,22.6,29.4,0.0,60,partly_cloudy
Bangalore,2022-04-12,32.0,23.4,28.9,0.0,30,partly_cloudy
Bangalore,2022-04-13,37.2,22.2,30.1,0.0,42,cloudy
Bangalore,2022-04-14,33.5,25.8,29.4,9.0,40,partly_cloudy
Bangalore,2022-04-15,34.5,21.2,29.0,0.0,69,sunny
Bangalore,2022-04-16,40.0,28.0,32.6,0.0,50,cloudy
Bangalore,2022-04-17,31.4,24.5,28.2,0.0,45,cloudy
Bangalore,2022-04-18,40.1,26.0,32.5,0.0,37,sunny
Bangalore,2022-04-19,37.9,26.9,31.4,0.0,60,sunny
Bangalore,2022-04-20,35.1,27.9,31.4,0.0,48,cloudy
Bangalore,2022-04-21,35.9,23.5,30.7,0.0,48,cloudy
Bangalore,2022-04-22,35.1,24.4,29.4,0.0,64,cloudy
Bangalore,2022-04-23,36.5,23.9,28.9,0.0,42,cloudy
Bangalore,2022-04-24,33.6,23.2,28.7,0.0,49,cloudy
Bangalore,2022-04-25,36.5,23.6,29.4,7.2,68,sunny
Bangalore,2022-04-26,37.0,24.3,29.8,0.0,43,sunny
Bangalore,2022-04-27,38.4,27.2,31.9,0.0,70,cloudy
Bangalore,2022-04-28,34.7,25.9,29.5,10.0,59,sunny
Bangalore,2022-04-29,32.5,21.0,28.1,0.0,59,cloudy
Bangalore,2022-04-30,31.6,22.7,27.4,0.0,60,cloudy
Bangalore,2022-05-01,33.2,22.8,29.7,0.0,64,cloudy
Bangalore,2022-05-02,34.6,26.3,31.4,0.0,45,partly_cloudy
Bangalore,2022-05-03,36.3,22.2,30.2,0.0,63,partly_cloudy
Bangalore,2022-05-04,34.6,25.8,31.3,0.0,41,sunny
Bangalore,2022-05-05,39.8,24.2,32.1,0.0,44,sunny
Bangalore,2022-05-06,34.7,20.9,27.2,0.0,32,cloudy
Bangalore,2022-05-07,38.1,24.2,30.8,0.0,45,cloudy
Bangalore,2022-05-08,32.3,23.4,27.9,0.0,67,sunny
Bangalore,2022-05-09,36.3,25.6,31.8,0.0,65,sunny
Bangalore,2022-05-10,35.0,20.5,28.3,8.4,66,cloudy
Bangalore,2022-05-11,37.0,28.1,31.9,0.0,42,sunny
Bangalore,2022-05-12,35.5,24.8,31.5,0.0,47,cloudy
Bangalore,2022-05-13,34.6,22.2,27.4,0.0,34,cloudy
Bangalore,2022-05-14,33.8,24.0,28.8,0.0,60,partly_cloudy
Bangalore,2022-05-15,33.6,24.4,28.1,0.0,67,partly_cloudy
Bangalore,2022-05-16,37.6,24.7,30.7,0.0,48,cloudy
Bangalore,2022-05-17,36.3,24.8,31.5,0.0,40,cloudy
Bangalore,2022-05-18,32.9,25.0,29.0,0.0,69,partly_cloudy
Bangalore,2022-05-19,38.2,25.2,30.6,0.0,67,sunny
Bangalore,2022-05-20,33.9,23.2,29.6,0.0,32,sunny
Bangalore,2022-05-21,38.2,29.3,32.8,0.0,50,sunny
Bangalore,2022-05-22,32.5,23.3,28.6,0.0,66,sunny
Bangalore,2022-05-23,35.4,24.1,28.4,0.0,42,partly_cloudy
Bangalore,2022-05-24,37.9,28.3,32.0,0.0,48,sunny
Bangalore,2022-05-25,33.4,25.2,28.8,5.2,43,partly_cloudy
Bangalore,2022-05-26,35.8,25.4,31.9,0.0,45,sunny
Bangalore,2022-05-27,38.3,24.4,32.1,0.0,30,cloudy
Bangalore,2022-05-28,35.4,22.4,27.7,0.0,56,partly_cloudy
Bangalore,2022-05-29,39.8,26.0,31.8,0.0,64,cloudy
Bangalore,2022-05-30,36.0,24.5,30.2,0.0,62,partly_cloudy
Bangalore,2022-05-31,32.9,20.4,28.1,0.0,58,partly_cloudy
Bangalore,2022-06-01,25.9,14.9,21.0,0.0,65,sunny
Bangalore,2022-06-02,26.5,12.9,19.7,0.0,84,sunny
Bangalore,2022-06-03,26.0,13.7,19.5,0.0,84,sunny
Bangalore,2022-06-04,30.0,14.2,22.0,38.3,93,rainy
Bangalore,2022-06-05,27.9,17.1,20.3,0.0,81,cloudy
Bangalore,2022-06-06,29.8,16.2,23.1,0.0,85,cloudy
Bangalore,2022-06-07,29.7,21.0,24.0,39.9,46,rainy
Bangalore,2022-06-08,25.1,13.4,21.0,0.0,67,cloudy
Bangalore,2022-06-09,28.8,21.1,24.4,16.2,88,rainy
Bangalore,2022-06-10,28.6,15.9,22.1,38.1,41,rainy
Bangalore,2022-06-11,26.4,14.1,19.3,0.0,91,cloudy
Bangalore,2022-06-12,28.5,19.5,23.7,0.0,61,sunny
Bangalore,2022-06-13,31.4,18.6,24.8,31.1,76,rainy
Bangalore,2022-06-14,25.3,16.4,19.6,49.6,80,rainy
Bangalore,2022-06-15,28.7,18.2,24.7,0.0,74,cloudy
Bangalore,2022-06-16,27.1,14.2,20.8,43.3,63,rainy
Bangalore,2022-06-17,28.8,15.3,22.5,0.0,93,cloudy
Bangalore,2022-06-18,23.9,13.8,19.2,0.0,76,cloudy
Bangalore,2022-06-19,32.7,17.0,24.7,49.6,80,rainy
Bangalore,2022-06-20,27.6,15.4,21.4,24.5,92,rainy
Bangalore,2022-06-21,24.7,15.1,19.9,34.5,57,rainy
Bangalore,2022-06-22,22.9,14.8,19.9,30.2,40,rainy
Bangalore,2022-06-23,29.1,15.6,21.8,0.0,82,cloudy
Bangalore,2022-06-24,28.7,13.5,20.9,25.6,76,rainy
Bangalore,2022-06-25,24.9,16.5,21.5,29.4,86,rainy
Bangalore,2022-06-26,29.9,20.1,23.4,10.6,59,rainy
Bangalore,2022-06-27,29.3,18.6,23.6,19.1,80,rainy
Bangalore,2022-06-28,28.7,19.8,24.8,0.0,47,sunny
Bangalore,2022-06-29,24.0,15.6,20.2,49.2,92,rainy
Bangalore,2022-06-30,25.5,16.9,21.2,0.0,70,cloudy
Bangalore,2022-07-01,24.9,16.4,21.6,14.6,88,rainy
Bangalore,2022-07-02,29.2,18.8,23.8,30.7,85,rainy
Bangalore,2022-07-03,31.4,19.5,23.8,45.8,80,rainy
Bangalore,2022-07-04,27.4,18.0,22.3,48.9,56,rainy
Bangalore,2022-07-05,27.1,16.2,20.4,0.0,75,sunny
Bangalore,2022-07-06,28.1,19.1,24.1,0.0,52,cloudy
Bangalore,2022-07-07,27.8,17.0,20.9,45.1,64,rainy
Bangalore,2022-07-08,28.3,18.1,22.5,0.0,89,cloudy
Bangalore,2022-07-09,26.5,18.1,23.1,0.0,61,sunny
Bangalore,2022-07-10,31.0,15.4,23.3,44.1,81,rainy
Bangalore,2022-07-11,29.0,14.2,21.9,0.0,77,sunny
Bangalore,2022-07-12,25.7,13.0,19.9,10.1,50,rainy
Bangalore,2022-07-13,24.6,12.4,20.2,38.4,82,rainy
Bangalore,2022-07-14,32.2,20.9,24.9,0.0,70,cloudy
Bangalore,2022-07-15,28.7,17.6,24.5,15.8,82,rainy
Bangalore,2022-07-16,26.9,15.8,20.6,11.8,55,rainy
Bangalore,2022-07-17,28.4,16.1,21.7,0.0,65,cloudy
Bangalore,2022-07-18,31.9,19.2,24.2,22.2,57,rainy
Bangalore,2022-07-19,23.7,15.6,19.9,39.6,64,rainy
Bangalore,2022-07-20,31.2,20.8,24.2,26.9,70,rainy
Bangalore,2022-07-21,27.3,17.9,23.2,10.0,87,rainy
Bangalore,2022-07-22,29.7,18.8,24.3,0.0,88,sunny
Bangalore,2022-07-23,28.2,15.0,21.2,34.0,73,rainy
Bangalore,2022-07-24,29.3,15.9,22.9,0.0,46,cloudy
Bangalore,2022-07-25,24.6,14.5,19.1,0.0,79,sunny
Bangalore,2022-07-26,22.7,12.8,19.5,27.6,76,rainy
Bangalore,2022-07-27,31.3,18.4,24.7,8.7,48,rainy
Bangalore,2022-07-28,26.5,18.4,22.5,8.7,87,rainy
Bangalore,2022-07-29,28.0,16.0,23.2,0.0,84,cloudy
Bangalore,2022-07-30,27.3,19.2,23.6,31.8,83,rainy
Bangalore,2022-07-31,26.2,13.4,19.1,11.7,80,rainy
Bangalore,2022-08-01,28.5,17.5,20.9,43.3,81,rainy
Bangalore,2022-08-02,28.8,17.9,23.2,0.0,65,sunny
Bangalore,2022-08-03,31.8,17.7,24.7,29.4,93,rainy
Bangalore,2022-08-04,28.9,19.2,23.7,0.0,48,sunny
Bangalore,2022-08-05,29.1,16.8,23.8,5.5,46,rainy
Bangalore,2022-08-06,29.2,21.6,24.8,21.0,64,rainy
Bangalore,2022-08-07,26.7,17.6,23.5,47.4,83,rainy
Bangalore,2022-08-08,29.6,16.0,22.1,0.0,61,sunny
Bangalore,2022-08-09,28.6,18.2,24.9,0.0,64,sunny
Bangalore,2022-08-10,25.3,14.9,21.6,41.3,50,rainy
Bangalore,2022-08-11,27.9,17.8,24.9,21.0,47,rainy
Bangalore,2022-08-12,25.6,14.4,20.5,0.0,48,sunny
Bangalore,2022-08-13,28.1,17.1,23.7,0.0,71,cloudy
Bangalore,2022-08-14,29.4,21.2,24.4,30.7,54,rainy
Bangalore,2022-08-15,25.1,18.9,22.0,48.6,84,rainy
Bangalore,2022-08-16,29.6,19.8,24.5,0.0,71,sunny
Bangalore,2022-08-17,30.4,17.5,24.6,0.0,50,sunny
Bangalore,2022-08-18,26.5,15.4,23.0,17.9,84,rainy
Bangalore,2022-08-19,28.7,19.3,24.6,0.0,95,sunny
Bangalore,2022-08-20,27.1,13.3,20.1,41.2,61,rainy
Bangalore,2022-08-21,29.3,18.2,25.0,31.2,84,rainy
Bangalore,2022-08-22,29.2,19.8,23.9,0.0,63,sunny
Bangalore,2022-08-23,29.8,18.7,23.2,0.0,80,cloudy
Bangalore,2022-08-24,31.4,17.8,23.6,27.9,51,rainy
Bangalore,2022-08-25,23.9,14.9,19.4,0.0,76,cloudy
Bangalore,2022-08-26,26.5,16.3,19.5,0.0,55,sunny
Bangalore,2022-08-27,29.2,17.5,24.7,0.0,55,cloudy
Bangalore,2022-08-28,23.9,17.6,20.9,9.1,59,rainy
Bangalore,2022-08-29,27.0,15.8,19.4,0.0,68,sunny
Bangalore,2022-08-30,24.7,14.5,20.4,37.8,80,rainy
Bangalore,2022-08-31,30.6,15.5,23.1,0.0,70,sunny
Bangalore,2022-09-01,24.2,12.7,19.2,15.1,47,rainy
Bangalore,2022-09-02,26.9,17.7,21.2,7.6,44,rainy
Bangalore,2022-09-03,27.6,16.7,23.4,48.5,56,rainy
Bangalore,2022-09-04,26.1,16.5,20.1,0.0,48,sunny
Bangalore,2022-09-05,24.9,18.3,21.5,35.2,58,rainy
Bangalore,2022-09-06,23.9,13.7,20.5,0.0,60,sunny
Bangalore,2022-09-07,29.1,21.5,24.9,40.9,67,rainy
Bangalore,2022-09-08,26.6,17.8,21.5,0.0,40,sunny
Bangalore,2022-09-09,27.3,14.8,19.7,10.4,41,rainy
Bangalore,2022-09-10,23.6,12.4,19.2,39.0,53,rainy
Bangalore,2022-09-11,29.4,16.8,24.1,0.0,69,cloudy
Bangalore,2022-09-12,26.9,13.7,21.6,21.7,55,rainy
Bangalore,2022-09-13,22.4,11.3,19.2,0.0,66,sunny
Bangalore,2022-09-14,29.9,17.0,23.5,42.8,54,rainy
Bangalore,2022-09-15,27.8,13.5,20.3,30.3,44,rainy
Bangalore,2022-09-16,28.5,16.0,22.4,49.9,80,rainy
Bangalore,2022-09-17,26.3,18.1,22.6,46.9,84,rainy
Bangalore,2022-09-18,28.0,14.7,20.6,24.3,72,rainy
Bangalore,2022-09-19,28.9,19.3,22.4,39.7,79,rainy
Bangalore,2022-09-20,26.6,16.6,20.9,0.0,49,sunny
Bangalore,2022-09-21,26.0,13.8,20.0,42.8,61,rainy
Bangalore,2022-09-22,27.8,16.9,23.0,5.9,74,rainy
Bangalore,2022-09-23,27.3,16.5,22.3,13.2,86,rainy
Bangalore,2022-09-24,27.9,18.8,23.4,33.7,60,rainy
Bangalore,2022-09-25,27.8,16.4,21.5,7.3,46,rainy
Bangalore,2022-09-26,27.0,13.9,20.1,42.9,45,rainy
Bangalore,2022-09-27,32.1,20.9,24.3,0.0,53,cloudy
Bangalore,2022-09-28,28.4,16.6,23.1,30.1,46,rainy
Bangalore,2022-09-29,30.3,20.4,24.5,0.0,67,cloudy
Bangalore,2022-09-30,26.7,16.1,20.6,0.0,51,sunny
Bangalore,2022-10-01,27.5,20.9,24.3,0.0,41,cloudy
Bangalore,2022-10-02,32.2,22.1,25.5,0.0,52,sunny
Bangalore,2022-10-03,27.0,17.9,22.7,0.0,40,cloudy
Bangalore,2022-10-04,28.7,14.3,22.1,0.0,56,partly_cloudy
Bangalore,2022-10-05,25.9,18.7,22.3,0.0,59,cloudy
Bangalore,2022-10-06,32.9,18.6,25.0,0.0,43,cloudy
Bangalore,2022-10-07,31.6,18.1,24.4,0.0,36,sunny
Bangalore,2022-10-08,28.0,21.0,24.1,3.9,49,cloudy
Bangalore,2022-10-09,27.8,15.8,22.6,9.6,30,partly_cloudy
Bangalore,2022-10-10,26.6,14.4,22.0,0.0,53,cloudy
Bangalore,2022-10-11,31.0,16.5,24.4,0.0,64,sunny
Bangalore,2022-10-12,30.6,19.8,23.7,0.0,54,partly_cloudy
Bangalore,2022-10-13,30.4,21.2,24.4,0.0,66,partly_cloudy
Bangalore,2022-10-14,29.0,17.9,23.8,0.0,45,cloudy
Bangalore,2022-10-15,30.1,17.5,24.5,0.0,62,cloudy
Bangalore,2022-10-16,29.2,20.1,23.3,0.0,48,cloudy
Bangalore,2022-10-17,28.6,21.0,24.2,0.0,30,partly_cloudy
Bangalore,2022-10-18,30.1,20.8,24.8,0.0,44,cloudy
Bangalore,2022-10-19,30.2,17.3,25.2,0.0,69,cloudy
Bangalore,2022-10-20,30.9,18.0,24.0,0.0,62,sunny
Bangalore,2022-10-21,29.2,16.9,24.7,0.0,48,cloudy
Bangalore,2022-10-22,26.8,17.8,22.4,0.0,65,cloudy
Bangalore,2022-10-23,31.5,19.4,23.7,4.2,50,sunny
Bangalore,2022-10-24,31.1,22.2,25.4,0.0,33,cloudy
Bangalore,2022-10-25,31.8,20.2,25.0,0.0,52,cloudy
Bangalore,2022-10-26,28.7,19.1,24.2,0.0,40,partly_cloudy
Bangalore,2022-10-27,33.5,19.9,25.7,9.4,36,partly_cloudy
Bangalore,2022-10-28,26.2,17.1,22.4,0.0,45,partly_cloudy
Bangalore,2022-10-29,29.9,16.4,23.1,0.0,59,cloudy
Bangalore,2022-10-30,27.4,15.0,22.5,0.0,32,sunny
Bangalore,2022-10-31,26.5,19.1,22.6,0.0,70,cloudy
Bangalore,2022-11-01,32.0,16.9,24.2,0.0,53,sunny
Bangalore,2022-11-02,25.9,18.3,22.9,0.0,30,partly_cloudy
Bangalore,2022-11-03,27.6,17.2,24.0,4.2,37,partly_cloudy
Bangalore,2022-11-04,29.4,19.5,23.2,0.0,34,cloudy
Bangalore,2022-11-05,31.8,21.8,25.1,0.0,68,cloudy
Bangalore,2022-11-06,31.9,19.6,24.4,0.0,56,sunny
Bangalore,2022-11-07,30.9,15.4,23.0,0.0,39,cloudy
Bangalore,2022-11-08,31.0,19.0,23.4,0.0,41,cloudy
Bangalore,2022-11-09,27.2,19.3,23.2,0.0,37,cloudy
Bangalore,2022-11-10,29.4,17.8,23.2,3.7,69,sunny
Bangalore,2022-11-11,30.9,19.5,23.8,0.0,37,partly_cloudy
Bangalore,2022-11-12,32.0,16.7,24.7,0.0,50,partly_cloudy
Bangalore,2022-11-13,31.1,19.0,23.6,5.4,44,cloudy
Bangalore,2022-11-14,31.9,18.4,24.7,0.0,63,partly_cloudy
Bangalore,2022-11-15,32.9,19.6,25.9,0.0,45,cloudy
Bangalore,2022-11-16,29.4,16.9,23.1,0.0,31,partly_cloudy
Bangalore,2022-11-17,31.7,19.2,24.2,0.0,68,cloudy
Bangalore,2022-11-18,28.4,20.1,25.2,0.0,32,cloudy
Bangalore,2022-11-19,31.8,18.4,24.0,0.0,43,cloudy
Bangalore,2022-11-20,26.3,16.4,22.5,0.0,54,cloudy
Bangalore,2022-11-21,31.5,16.6,24.4,0.0,47,sunny
Bangalore,2022-11-22,30.3,18.2,22.8,0.0,70,sunny
Bangalore,2022-11-23,29.1,16.2,22.0,0.0,66,cloudy
Bangalore,2022-11-24,29.5,16.9,22.5,1.5,55,cloudy
Bangalore,2022-11-25,29.2,20.7,23.9,0.0,68,sunny
Bangalore,2022-11-26,28.2,17.4,24.1,0.0,60,sunny
Bangalore,2022-11-27,28.7,19.1,23.7,0.0,41,sunny
Bangalore,2022-11-28,33.0,19.3,25.2,0.0,51,sunny
Bangalore,2022-11-29,29.1,20.5,26.0,0.0,55,partly_cloudy
Bangalore,2022-11-30,31.5,21.1,25.1,0.0,31,partly_cloudy
Bangalore,2022-12-01,22.5,9.2,15.6,0.0,56,cloudy
Bangalore,2022-12-02,21.9,9.7,16.4,0.0,62,cloudy
Bangalore,2022-12-03,22.1,9.8,17.3,0.0,41,cloudy
Bangalore,2022-12-04,21.4,11.6,14.6,0.0,36,sunny
Bangalore,2022-12-05,21.3,13.8,16.9,0.0,38,sunny
Bangalore,2022-12-06,23.1,11.0,17.6,0.0,54,sunny
Bangalore,2022-12-07,23.3,11.5,17.4,0.0,35,partly_cloudy
Bangalore,2022-12-08,20.6,13.0,16.7,0.0,65,partly_cloudy
Bangalore,2022-12-09,22.7,13.0,16.4,0.0,43,partly_cloudy
Bangalore,2022-12-10,23.7,12.1,17.3,0.0,33,cloudy
Bangalore,2022-12-11,21.4,13.1,16.9,0.0,43,partly_cloudy
Bangalore,2022-12-12,19.7,11.6,15.0,0.0,34,cloudy
Bangalore,2022-12-13,19.2,9.5,15.8,0.0,70,partly_cloudy
Bangalore,2022-12-14,18.1,10.9,14.4,0.0,54,cloudy
Bangalore,2022-12-15,21.0,12.9,16.1,0.0,48,sunny
Bangalore,2022-12-16,18.5,10.8,14.4,0.0,66,cloudy
Bangalore,2022-12-17,23.9,12.9,16.9,0.0,36,cloudy
Bangalore,2022-12-18,21.6,10.0,16.6,0.0,41,cloudy
Bangalore,2022-12-19,21.4,12.5,16.2,0.0,57,partly_cloudy
Bangalore,2022-12-20,20.0,8.4,15.6,0.0,67,cloudy
Bangalore,2022-12-21,19.7,10.7,14.5,0.0,66,cloudy
Bangalore,2022-12-22,25.3,14.0,17.6,0.0,31,partly_cloudy
Bangalore,2022-12-23,23.2,10.1,16.9,0.0,43,partly_cloudy
Bangalore,2022-12-24,20.8,10.1,14.9,0.0,57,cloudy
Bangalore,2022-12-25,21.2,8.6,14.7,0.0,40,partly_cloudy
Bangalore,2022-12-26,24.6,11.0,17.6,0.0,60,sunny
Bangalore,2022-12-27,18.0,7.7,14.1,0.0,31,partly_cloudy
Bangalore,2022-12-28,23.4,11.4,16.0,0.0,30,cloudy
Bangalore,2022-12-29,23.4,12.1,15.7,0.0,65,sunny
Bangalore,2022-12-30,24.0,12.8,17.5,0.0,43,partly_cloudy
Bangalore,2022-12-31,23.5,9.7,16.6,0.0,58,cloudy
Bangalore,2023-01-01,22.6,9.8,16.2,0.0,69,partly_cloudy
Bangalore,2023-01-02,19.5,6.5,14.0,0.0,51,sunny
Bangalore,2023-01-03,21.3,10.2,16.8,0.0,57,partly_cloudy
Bangalore,2023-01-04,19.6,8.0,14.8,0.0,52,sunny
Bangalore,2023-01-05,23.9,11.2,16.3,0.0,39,sunny
Bangalore,2023-01-06,22.6,7.3,14.7,0.0,48,partly_cloudy
Bangalore,2023-01-07,20.4,12.3,16.4,0.0,43,cloudy
Bangalore,2023-01-08,20.8,9.1,14.8,0.0,44,cloudy
Bangalore,2023-01-09,23.2,11.4,15.6,0.0,59,partly_cloudy
Bangalore,2023-01-10,20.2,7.6,14.9,0.0,48,sunny
Bangalore,2023-01-11,24.0,8.6,16.2,0.0,70,sunny
Bangalore,2023-01-12,24.0,11.9,17.2,0.0,50,cloudy
Bangalore,2023-01-13,21.1,10.3,14.8,0.0,53,partly_cloudy
Bangalore,2023-01-14,23.3,12.8,16.9,0.0,32,cloudy
Bangalore,2023-01-15,20.2,8.4,14.7,0.0,66,partly_cloudy
Bangalore,2023-01-16,25.3,9.6,17.3,8.3,38,cloudy
Bangalore,2023-01-17,22.7,9.4,15.1,0.0,48,partly_cloudy
Bangalore,2023-01-18,19.3,10.1,15.1,0.4,65,cloudy
Bangalore,2023-01-19,22.8,9.5,15.9,0.0,35,partly_cloudy
Bangalore,2023-01-20,21.8,11.9,16.8,0.0,58,sunny
Bangalore,2023-01-21,18.3,11.0,14.9,0.0,33,cloudy
Bangalore,2023-01-22,23.6,12.5,17.9,0.0,40,sunny
Bangalore,2023-01-23,21.0,14.1,17.8,0.0,65,cloudy
Bangalore,2023-01-24,19.6,12.1,15.4,0.0,35,sunny
Bangalore,2023-01-25,21.3,8.0,15.2,0.0,60,partly_cloudy
Bangalore,2023-01-26,24.7,12.2,16.7,0.0,65,sunny
Bangalore,2023-01-27,18.4,7.9,14.5,0.0,50,cloudy
Bangalore,2023-01-28,21.7,8.0,14.3,0.0,68,cloudy
Bangalore,2023-01-29,22.9,10.1,16.2,0.0,67,sunny
Bangalore,2023-01-30,23.1,13.1,17.1,0.0,39,partly_cloudy
Bangalore,2023-01-31,20.1,8.7,16.5,0.0,62,partly_cloudy
Bangalore,2023-02-01,19.0,12.6,15.7,0.0,56,cloudy
Bangalore,2023-02-02,24.4,9.5,17.3,0.1,42,partly_cloudy
Bangalore,2023-02-03,22.7,10.9,16.8,9.6,42,cloudy
Bangalore,2023-02-04,23.3,11.9,16.8,0.0,68,cloudy
Bangalore,2023-02-05,21.3,6.6,14.4,0.0,49,sunny
Bangalore,2023-02-06,21.8,8.4,15.6,0.0,59,partly_cloudy
Bangalore,2023-02-07,20.7,12.7,16.3,6.5,51,cloudy
Bangalore,2023-02-08,21.9,10.9,14.6,0.0,62,sunny
Bangalore,2023-02-09,20.3,12.1,15.2,0.0,45,partly_cloudy
Bangalore,2023-02-10,20.5,10.1,17.3,0.0,35,partly_cloudy
Bangalore,2023-02-11,21.3,10.1,15.9,0.0,55,sunny
Bangalore,2023-02-12,22.2,11.0,16.9,2.9,30,partly_cloudy
Bangalore,2023-02-13,21.0,12.6,15.7,0.0,36,cloudy
Bangalore,2023-02-14,25.0,12.9,17.5,0.0,49,partly_cloudy
Bangalore,2023-02-15,23.5,12.6,17.6,0.0,50,cloudy
Bangalore,2023-02-16,24.9,12.3,17.9,0.0,61,partly_cloudy
Bangalore,2023-02-17,20.5,11.4,17.2,0.0,42,sunny
Bangalore,2023-02-18,18.8,9.2,14.4,7.6,39,partly_cloudy
Bangalore,2023-02-19,18.3,10.6,15.1,0.0,48,cloudy
Bangalore,2023-02-20,24.0,10.3,17.9,0.0,37,partly_cloudy
Bangalore,2023-02-21,21.3,7.9,15.2,0.0,52,sunny
Bangalore,2023-02-22,20.2,10.6,15.1,0.1,66,sunny
Bangalore,2023-02-23,20.2,8.8,14.0,5.6,48,cloudy
Bangalore,2023-02-24,25.1,12.7,17.8,0.0,66,cloudy
Bangalore,2023-02-25,20.9,13.0,16.1,0.0,40,cloudy
Bangalore,2023-02-26,24.2,9.7,16.3,0.0,56,cloudy
Bangalore,2023-02-27,23.8,9.3,16.6,0.0,46,sunny
Bangalore,2023-02-28,24.5,13.4,17.7,5.7,44,sunny
Bangalore,2023-03-01,33.9,25.7,30.3,0.0,34,sunny
Bangalore,2023-03-02,36.6,27.9,31.7,0.0,40,sunny
Bangalore,2023-03-03,35.8,25.0,32.3,0.0,51,partly_cloudy
Bangalore,2023-03-04,34.5,26.1,29.8,0.0,55,sunny
Bangalore,2023-03-05,37.3,25.0,29.7,0.0,56,sunny
Bangalore,2023-03-06,37.1,22.7,29.9,0.0,60,cloudy
Bangalore,2023-03-07,38.8,26.3,32.1,8.4,43,partly_cloudy
Bangalore,2023-03-08,36.4,26.9,32.2,0.0,46,partly_cloudy
Bangalore,2023-03-09,32.6,20.1,27.2,0.0,51,cloudy
Bangalore,2023-03-10,33.8,21.3,27.8,0.0,32,cloudy
Bangalore,2023-03-11,30.9,21.4,27.2,0.0,62,partly_cloudy
Bangalore,2023-03-12,36.7,21.1,28.9,0.0,39,partly_cloudy
Bangalore,2023-03-13,39.4,25.5,32.8,0.0,44,partly_cloudy
Bangalore,2023-03-14,36.9,21.9,29.2,0.0,68,partly_cloudy
Bangalore,2023-03-15,33.4,23.8,27.2,0.0,59,partly_cloudy
Bangalore,2023-03-16,38.7,27.4,31.1,0.0,30,cloudy
Bangalore,2023-03-17,35.5,24.6,29.7,0.0,65,cloudy
Bangalore,2023-03-18,33.5,25.5,29.9,0.0,37,cloudy
Bangalore,2023-03-19,34.6,27.8,31.3,0.0,44,partly_cloudy
Bangalore,2023-03-20,36.0,29.8,32.9,0.0,52,partly_cloudy
Bangalore,2023-03-21,34.3,24.1,30.5,0.0,46,cloudy
Bangalore,2023-03-22,33.2,23.8,29.0,0.0,67,sunny
Bangalore,2023-03-23,34.6,23.2,28.4,0.0,43,sunny
Bangalore,2023-03-24,35.7,27.1,30.4,6.4,38,partly_cloudy
Bangalore,2023-03-25,34.4,25.5,29.5,0.0,49,partly_cloudy
Bangalore,2023-03-26,38.3,23.9,30.3,0.0,46,partly_cloudy
Bangalore,2023-03-27,32.1,21.7,28.3,0.0,32,partly_cloudy
Bangalore,2023-03-28,35.2,23.4,30.2,0.0,63,partly_cloudy
Bangalore,2023-03-29,32.9,24.0,28.6,0.0,37,partly_cloudy
Bangalore,2023-03-30,35.3,25.5,31.7,0.0,34,cloudy
Bangalore,2023-03-31,34.6,25.8,30.1,0.0,30,partly_cloudy
Bangalore,2023-04-01,38.1,27.6,32.3,0.0,56,sunny
Bangalore,2023-04-02,34.9,20.8,28.3,0.0,56,partly_cloudy
Bangalore,2023-04-03,35.0,22.8,28.9,0.0,60,partly_cloudy
Bangalore,2023-04-04,33.6,24.1,30.2,0.0,65,partly_cloudy
Bangalore,2023-04-05,34.9,24.9,31.8,0.0,38,partly_cloudy
Bangalore,2023-04-06,38.2,26.9,32.3,0.0,57,partly_cloudy
Bangalore,2023-04-07,33.7,21.2,27.4,0.0,51,sunny
Bangalore,2023-04-08,32.0,22.2,28.1,0.0,64,cloudy
Bangalore,2023-04-09,39.9,28.2,32.0,0.0,58,partly_cloudy
Bangalore,2023-04-10,37.6,26.3,31.9,0.0,66,sunny
Bangalore,2023-04-11,34.7,24.9,28.0,0.0,47,partly_cloudy
Bangalore,2023-04-12,35.7,21.8,29.0,0.0,30,cloudy
Bangalore,2023-04-13,36.3,23.6,31.5,0.0,47,sunny
Bangalore,2023-04-14,38.2,25.2,31.6,0.0,54,cloudy
Bangalore,2023-04-15,39.3,25.0,31.3,0.0,56,cloudy
Bangalore,2023-04-16,30.4,21.6,27.4,0.0,30,partly_cloudy
Bangalore,2023-04-17,34.6,25.7,31.1,0.0,66,partly_cloudy
Bangalore,2023-04-18,36.3,24.1,28.3,0.0,48,cloudy
Bangalore,2023-04-19,36.8,25.2,29.3,0.0,42,sunny
Bangalore,2023-04-20,30.6,21.9,27.5,0.0,51,cloudy
Bangalore,2023-04-21,39.8,25.0,32.5,0.0,35,partly_cloudy
Bangalore,2023-04-22,34.6,23.8,30.2,9.4,39,sunny
Bangalore,2023-04-23,34.4,24.5,30.0,0.0,39,partly_cloudy
Bangalore,2023-04-24,35.3,20.9,27.9,0.0,39,sunny
Bangalore,2023-04-25,34.5,23.1,29.5,0.0,55,cloudy
Bangalore,2023-04-26,38.7,26.3,31.3,2.7,31,partly_cloudy
Bangalore,2023-04-27,37.2,22.8,30.6,9.3,37,cloudy
Bangalore,2023-04-28,35.7,25.4,29.3,0.0,33,sunny
Bangalore,2023-04-29,38.1,26.8,32.8,0.0,56,cloudy
Bangalore,2023-04-30,34.9,25.0,28.6,0.0,60,sunny
Bangalore,2023-05-01,34.7,22.1,29.6,0.0,51,partly_cloudy
Bangalore,2023-05-02,40.6,28.8,32.9,0.0,44,sunny
Bangalore,2023-05-03,34.7,26.8,30.5,0.0,53,sunny
Bangalore,2023-05-04,32.0,19.8,27.4,0.0,69,partly_cloudy
Bangalore,2023-05-05,39.7,25.3,32.4,0.0,60,partly_cloudy
Bangalore,2023-05-06,32.5,22.7,27.4,0.0,46,sunny
Bangalore,2023-05-07,32.5,20.5,27.2,0.0,52,sunny
Bangalore,2023-05-08,34.6,26.3,30.7,0.0,62,cloudy
Bangalore,2023-05-09,39.0,24.2,31.6,0.0,69,cloudy
Bangalore,2023-05-10,37.0,27.2,30.8,0.0,56,sunny
Bangalore,2023-05-11,33.9,20.1,28.0,0.0,44,partly_cloudy
Bangalore,2023-05-12,33.5,27.3,30.4,0.0,67,partly_cloudy
Bangalore,2023-05-13,34.0,24.5,28.1,0.0,32,partly_cloudy
Bangalore,2023-05-14,35.2,22.3,28.7,0.0,30,sunny
Bangalore,2023-05-15,37.9,22.9,30.6,0.0,63,cloudy
Bangalore,2023-05-16,35.4,23.1,27.8,0.0,50,partly_cloudy
Bangalore,2023-05-17,34.9,24.1,30.1,4.1,54,cloudy
Bangalore,2023-05-18,38.6,27.3,32.4,0.0,64,cloudy
Bangalore,2023-05-19,34.6,21.8,28.6,0.0,41,cloudy
Bangalore,2023-05-20,34.3,23.5,31.0,0.0,68,sunny
Bangalore,2023-05-21,36.1,23.5,30.9,0.0,36,sunny
Bangalore,2023-05-22,32.1,24.6,27.7,0.0,53,cloudy
Bangalore,2023-05-23,35.6,28.3,31.9,0.0,49,sunny
Bangalore,2023-05-24,31.4,21.9,28.2,0.0,63,partly_cloudy
Bangalore,2023-05-25,33.4,21.1,28.4,9.4,56,sunny
Bangalore,2023-05-26,39.1,26.5,31.3,0.0,46,cloudy
Bangalore,2023-05-27,36.4,25.0,30.1,0.0,46,cloudy
Bangalore,2023-05-28,38.9,28.4,31.6,0.0,44,partly_cloudy
Bangalore,2023-05-29,39.2,27.8,33.0,0.0,69,partly_cloudy
Bangalore,2023-05-30,36.4,25.2,31.7,0.0,61,sunny
Bangalore,2023-05-31,38.6,25.2,31.2,0.0,44,cloudy
Bangalore,2023-06-01,24.3,17.2,21.1,23.8,64,rainy
Bangalore,2023-06-02,27.4,15.4,20.0,0.0,72,sunny
Bangalore,2023-06-03,30.2,20.8,24.2,24.4,41,rainy
Bangalore,2023-06-04,26.4,15.4,21.2,7.7,45,rainy
Bangalore,2023-06-05,25.8,15.3,22.0,38.8,84,rainy
Bangalore,2023-06-06,29.3,18.7,24.4,0.0,46,cloudy
Bangalore,2023-06-07,26.6,15.3,19.2,0.0,69,cloudy
Bangalore,2023-06-08,30.7,17.5,23.5,39.8,75,rainy
Bangalore,2023-06-09,25.0,15.0,20.3,18.8,91,rainy
Bangalore,2023-06-10,27.9,17.3,24.6,29.0,92,rainy
Bangalore,2023-06-11,27.0,16.3,19.9,24.7,42,rainy
Bangalore,2023-06-12,31.1,19.5,24.2,39.4,56,rainy
Bangalore,2023-06-13,29.9,15.2,23.0,43.1,75,rainy
Bangalore,2023-06-14,26.3,13.6,20.5,24.6,56,rainy
Bangalore,2023-06-15,23.4,17.0,20.0,8.5,41,rainy
Bangalore,2023-06-16,26.9,13.8,20.0,15.3,72,rainy
Bangalore,2023-06-17,27.5,15.3,22.0,31.5,56,rainy
Bangalore,2023-06-18,24.3,14.6,21.2,0.0,82,sunny
Bangalore,2023-06-19,30.6,17.7,24.4,47.4,67,rainy
Bangalore,2023-06-20,25.0,15.2,21.5,12.1,56,rainy
Bangalore,2023-06-21,30.9,18.3,23.5,0.0,53,cloudy
Bangalore,2023-06-22,30.0,15.4,23.1,0.0,55,sunny
Bangalore,2023-06-23,24.0,13.4,19.2,0.0,72,cloudy
Bangalore,2023-06-24,31.2,19.1,24.1,0.0,65,cloudy
Bangalore,2023-06-25,31.9,21.4,24.4,37.4,75,rainy
Bangalore,2023-06-26,32.2,17.8,24.3,9.5,78,rainy
Bangalore,2023-06-27,24.9,14.0,21.5,40.7,52,rainy
Bangalore,2023-06-28,30.8,21.3,24.5,0.0,94,sunny
Bangalore,2023-06-29,31.6,20.4,24.7,47.7,53,rainy
Bangalore,2023-06-30,31.0,21.5,24.8,24.1,94,rainy
Bangalore,2023-07-01,28.1,19.7,23.0,0.0,55,cloudy
Bangalore,2023-07-02,31.3,18.2,23.6,8.2,47,rainy
Bangalore,2023-07-03,25.9,12.6,20.4,41.8,43,rainy
Bangalore,2023-07-04,27.7,15.9,22.0,16.7,77,rainy
Bangalore,2023-07-05,27.4,19.4,24.4,0.0,73,cloudy
Bangalore,2023-07-06,25.4,17.3,20.6,0.0,70,sunny
Bangalore,2023-07-07,28.7,17.7,24.8,36.9,49,rainy
Bangalore,2023-07-08,28.3,20.0,23.5,19.0,54,rainy
Bangalore,2023-07-09,25.6,16.3,22.1,41.8,65,rainy
Bangalore,2023-07-10,28.3,20.1,24.1,0.0,89,sunny
Bangalore,2023-07-11,29.9,19.1,23.1,45.3,84,rainy
Bangalore,2023-07-12,27.1,16.5,20.9,40.5,64,rainy
Bangalore,2023-07-13,31.6,19.0,23.8,8.7,44,rainy
Bangalore,2023-07-14,26.5,13.2,19.8,0.0,56,cloudy
Bangalore,2023-07-15,24.2,16.2,20.6,38.6,67,rainy
Bangalore,2023-07-16,27.4,16.7,23.6,0.0,61,cloudy
Bangalore,2023-07-17,27.0,16.0,19.1,48.5,85,rainy
Bangalore,2023-07-18,32.3,17.3,24.4,30.9,58,rainy
Bangalore,2023-07-19,24.8,13.4,19.1,37.5,65,rainy
Bangalore,2023-07-20,28.3,15.9,20.6,16.3,73,rainy
Bangalore,2023-07-21,28.7,16.2,20.9,0.0,64,sunny
Bangalore,2023-07-22,31.0,15.8,23.8,0.0,85,sunny
Bangalore,2023-07-23,26.2,15.9,22.6,37.4,71,rainy
Bangalore,2023-07-24,26.4,17.4,22.9,0.0,58,sunny
Bangalore,2023-07-25,28.7,16.3,23.3,19.3,61,rainy
Bangalore,2023-07-26,23.9,17.3,20.7,7.2,66,rainy
Bangalore,2023-07-27,29.0,14.3,21.5,45.0,44,rainy
Bangalore,2023-07-28,28.9,13.7,21.2,9.1,89,rainy
Bangalore,2023-07-29,28.7,16.6,23.1,38.9,76,rainy
Bangalore,2023-07-30,27.0,16.5,21.2,37.1,61,rainy
Bangalore,2023-07-31,28.8,17.1,24.9,0.0,58,cloudy
Bangalore,2023-08-01,27.4,17.9,23.2,0.0,89,sunny
Bangalore,2023-08-02,30.9,16.1,23.0,0.0,63,sunny
Bangalore,2023-08-03,27.4,14.3,19.6,38.1,78,rainy
Bangalore,2023-08-04,27.7,17.3,23.3,0.0,67,cloudy
Bangalore,2023-08-05,25.2,13.3,19.2,0.0,94,sunny
Bangalore,2023-08-06,30.1,18.6,23.7,20.7,47,rainy
Bangalore,2023-08-07,27.9,17.0,24.7,0.0,67,sunny
Bangalore,2023-08-08,26.3,16.7,20.6,0.0,48,cloudy
Bangalore,2023-08-09,24.9,15.2,21.8,31.1,72,rainy
Bangalore,2023-08-10,25.2,13.1,20.3,0.0,52,cloudy
Bangalore,2023-08-11,28.5,16.7,20.9,32.3,66,rainy
Bangalore,2023-08-12,29.1,16.1,22.1,20.5,59,rainy
Bangalore,2023-08-13,28.7,15.6,21.8,0.0,43,sunny
Bangalore,2023-08-14,26.0,12.7,19.4,32.4,45,rainy
Bangalore,2023-08-15,30.0,17.9,22.8,45.2,91,rainy
Bangalore,2023-08-16,24.4,13.4,20.0,43.0,64,rainy
Bangalore,2023-08-17,27.9,16.7,21.9,40.4,60,rainy
Bangalore,2023-08-18,26.8,17.5,22.2,14.1,56,rainy
Bangalore,2023-08-19,27.4,14.3,22.3,40.1,49,rainy
Bangalore,2023-08-20,31.0,17.1,23.9,41.9,95,rainy
Bangalore,2023-08-21,24.8,16.0,19.3,35.7,80,rainy
Bangalore,2023-08-22,25.2,12.7,20.3,0.0,80,sunny
Bangalore,2023-08-23,23.5,17.1,20.2,0.0,92,sunny
Bangalore,2023-08-24,26.5,17.8,22.3,0.0,66,cloudy
Bangalore,2023-08-25,28.5,21.2,24.3,46.1,76,rainy
Bangalore,2023-08-26,25.3,17.1,20.6,0.0,87,sunny
Bangalore,2023-08-27,24.6,13.0,20.3,19.0,74,rainy
Bangalore,2023-08-28,31.3,18.9,23.4,8.5,64,rainy
Bangalore,2023-08-29,25.3,15.1,21.7,7.7,41,rainy
Bangalore,2023-08-30,27.5,11.8,19.6,0.0,78,sunny
Bangalore,2023-08-31,28.2,18.9,23.0,22.7,65,rainy
Bangalore,2023-09-01,25.0,16.9,20.4,17.0,92,rainy
Bangalore,2023-09-02,25.9,17.2,22.0,29.2,83,rainy
Bangalore,2023-09-03,29.6,15.3,21.6,0.0,48,cloudy
Bangalore,2023-09-04,28.8,18.7,23.4,40.8,79,rainy
Bangalore,2023-09-05,28.3,16.6,24.1,0.0,90,sunny
Bangalore,2023-09-06,29.2,19.2,23.7,0.0,58,cloudy
Bangalore,2023-09-07,30.7,19.5,24.7,30.3,48,rainy
Bangalore,2023-09-08,29.8,16.6,22.0,44.0,91,rainy
Bangalore,2023-09-09,26.4,18.5,22.2,44.4,68,rainy
Bangalore,2023-09-10,23.8,12.6,19.1,0.0,91,cloudy
Bangalore,2023-09-11,30.6,17.9,23.4,0.0,95,sunny
Bangalore,2023-09-12,27.9,17.9,23.7,21.0,62,rainy
Bangalore,2023-09-13,25.7,13.5,20.1,0.0,67,cloudy
Bangalore,2023-09-14,24.0,13.2,20.5,0.0,79,cloudy
Bangalore,2023-09-15,24.8,13.6,19.6,0.0,54,cloudy
Bangalore,2023-09-16,28.4,15.6,22.7,15.7,59,rainy
Bangalore,2023-09-17,28.2,17.8,22.2,0.0,56,cloudy
Bangalore,2023-09-18,27.1,15.5,20.7,43.8,73,rainy
Bangalore,2023-09-19,22.9,15.4,19.7,0.0,87,sunny
Bangalore,2023-09-20,30.7,21.2,24.6,24.6,62,rainy
Bangalore,2023-09-21,28.9,13.7,21.3,35.0,43,rainy
Bangalore,2023-09-22,26.6,16.4,20.6,0.0,57,cloudy
Bangalore,2023-09-23,25.3,14.4,20.4,41.5,79,rainy
Bangalore,2023-09-24,22.8,15.5,19.5,0.0,88,cloudy
Bangalore,2023-09-25,27.8,18.6,22.5,33.0,92,rainy
Bangalore,2023-09-26,30.9,21.4,24.8,5.2,78,rainy
Bangalore,2023-09-27,26.7,18.0,21.7,0.0,75,sunny
Bangalore,2023-09-28,22.8,15.2,19.0,33.2,61,rainy
Bangalore,2023-09-29,23.1,12.7,19.0,0.0,57,sunny
Bangalore,2023-09-30,30.7,17.8,24.1,0.0,43,sunny
Bangalore,2023-10-01,33.2,19.6,26.0,0.0,66,partly_cloudy
Bangalore,2023-10-02,31.4,17.9,24.9,0.0,32,sunny
Bangalore,2023-10-03,33.0,18.4,25.9,0.0,39,partly_cloudy
Bangalore,2023-10-04,28.5,18.5,22.6,0.0,32,partly_cloudy
Bangalore,2023-10-05,30.3,18.8,24.8,0.0,57,partly_cloudy
Bangalore,2023-10-06,28.0,16.0,22.0,0.8,36,sunny
Bangalore,2023-10-07,30.0,18.0,22.5,0.0,35,partly_cloudy
Bangalore,2023-10-08,30.8,20.8,24.5,0.0,36,sunny
Bangalore,2023-10-09,29.7,17.6,24.9,0.0,41,sunny
Bangalore,2023-10-10,32.2,20.2,25.3,7.0,34,partly_cloudy
Bangalore,2023-10-11,29.3,17.7,25.6,0.0,36,cloudy
Bangalore,2023-10-12,31.6,16.1,23.6,0.0,49,sunny
Bangalore,2023-10-13,30.1,20.4,25.8,0.0,53,cloudy
Bangalore,2023-10-14,28.6,17.5,22.6,0.0,65,cloudy
Bangalore,2023-10-15,28.1,20.3,23.4,0.0,44,sunny
Bangalore,2023-10-16,31.9,19.5,25.4,0.0,54,cloudy
Bangalore,2023-10-17,26.1,15.9,22.1,0.0,41,sunny
Bangalore,2023-10-18,33.1,22.5,25.6,0.0,63,partly_cloudy
Bangalore,2023-10-19,30.1,20.5,23.8,0.0,35,sunny
Bangalore,2023-10-20,29.2,20.5,24.3,0.0,64,sunny
Bangalore,2023-10-21,29.1,18.8,25.4,0.0,59,cloudy
Bangalore,2023-10-22,31.2,20.4,25.3,0.0,46,partly_cloudy
Bangalore,2023-10-23,32.8,20.2,25.4,0.0,66,partly_cloudy
Bangalore,2023-10-24,27.1,19.3,23.5,0.0,51,sunny
Bangalore,2023-10-25,27.0,17.3,22.6,0.0,31,partly_cloudy
Bangalore,2023-10-26,28.8,17.2,24.3,0.0,32,partly_cloudy
Bangalore,2023-10-27,33.0,21.6,25.5,0.0,42,cloudy
Bangalore,2023-10-28,30.9,18.0,24.6,0.0,61,cloudy
Bangalore,2023-10-29,29.9,19.1,22.8,0.0,65,cloudy
Bangalore,2023-10-30,26.5,18.0,23.0,1.6,65,sunny
Bangalore,2023-10-31,29.0,18.0,23.3,0.0,56,partly_cloudy
Bangalore,2023-11-01,30.7,21.9,25.3,0.0,43,partly_cloudy
Bangalore,2023-11-02,28.1,18.9,23.1,0.0,56,partly_cloudy
Bangalore,2023-11-03,32.0,19.9,25.9,0.0,38,cloudy
Bangalore,2023-11-04,30.4,21.8,25.6,0.0,30,partly_cloudy
Bangalore,2023-11-05,31.1,18.2,25.5,0.0,39,cloudy
Bangalore,2023-11-06,27.5,18.1,24.2,0.0,55,sunny
Bangalore,2023-11-07,31.1,16.8,24.6,0.0,46,sunny
Bangalore,2023-11-08,30.2,18.0,23.0,0.0,31,partly_cloudy
Bangalore,2023-11-09,29.5,18.6,23.5,0.0,68,cloudy
Bangalore,2023-11-10,29.4,18.0,25.9,0.0,48,cloudy
Bangalore,2023-11-11,29.3,18.1,23.0,0.0,66,partly_cloudy
Bangalore,2023-11-12,31.2,19.1,24.5,0.0,35,cloudy
Bangalore,2023-11-13,28.5,18.7,24.5,0.0,66,partly_cloudy
Bangalore,2023-11-14,28.4,19.6,25.1,0.0,62,partly_cloudy
Bangalore,2023-11-15,30.6,20.0,25.7,0.0,31,partly_cloudy
Bangalore,2023-11-16,27.1,17.4,22.8,0.0,62,sunny
Bangalore,2023-11-17,27.7,17.2,23.6,0.0,45,cloudy
Bangalore,2023-11-18,31.0,21.4,25.5,0.0,57,cloudy
Bangalore,2023-11-19,29.1,19.2,23.5,0.0,54,partly_cloudy
Bangalore,2023-11-20,27.4,17.5,23.7,0.0,50,partly_cloudy
Bangalore,2023-11-21,30.5,20.4,23.8,0.0,34,cloudy
Bangalore,2023-11-22,29.6,20.0,23.3,0.0,33,cloudy
Bangalore,2023-11-23,29.3,22.3,25.3,0.0,52,cloudy
Bangalore,2023-11-24,27.8,19.1,24.2,0.0,42,sunny
Bangalore,2023-11-25,32.2,18.3,24.5,0.0,61,partly_cloudy
Bangalore,2023-11-26,27.0,18.4,23.1,0.0,53,sunny
Bangalore,2023-11-27,26.9,16.7,23.0,0.0,50,partly_cloudy
Bangalore,2023-11-28,27.2,18.1,22.8,5.5,34,cloudy
Bangalore,2023-11-29,26.6,17.1,23.2,0.0,31,cloudy
Bangalore,2023-11-30,26.9,15.1,22.2,0.0,70,sunny
Bangalore,2023-12-01,23.3,11.0,15.4,0.0,66,sunny
Bangalore,2023-12-02,23.9,8.8,16.2,0.0,35,sunny
Bangalore,2023-12-03,22.1,12.9,17.7,0.0,65,partly_cloudy
Bangalore,2023-12-04,22.4,7.4,14.5,0.0,61,partly_cloudy
Bangalore,2023-12-05,21.6,11.7,17.9,0.0,70,cloudy
Bangalore,2023-12-06,19.2,7.8,14.4,0.0,63,cloudy
Bangalore,2023-12-07,18.6,9.8,14.9,0.0,37,partly_cloudy
Bangalore,2023-12-08,19.6,11.5,15.8,0.0,37,partly_cloudy
Bangalore,2023-12-09,20.1,8.5,15.1,0.0,56,partly_cloudy
Bangalore,2023-12-10,23.5,13.6,16.7,0.0,51,partly_cloudy
Bangalore,2023-12-11,24.5,10.6,17.3,6.1,49,cloudy
Bangalore,2023-12-12,22.1,10.6,14.8,0.0,59,partly_cloudy
Bangalore,2023-12-13,21.6,10.6,15.2,0.0,56,cloudy
Bangalore,2023-12-14,24.9,13.4,17.3,0.0,32,sunny
Bangalore,2023-12-15,21.8,10.5,16.8,0.0,61,partly_cloudy
Bangalore,2023-12-16,23.7,12.6,17.1,0.0,69,sunny
Bangalore,2023-12-17,23.6,8.8,15.8,0.0,36,sunny
Bangalore,2023-12-18,19.7,12.3,15.9,0.0,33,partly_cloudy
Bangalore,2023-12-19,20.1,7.9,14.0,0.0,49,partly_cloudy
Bangalore,2023-12-20,19.3,8.6,15.6,0.0,44,sunny
Bangalore,2023-12-21,23.0,8.4,16.1,0.0,66,sunny
Bangalore,2023-12-22,23.6,10.2,17.7,0.0,31,sunny
Bangalore,2023-12-23,20.4,11.0,16.2,0.0,38,partly_cloudy
Bangalore,2023-12-24,22.6,9.7,15.8,0.0,46,partly_cloudy
Bangalore,2023-12-25,20.0,11.9,16.8,0.0,32,partly_cloudy
Bangalore,2023-12-26,19.3,10.7,15.0,0.0,64,cloudy
Bangalore,2023-12-27,20.2,10.1,14.7,0.0,30,sunny
Bangalore,2023-12-28,22.6,12.5,16.0,0.0,64,cloudy
Bangalore,2023-12-29,19.7,7.5,14.1,0.0,34,sunny
Bangalore,2023-12-30,21.7,13.5,17.2,0.0,37,partly_cloudy
Bangalore,2023-12-31,23.7,9.8,17.4,0.0,44,cloudy
Bangalore,2024-01-01,18.8,9.2,14.9,0.0,64,cloudy
Bangalore,2024-01-02,22.7,7.9,15.3,0.0,55,partly_cloudy
Bangalore,2024-01-03,22.0,9.7,16.2,0.0,36,cloudy
Bangalore,2024-01-04,22.7,13.8,17.0,0.0,55,cloudy
Bangalore,2024-01-05,21.8,10.6,17.7,0.0,63,partly_cloudy
Bangalore,2024-01-06,21.9,7.7,14.3,0.0,51,sunny
Bangalore,2024-01-07,18.0,9.5,14.1,0.0,38,cloudy
Bangalore,2024-01-08,21.1,14.0,17.5,0.0,33,partly_cloudy
Bangalore,2024-01-09,19.7,11.9,15.9,0.0,33,sunny
Bangalore,2024-01-10,20.8,9.3,16.4,0.0,40,partly_cloudy
Bangalore,2024-01-11,20.8,9.0,16.6,0.0,70,partly_cloudy
Bangalore,2024-01-12,18.3,6.8,14.0,0.0,48,partly_cloudy
Bangalore,2024-01-13,21.1,9.7,17.3,0.0,67,partly_cloudy
Bangalore,2024-01-14,20.2,11.4,15.5,0.0,50,cloudy
Bangalore,2024-01-15,22.6,9.6,17.0,0.0,37,sunny
Bangalore,2024-01-16,23.9,10.3,16.7,0.0,52,partly_cloudy
Bangalore,2024-01-17,20.3,7.3,14.9,0.0,65,partly_cloudy
Bangalore,2024-01-18,21.5,10.9,14.1,1.5,69,partly_cloudy
Bangalore,2024-01-19,20.3,10.0,16.9,0.0,37,cloudy
Bangalore,2024-01-20,24.6,10.2,16.7,0.0,52,cloudy
Bangalore,2024-01-21,20.7,11.1,14.8,0.0,43,cloudy
Bangalore,2024-01-22,18.9,7.9,14.5,0.0,32,sunny
Bangalore,2024-01-23,18.6,6.8,14.1,0.0,55,sunny
Bangalore,2024-01-24,23.2,9.4,17.2,0.0,56,partly_cloudy
Bangalore,2024-01-25,18.6,9.9,15.2,0.0,53,cloudy
Bangalore,2024-01-26,21.7,7.6,14.4,0.0,47,sunny
Bangalore,2024-01-27,19.8,8.5,15.0,0.0,56,sunny
Bangalore,2024-01-28,21.2,12.5,17.5,0.0,64,partly_cloudy
Bangalore,2024-01-29,21.2,10.0,16.6,0.0,67,sunny
Bangalore,2024-01-30,21.9,10.0,15.9,0.0,38,sunny
Bangalore,2024-01-31,21.7,12.5,17.5,0.0,48,cloudy
Bangalore,2024-02-01,21.4,10.2,16.4,0.0,48,partly_cloudy
Bangalore,2024-02-02,23.3,8.8,15.7,0.0,52,cloudy
Bangalore,2024-02-03,24.8,10.5,17.5,0.0,52,partly_cloudy
Bangalore,2024-02-04,23.2,13.8,17.5,0.0,39,sunny
Bangalore,2024-02-05,24.6,9.7,17.1,0.0,40,cloudy
Bangalore,2024-02-06,24.3,11.3,17.7,0.0,40,partly_cloudy
Bangalore,2024-02-07,19.7,11.5,14.7,0.0,43,partly_cloudy
Bangalore,2024-02-08,20.5,7.9,15.1,0.0,70,partly_cloudy
Bangalore,2024-02-09,19.5,12.0,16.4,0.0,57,sunny
Bangalore,2024-02-10,20.8,9.9,16.4,0.0,30,cloudy
Bangalore,2024-02-11,21.5,15.0,18.0,0.0,40,sunny
Bangalore,2024-02-12,24.4,13.5,17.7,0.0,39,sunny
Bangalore,2024-02-13,22.4,8.2,15.4,0.0,38,partly_cloudy
Bangalore,2024-02-14,23.0,10.7,15.2,0.0,46,partly_cloudy
Bangalore,2024-02-15,21.2,9.9,16.8,0.0,68,partly_cloudy
Bangalore,2024-02-16,19.5,9.0,16.1,0.0,30,cloudy
Bangalore,2024-02-17,22.5,11.6,15.6,0.0,64,sunny
Bangalore,2024-02-18,19.4,10.6,15.0,0.0,34,cloudy
Bangalore,2024-02-19,21.4,9.6,15.7,0.0,70,sunny
Bangalore,2024-02-20,19.0,10.7,15.6,0.0,43,partly_cloudy
Bangalore,2024-02-21,22.3,13.4,16.6,0.0,39,cloudy
Bangalore,2024-02-22,18.9,7.7,14.2,0.0,44,sunny
Bangalore,2024-02-23,17.5,9.2,14.1,0.0,39,cloudy
Bangalore,2024-02-24,17.8,11.2,14.6,0.0,30,sunny
Bangalore,2024-02-25,21.2,12.8,17.1,0.0,44,sunny
Bangalore,2024-02-26,19.7,8.2,14.8,0.0,61,partly_cloudy
Bangalore,2024-02-27,22.1,10.0,15.1,0.0,51,cloudy
Bangalore,2024-02-28,23.7,14.5,17.9,0.0,43,sunny
Bangalore,2024-02-29,19.1,6.8,14.1,0.0,44,cloudy
Bangalore,2024-03-01,39.2,24.7,32.0,0.0,50,partly_cloudy
Bangalore,2024-03-02,35.1,22.7,30.5,0.0,42,sunny
Bangalore,2024-03-03,34.8,24.0,28.0,0.0,30,partly_cloudy
Bangalore,2024-03-04,38.5,26.4,31.5,0.0,59,cloudy
Bangalore,2024-03-05,35.1,24.4,28.7,0.0,62,cloudy
Bangalore,2024-03-06,35.0,24.2,28.3,0.0,34,sunny
Bangalore,2024-03-07,34.6,22.7,29.5,0.0,54,sunny
Bangalore,2024-03-08,33.9,21.4,28.0,0.0,40,cloudy
Bangalore,2024-03-09,34.3,22.3,28.8,0.0,41,sunny
Bangalore,2024-03-10,33.2,23.0,27.3,0.0,62,sunny
Bangalore,2024-03-11,38.8,28.0,31.9,0.0,64,sunny
Bangalore,2024-03-12,36.1,21.4,28.7,0.0,62,partly_cloudy
Bangalore,2024-03-13,36.0,22.1,29.6,0.0,40,sunny
Bangalore,2024-03-14,34.8,23.4,28.8,0.0,70,partly_cloudy
Bangalore,2024-03-15,32.5,23.6,27.2,0.0,61,cloudy
Bangalore,2024-03-16,34.8,22.9,28.9,0.0,37,sunny
Bangalore,2024-03-17,35.2,25.9,30.8,0.0,46,cloudy
Bangalore,2024-03-18,38.5,27.3,32.2,0.0,52,partly_cloudy
Bangalore,2024-03-19,31.0,20.4,27.2,0.0,35,partly_cloudy
Bangalore,2024-03-20,37.2,27.6,31.4,2.8,52,sunny
Bangalore,2024-03-21,32.4,23.2,28.0,0.0,63,partly_cloudy
Bangalore,2024-03-22,32.4,22.2,27.1,0.0,64,sunny
Bangalore,2024-03-23,38.0,28.0,31.1,0.0,46,partly_cloudy
Bangalore,2024-03-24,33.5,21.8,28.5,0.0,48,partly_cloudy
Bangalore,2024-03-25,36.9,25.7,30.3,0.0,36,cloudy
Bangalore,2024-03-26,34.7,21.3,27.5,0.0,42,cloudy
Bangalore,2024-03-27,32.6,25.1,29.4,0.0,32,partly_cloudy
Bangalore,2024-03-28,35.7,22.3,29.3,0.0,53,cloudy
Bangalore,2024-03-29,33.6,21.6,27.7,0.0,42,sunny
Bangalore,2024-03-30,35.8,23.6,28.9,0.0,34,partly_cloudy
Bangalore,2024-03-31,35.2,23.7,28.8,0.0,51,partly_cloudy
Bangalore,2024-04-01,32.2,22.5,28.9,0.0,58,partly_cloudy
Bangalore,2024-04-02,36.6,24.7,31.2,0.0,68,partly_cloudy
Bangalore,2024-04-03,35.0,23.2,28.7,0.0,61,cloudy
Bangalore,2024-04-04,34.5,20.8,27.2,0.0,67,cloudy
Bangalore,2024-04-05,32.9,24.8,28.8,0.0,63,cloudy
Bangalore,2024-04-06,35.8,21.7,29.4,0.0,39,sunny
Bangalore,2024-04-07,32.9,22.5,28.8,0.0,53,cloudy
Bangalore,2024-04-08,37.6,27.9,32.9,0.0,52,sunny
Bangalore,2024-04-09,34.9,23.9,28.7,0.0,57,partly_cloudy
Bangalore,2024-04-10,39.0,28.3,32.9,0.0,57,sunny
Bangalore,2024-04-11,38.7,24.2,31.7,8.6,55,sunny
Bangalore,2024-04-12,34.8,24.3,29.3,0.0,52,sunny
Bangalore,2024-04-13,34.2,27.6,31.1,0.0,30,cloudy
Bangalore,2024-04-14,35.7,24.3,32.1,6.2,59,partly_cloudy
Bangalore,2024-04-15,34.9,21.5,27.0,0.0,58,cloudy
Bangalore,2024-04-16,33.6,21.0,28.0,0.0,54,cloudy
Bangalore,2024-04-17,35.3,26.2,32.2,0.0,38,cloudy
Bangalore,2024-04-18,37.7,22.2,30.0,0.0,36,partly_cloudy
Bangalore,2024-04-19,36.1,25.5,30.6,0.0,30,partly_cloudy
Bangalore,2024-04-20,35.4,26.0,31.9,0.0,65,partly_cloudy
Bangalore,2024-04-21,35.3,27.4,31.4,0.0,44,partly_cloudy
Bangalore,2024-04-22,33.8,22.6,29.8,0.0,33,partly_cloudy
Bangalore,2024-04-23,39.2,24.9,32.1,0.0,61,sunny
Bangalore,2024-04-24,35.9,23.2,29.9,0.0,58,cloudy
Bangalore,2024-04-25,33.1,24.0,28.3,2.5,38,cloudy
Bangalore,2024-04-26,35.3,21.5,28.4,0.0,46,cloudy
Bangalore,2024-04-27,34.5,21.5,29.2,0.0,62,partly_cloudy
Bangalore,2024-04-28,30.9,20.6,27.2,0.0,63,cloudy
Bangalore,2024-04-29,31.2,23.5,27.9,0.0,56,sunny
Bangalore,2024-04-30,34.3,23.0,28.7,0.0,31,cloudy
Bangalore,2024-05-01,35.9,23.6,27.9,0.0,64,partly_cloudy
Bangalore,2024-05-02,39.6,28.5,31.8,0.0,30,partly_cloudy
Bangalore,2024-05-03,38.3,25.3,32.5,0.0,66,cloudy
Bangalore,2024-05-04,33.2,24.6,28.5,0.0,47,partly_cloudy
Bangalore,2024-05-05,34.7,21.6,27.5,0.0,30,cloudy
Bangalore,2024-05-06,30.2,23.4,27.2,0.0,68,partly_cloudy
Bangalore,2024-05-07,30.5,20.7,27.3,0.0,43,partly_cloudy
Bangalore,2024-05-08,35.5,23.4,30.2,0.0,58,sunny
Bangalore,2024-05-09,35.7,24.6,28.5,1.0,32,sunny
Bangalore,2024-05-10,32.6,25.0,29.4,0.0,33,partly_cloudy
Bangalore,2024-05-11,37.3,26.6,32.9,0.0,57,partly_cloudy
Bangalore,2024-05-12,33.7,20.2,27.7,7.2,48,cloudy
Bangalore,2024-05-13,35.1,24.3,29.0,6.3,69,partly_cloudy
Bangalore,2024-05-14,39.1,27.3,32.7,0.0,67,partly_cloudy
Bangalore,2024-05-15,37.3,25.1,31.0,0.0,40,sunny
Bangalore,2024-05-16,33.9,26.2,30.3,0.0,60,partly_cloudy
Bangalore,2024-05-17,35.1,27.8,31.7,0.0,44,cloudy
Bangalore,2024-05-18,38.7,25.9,32.8,0.0,35,partly_cloudy
Bangalore,2024-05-19,34.0,24.6,28.4,0.0,59,sunny
Bangalore,2024-05-20,36.7,28.1,31.2,0.0,39,partly_cloudy
Bangalore,2024-05-21,34.8,22.9,29.0,0.0,44,partly_cloudy
Bangalore,2024-05-22,31.3,21.1,27.5,0.0,43,cloudy
Bangalore,2024-05-23,33.8,23.5,30.1,0.0,52,sunny
Bangalore,2024-05-24,38.5,25.1,31.8,0.0,61,cloudy
Bangalore,2024-05-25,36.0,24.5,30.0,0.0,39,partly_cloudy
Bangalore,2024-05-26,35.5,23.2,30.1,0.0,59,partly_cloudy
Bangalore,2024-05-27,36.5,25.7,32.2,0.0,50,partly_cloudy
Bangalore,2024-05-28,35.2,24.6,31.8,0.0,31,cloudy
Bangalore,2024-05-29,37.1,25.6,30.7,0.0,64,cloudy
Bangalore,2024-05-30,31.7,19.6,27.2,0.0,44,sunny
Bangalore,2024-05-31,32.7,20.4,28.3,0.0,50,partly_cloudy
Bangalore,2024-06-01,26.2,15.8,22.3,5.2,69,rainy
Bangalore,2024-06-02,26.2,14.4,20.2,0.0,44,sunny
Bangalore,2024-06-03,26.3,15.6,21.5,28.7,80,rainy
Bangalore,2024-06-04,28.6,21.1,24.5,0.0,63,sunny
Bangalore,2024-06-05,24.0,15.8,19.4,0.0,62,sunny
Bangalore,2024-06-06,26.0,18.3,22.6,38.5,43,rainy
Bangalore,2024-06-07,26.5,13.2,19.2,0.0,91,sunny
Bangalore,2024-06-08,27.9,16.3,24.1,46.7,71,rainy
Bangalore,2024-06-09,27.0,12.8,19.6,40.7,41,rainy
Bangalore,2024-06-10,26.1,13.5,20.4,0.0,58,cloudy
Bangalore,2024-06-11,26.8,18.1,21.8,0.0,43,cloudy
Bangalore,2024-06-12,28.0,18.6,21.6,0.0,40,sunny
Bangalore,2024-06-13,29.6,20.1,23.6,37.3,80,rainy
Bangalore,2024-06-14,28.7,18.1,21.7,25.6,60,rainy
Bangalore,2024-06-15,24.9,17.1,21.6,0.0,58,sunny
Bangalore,2024-06-16,29.1,17.0,22.6,49.2,43,rainy
Bangalore,2024-06-17,23.8,12.2,19.3,13.5,68,rainy
Bangalore,2024-06-18,24.9,17.1,21.2,36.3,44,rainy
Bangalore,2024-06-19,26.7,12.2,19.3,0.0,51,sunny
Bangalore,2024-06-20,29.1,20.3,23.9,0.0,82,sunny
Bangalore,2024-06-21,27.3,17.4,22.4,36.0,87,rainy
Bangalore,2024-06-22,26.4,17.9,21.0,11.5,56,rainy
Bangalore,2024-06-23,26.6,11.9,19.1,19.3,77,rainy
Bangalore,2024-06-24,28.3,15.1,20.5,34.0,67,rainy
Bangalore,2024-06-25,26.4,16.9,22.4,26.6,68,rainy
Bangalore,2024-06-26,28.6,18.4,24.6,7.2,75,rainy
Bangalore,2024-06-27,27.4,17.5,20.9,0.0,46,cloudy
Bangalore,2024-06-28,26.5,17.0,22.4,0.0,49,sunny
Bangalore,2024-06-29,23.2,12.8,20.2,0.0,43,cloudy
Bangalore,2024-06-30,26.2,18.6,22.1,25.7,58,rainy
Bangalore,2024-07-01,25.0,14.7,19.6,47.9,91,rainy
Bangalore,2024-07-02,30.0,20.5,24.2,0.0,66,sunny
Bangalore,2024-07-03,24.9,17.6,20.8,0.0,95,cloudy
Bangalore,2024-07-04,25.0,15.3,20.2,12.2,61,rainy
Bangalore,2024-07-05,30.4,20.0,24.9,0.0,58,cloudy
Bangalore,2024-07-06,28.6,15.8,22.9,37.5,45,rainy
Bangalore,2024-07-07,24.4,14.2,19.8,0.0,64,sunny
Bangalore,2024-07-08,28.2,18.8,24.2,22.4,58,rainy
Bangalore,2024-07-09,30.2,16.6,23.3,33.1,75,rainy
Bangalore,2024-07-10,29.8,15.3,23.3,9.3,51,rainy
Bangalore,2024-07-11,28.7,14.3,22.0,35.1,66,rainy
Bangalore,2024-07-12,23.8,14.2,20.0,31.8,62,rainy
Bangalore,2024-07-13,26.9,13.4,20.8,40.5,93,rainy
Bangalore,2024-07-14,29.2,14.7,22.0,0.0,56,sunny
Bangalore,2024-07-15,29.2,18.4,22.9,0.0,50,cloudy
Bangalore,2024-07-16,31.6,18.2,24.8,0.0,74,sunny
Bangalore,2024-07-17,23.7,14.0,19.7,20.0,61,rainy
Bangalore,2024-07-18,25.8,13.2,20.2,36.6,48,rainy
Bangalore,2024-07-19,27.8,18.4,24.6,0.0,78,sunny
Bangalore,2024-07-20,30.1,20.1,24.9,11.7,74,rainy
Bangalore,2024-07-21,25.8,16.9,20.2,36.2,57,rainy
Bangalore,2024-07-22,30.3,19.4,24.9,32.2,79,rainy
Bangalore,2024-07-23,28.1,17.1,22.8,23.7,57,rainy
Bangalore,2024-07-24,29.7,19.2,24.0,7.1,66,rainy
Bangalore,2024-07-25,26.4,13.3,19.1,12.9,58,rainy
Bangalore,2024-07-26,25.0,13.8,19.2,49.2,52,rainy
Bangalore,2024-07-27,28.3,13.3,20.6,34.9,91,rainy
Bangalore,2024-07-28,30.7,19.6,23.3,16.7,45,rainy
Bangalore,2024-07-29,22.9,16.3,19.3,0.0,74,cloudy
Bangalore,2024-07-30,26.5,15.2,20.2,0.0,83,sunny
Bangalore,2024-07-31,29.2,15.8,22.7,6.5,43,rainy
Bangalore,2024-08-01,25.8,16.1,20.6,0.0,40,cloudy
Bangalore,2024-08-02,29.1,18.4,22.8,23.2,64,rainy
Bangalore,2024-08-03,28.7,14.4,22.3,42.3,48,rainy
Bangalore,2024-08-04,24.7,13.5,21.3,34.4,45,rainy
Bangalore,2024-08-05,24.7,12.7,20.5,12.6,58,rainy
Bangalore,2024-08-06,30.4,18.1,22.9,29.5,40,rainy
Bangalore,2024-08-07,25.3,16.1,21.5,28.5,56,rainy
Bangalore,2024-08-08,30.1,19.5,22.6,0.0,43,cloudy
Bangalore,2024-08-09,30.1,18.8,23.0,0.0,93,sunny
Bangalore,2024-08-10,28.7,17.9,23.6,35.0,78,rainy
Bangalore,2024-08-11,25.3,14.8,20.9,0.0,82,sunny
Bangalore,2024-08-12,30.7,17.3,24.8,0.0,49,cloudy
Bangalore,2024-08-13,24.7,13.5,19.3,0.0,57,sunny
Bangalore,2024-08-14,22.3,12.3,19.2,0.0,95,cloudy
Bangalore,2024-08-15,24.3,14.6,20.3,43.8,85,rainy
Bangalore,2024-08-16,27.5,16.8,23.5,0.0,75,sunny
Bangalore,2024-08-17,31.3,17.3,23.6,0.0,49,sunny
Bangalore,2024-08-18,30.0,21.4,24.7,0.0,46,sunny
Bangalore,2024-08-19,28.2,20.2,23.5,0.0,45,cloudy
Bangalore,2024-08-20,28.1,17.6,24.8,29.8,63,rainy
Bangalore,2024-08-21,28.4,19.3,24.9,18.0,49,rainy
Bangalore,2024-08-22,26.4,15.4,22.1,0.0,75,sunny
Bangalore,2024-08-23,27.1,18.3,24.1,22.7,79,rainy
Bangalore,2024-08-24,30.0,20.2,23.5,0.0,74,sunny
Bangalore,2024-08-25,28.4,17.8,23.4,10.0,92,rainy
Bangalore,2024-08-26,23.7,12.1,19.3,35.4,72,rainy
Bangalore,2024-08-27,27.8,15.4,20.9,0.0,89,sunny
Bangalore,2024-08-28,29.1,15.1,22.3,0.0,51,sunny
Bangalore,2024-08-29,28.1,15.5,21.8,14.8,54,rainy
Bangalore,2024-08-30,26.2,14.9,19.3,0.0,81,sunny
Bangalore,2024-08-31,26.4,16.8,21.3,13.2,61,rainy
Bangalore,2024-09-01,30.1,18.1,22.2,35.1,68,rainy
Bangalore,2024-09-02,27.9,18.7,23.1,0.0,50,sunny
Bangalore,2024-09-03,27.1,16.5,21.5,0.0,85,cloudy
Bangalore,2024-09-04,29.4,18.5,23.8,0.0,55,cloudy
Bangalore,2024-09-05,31.7,18.1,24.1,49.0,54,rainy
Bangalore,2024-09-06,30.9,17.3,24.0,46.8,68,rainy
Bangalore,2024-09-07,24.7,15.3,21.1,11.9,45,rainy
Bangalore,2024-09-08,26.5,16.1,20.3,0.0,74,cloudy
Bangalore,2024-09-09,25.3,13.3,21.0,0.0,47,sunny
Bangalore,2024-09-10,30.5,17.4,22.7,15.8,74,rainy
Bangalore,2024-09-11,27.0,15.7,21.4,0.0,83,cloudy
Bangalore,2024-09-12,28.3,13.6,20.7,21.6,65,rainy
Bangalore,2024-09-13,29.1,18.8,24.0,0.0,77,cloudy
Bangalore,2024-09-14,24.1,15.0,19.7,0.0,49,sunny
Bangalore,2024-09-15,23.4,14.9,19.3,15.3,54,rainy
Bangalore,2024-09-16,28.3,15.2,21.9,16.1,60,rainy
Bangalore,2024-09-17,28.4,18.4,21.4,0.0,57,cloudy
Bangalore,2024-09-18,25.5,14.4,19.5,43.4,75,rainy
Bangalore,2024-09-19,28.9,14.9,21.2,27.2,55,rainy
Bangalore,2024-09-20,28.5,17.6,22.0,26.4,56,rainy
Bangalore,2024-09-21,27.3,17.1,20.4,0.0,52,sunny
Bangalore,2024-09-22,28.6,17.9,22.3,0.0,89,cloudy
Bangalore,2024-09-23,27.8,15.0,22.9,34.2,64,rainy
Bangalore,2024-09-24,25.4,16.3,20.5,0.0,42,cloudy
Bangalore,2024-09-25,29.2,21.4,24.5,41.7,76,rainy
Bangalore,2024-09-26,27.5,13.0,20.9,0.0,49,sunny
Bangalore,2024-09-27,28.7,18.9,23.2,9.6,60,rainy
Bangalore,2024-09-28,26.7,14.6,19.2,0.0,55,cloudy
Bangalore,2024-09-29,27.0,16.7,20.1,34.4,94,rainy
Bangalore,2024-09-30,30.6,20.9,24.7,0.0,57,cloudy
Bangalore,2024-10-01,25.9,16.8,22.5,0.0,69,partly_cloudy
Bangalore,2024-10-02,29.4,19.1,24.7,0.0,51,sunny
Bangalore,2024-10-03,29.8,19.6,24.9,0.0,64,cloudy
Bangalore,2024-10-04,29.9,18.5,22.5,0.0,69,partly_cloudy
Bangalore,2024-10-05,30.8,19.1,24.7,0.0,30,cloudy
Bangalore,2024-10-06,27.2,18.3,23.6,0.0,67,cloudy
Bangalore,2024-10-07,31.9,17.5,24.3,0.0,38,partly_cloudy
Bangalore,2024-10-08,31.2,18.9,25.4,2.4,63,cloudy
Bangalore,2024-10-09,29.5,16.2,24.1,0.0,51,sunny
Bangalore,2024-10-10,27.8,18.5,22.7,0.0,33,partly_cloudy
Bangalore,2024-10-11,29.7,19.1,23.4,0.0,70,sunny
Bangalore,2024-10-12,28.1,16.6,22.3,5.3,51,partly_cloudy
Bangalore,2024-10-13,28.9,19.0,22.1,0.0,49,partly_cloudy
Bangalore,2024-10-14,28.3,15.2,22.9,0.0,44,sunny
Bangalore,2024-10-15,27.5,16.3,23.5,0.0,66,partly_cloudy
Bangalore,2024-10-16,28.3,22.1,25.2,0.0,44,partly_cloudy
Bangalore,2024-10-17,32.6,17.8,24.7,0.0,65,sunny
Bangalore,2024-10-18,29.3,18.6,23.3,0.0,50,sunny
Bangalore,2024-10-19,28.0,19.2,23.4,0.0,58,sunny
Bangalore,2024-10-20,29.9,20.1,25.1,0.0,48,partly_cloudy
Bangalore,2024-10-21,26.9,16.1,22.2,0.0,40,cloudy
Bangalore,2024-10-22,32.1,18.2,25.4,0.0,40,cloudy
Bangalore,2024-10-23,31.0,18.1,24.8,0.0,47,cloudy
Bangalore,2024-10-24,30.5,17.6,23.0,0.0,48,sunny
Bangalore,2024-10-25,26.9,17.9,22.9,0.0,44,sunny
Bangalore,2024-10-26,28.2,17.7,23.7,0.0,40,partly_cloudy
Bangalore,2024-10-27,25.6,16.3,22.4,0.0,40,partly_cloudy
Bangalore,2024-10-28,31.7,17.1,23.9,0.0,38,cloudy
Bangalore,2024-10-29,30.0,20.7,25.1,0.0,47,cloudy
Bangalore,2024-10-30,31.5,17.4,24.7,0.0,59,sunny
Bangalore,2024-10-31,28.0,19.4,23.6,7.3,31,cloudy
Bangalore,2024-11-01,30.8,20.8,24.5,0.0,70,cloudy
Bangalore,2024-11-02,29.3,15.4,22.9,0.0,36,sunny
Bangalore,2024-11-03,30.1,20.5,24.4,8.2,60,partly_cloudy
Bangalore,2024-11-04,29.2,17.0,23.0,0.0,55,sunny
Bangalore,2024-11-05,29.0,15.7,23.6,9.3,70,sunny
Bangalore,2024-11-06,26.8,16.7,22.6,9.4,31,partly_cloudy
Bangalore,2024-11-07,30.3,21.7,25.5,0.0,46,partly_cloudy
Bangalore,2024-11-08,25.9,17.5,22.8,0.0,37,cloudy
Bangalore,2024-11-09,31.4,20.3,25.3,0.0,34,cloudy
Bangalore,2024-11-10,31.5,22.5,25.6,0.0,35,cloudy
Bangalore,2024-11-11,28.4,20.8,25.3,0.0,34,partly_cloudy
Bangalore,2024-11-12,32.8,17.8,24.8,0.0,56,cloudy
Bangalore,2024-11-13,26.5,19.1,22.5,0.0,70,cloudy
Bangalore,2024-11-14,27.9,18.3,23.2,0.0,44,cloudy
Bangalore,2024-11-15,32.0,21.7,25.9,0.0,64,cloudy
Bangalore,2024-11-16,27.8,19.8,23.3,0.0,69,sunny
Bangalore,2024-11-17,30.6,18.1,24.5,0.0,52,cloudy
Bangalore,2024-11-18,32.9,18.4,25.8,0.0,64,sunny
Bangalore,2024-11-19,32.0,19.9,25.6,0.0,34,partly_cloudy
Bangalore,2024-11-20,27.9,17.4,24.3,0.0,62,partly_cloudy
Bangalore,2024-11-21,29.2,18.5,24.8,0.0,57,sunny
Bangalore,2024-11-22,30.1,16.4,22.3,0.0,37,cloudy
Bangalore,2024-11-23,29.3,20.0,25.3,3.8,53,sunny
Bangalore,2024-11-24,30.2,19.3,25.8,0.0,42,cloudy
Bangalore,2024-11-25,29.4,17.0,23.4,0.0,44,cloudy
Bangalore,2024-11-26,29.6,15.6,22.5,0.0,64,cloudy
Bangalore,2024-11-27,27.9,16.8,22.8,0.0,52,cloudy
Bangalore,2024-11-28,28.7,18.3,23.4,0.0,36,sunny
Bangalore,2024-11-29,28.9,18.7,25.8,0.0,30,cloudy
Bangalore,2024-11-30,29.0,15.9,22.6,0.0,34,partly_cloudy
Bangalore,2024-12-01,22.1,12.4,17.0,0.0,53,sunny
Bangalore,2024-12-02,19.4,10.9,16.1,0.0,69,partly_cloudy
Bangalore,2024-12-03,20.3,8.5,16.3,0.0,45,partly_cloudy
Bangalore,2024-12-04,21.4,10.8,15.2,0.0,37,cloudy
Bangalore,2024-12-05,22.8,12.1,16.8,0.0,36,partly_cloudy
Bangalore,2024-12-06,21.3,9.2,14.7,0.0,41,sunny
Bangalore,2024-12-07,22.0,9.0,17.0,0.0,33,cloudy
Bangalore,2024-12-08,21.6,10.5,16.2,7.4,64,cloudy
Bangalore,2024-12-09,20.5,12.0,17.2,0.0,35,partly_cloudy
Bangalore,2024-12-10,19.4,11.3,15.9,0.0,35,cloudy
Bangalore,2024-12-11,20.4,10.4,14.9,0.0,45,sunny
Bangalore,2024-12-12,23.8,10.4,17.0,0.0,32,sunny
Bangalore,2024-12-13,24.8,11.9,17.0,0.0,37,cloudy
Bangalore,2024-12-14,23.9,11.0,16.0,0.0,53,cloudy
Bangalore,2024-12-15,17.8,10.5,14.7,0.0,62,cloudy
Bangalore,2024-12-16,23.0,11.9,16.5,0.0,51,partly_cloudy
Bangalore,2024-12-17,21.2,13.8,17.7,0.0,52,cloudy
Bangalore,2024-12-18,21.9,14.8,17.8,0.0,31,sunny
Bangalore,2024-12-19,24.1,10.0,16.8,0.0,34,cloudy
Bangalore,2024-12-20,24.2,11.1,17.9,0.0,36,sunny
Bangalore,2024-12-21,21.6,6.4,14.0,0.0,56,sunny
Bangalore,2024-12-22,21.6,9.4,15.6,0.0,30,partly_cloudy
Bangalore,2024-12-23,22.0,10.8,15.8,7.0,35,partly_cloudy
Bangalore,2024-12-24,19.4,9.4,15.1,0.0,47,cloudy
Bangalore,2024-12-25,19.3,10.7,14.1,0.0,56,cloudy
Bangalore,2024-12-26,23.9,13.2,16.6,0.0,36,sunny
Bangalore,2024-12-27,22.9,7.5,15.4,0.0,48,sunny
Bangalore,2024-12-28,21.9,11.2,14.8,0.0,59,cloudy
Bangalore,2024-12-29,20.8,7.7,14.1,0.0,62,cloudy
Bangalore,2024-12-30,23.0,10.9,16.6,0.0,59,sunny
Bangalore,2024-12-31,21.4,9.0,14.4,0.0,66,partly_cloudy
Chennai,2022-01-01,28.6,15.3,22.7,0.0,45,sunny
Chennai,2022-01-02,25.5,15.9,22.0,0.0,69,partly_cloudy
Chennai,2022-01-03,28.4,17.5,21.0,0.0,43,sunny
Chennai,2022-01-04,28.4,19.6,23.4,0.0,56,cloudy
Chennai,2022-01-05,28.8,15.7,21.0,0.0,49,cloudy
Chennai,2022-01-06,28.8,18.0,23.1,0.0,67,sunny
Chennai,2022-01-07,28.6,17.5,21.9,0.0,46,sunny
Chennai,2022-01-08,23.9,14.4,20.5,0.0,47,cloudy
Chennai,2022-01-09,30.0,15.6,23.6,0.0,37,sunny
Chennai,2022-01-10,28.0,17.6,21.1,0.0,31,partly_cloudy
Chennai,2022-01-11,29.1,17.8,23.5,0.0,42,partly_cloudy
Chennai,2022-01-12,27.9,17.5,23.9,0.0,32,sunny
Chennai,2022-01-13,30.4,19.2,22.6,2.2,41,cloudy
Chennai,2022-01-14,28.4,16.2,21.4,0.0,43,sunny
Chennai,2022-01-15,27.3,18.1,23.8,5.6,55,partly_cloudy
Chennai,2022-01-16,28.0,18.8,22.2,0.0,67,partly_cloudy
Chennai,2022-01-17,26.5,15.0,23.0,0.0,42,sunny
Chennai,2022-01-18,26.0,16.0,21.8,0.0,49,partly_cloudy
Chennai,2022-01-19,30.8,16.8,23.3,0.0,41,cloudy
Chennai,2022-01-20,28.7,17.7,22.0,0.0,46,partly_cloudy
Chennai,2022-01-21,29.8,19.0,23.9,0.0,35,partly_cloudy
Chennai,2022-01-22,24.7,13.6,21.0,0.0,54,sunny
Chennai,2022-01-23,24.4,14.1,20.4,0.0,44,sunny
Chennai,2022-01-24,26.8,13.6,21.2,0.0,36,sunny
Chennai,2022-01-25,29.7,16.4,22.5,0.0,70,cloudy
Chennai,2022-01-26,29.1,16.8,22.5,0.0,47,sunny
Chennai,2022-01-27,28.6,14.4,21.0,0.0,48,cloudy
Chennai,2022-01-28,29.4,17.3,22.7,0.0,59,sunny
Chennai,2022-01-29,26.8,14.5,22.3,0.0,55,partly_cloudy
Chennai,2022-01-30,29.4,20.8,23.9,1.0,30,cloudy
Chennai,2022-01-31,26.8,15.6,23.5,0.0,47,partly_cloudy
Chennai,2022-02-01,27.3,17.9,22.6,0.0,40,partly_cloudy
Chennai,2022-02-02,24.9,13.8,20.3,0.0,31,cloudy
Chennai,2022-02-03,28.2,14.5,20.2,0.0,66,cloudy
Chennai,2022-02-04,28.8,18.0,23.1,0.0,39,cloudy
Chennai,2022-02-05,28.4,15.8,21.7,0.0,35,sunny
Chennai,2022-02-06,30.5,20.0,23.6,0.0,40,cloudy
Chennai,2022-02-07,27.4,15.4,21.2,0.0,45,cloudy
Chennai,2022-02-08,27.2,13.6,20.5,4.4,70,sunny
Chennai,2022-02-09,25.6,13.1,21.0,0.0,37,partly_cloudy
Chennai,2022-02-10,25.6,16.2,20.3,0.0,37,partly_cloudy
Chennai,2022-02-11,28.0,20.4,23.9,0.0,35,sunny
Chennai,2022-02-12,26.0,14.5,20.4,0.0,50,cloudy
Chennai,2022-02-13,27.6,17.5,22.2,0.0,42,cloudy
Chennai,2022-02-14,25.0,14.2,21.4,0.0,53,sunny
Chennai,2022-02-15,28.9,14.2,21.5,0.0,31,partly_cloudy
Chennai,2022-02-16,24.2,16.7,20.3,0.0,68,partly_cloudy
Chennai,2022-02-17,25.6,16.4,20.2,0.0,48,sunny
Chennai,2022-02-18,29.0,13.9,21.2,0.0,62,partly_cloudy
Chennai,2022-02-19,27.4,19.6,23.4,0.0,64,cloudy
Chennai,2022-02-20,28.5,15.9,21.2,0.0,38,sunny
Chennai,2022-02-21,24.7,16.7,20.4,0.0,52,sunny
Chennai,2022-02-22,26.1,15.0,20.0,0.0,58,cloudy
Chennai,2022-02-23,27.1,16.4,23.7,0.0,63,partly_cloudy
Chennai,2022-02-24,31.4,16.4,23.5,0.0,50,cloudy
Chennai,2022-02-25,28.0,17.8,21.6,0.0,40,sunny
Chennai,2022-02-26,29.7,15.9,23.5,0.0,60,partly_cloudy
Chennai,2022-02-27,29.0,15.9,23.8,0.0,54,sunny
Chennai,2022-02-28,29.5,18.6,23.4,0.0,65,partly_cloudy
Chennai,2022-03-01,45.3,30.3,37.4,8.8,50,sunny
Chennai,2022-03-02,44.9,31.1,39.0,0.0,57,sunny
Chennai,2022-03-03,37.6,30.6,34.2,0.0,33,cloudy
Chennai,2022-03-04,42.5,32.0,37.2,6.7,37,cloudy
Chennai,2022-03-05,40.8,28.3,35.2,0.0,53,sunny
Chennai,2022-03-06,42.5,28.5,35.2,0.0,67,sunny
Chennai,2022-03-07,38.5,26.2,33.9,0.0,32,cloudy
Chennai,2022-03-08,41.2,30.8,36.4,0.0,59,sunny
Chennai,2022-03-09,44.3,32.3,37.1,0.0,41,sunny
Chennai,2022-03-10,40.4,30.2,33.3,0.0,39,partly_cloudy
Chennai,2022-03-11,41.3,28.6,33.7,0.0,47,sunny
Chennai,2022-03-12,42.4,31.9,37.0,0.0,58,cloudy
Chennai,2022-03-13,40.0,32.7,36.5,0.0,63,sunny
Chennai,2022-03-14,45.9,35.1,38.8,0.0,68,partly_cloudy
Chennai,2022-03-15,41.3,29.9,33.5,0.0,52,partly_cloudy
Chennai,2022-03-16,43.5,32.2,36.1,0.0,66,cloudy
Chennai,2022-03-17,37.2,26.3,33.1,0.0,33,cloudy
Chennai,2022-03-18,44.0,33.8,38.3,0.0,48,cloudy
Chennai,2022-03-19,39.4,27.4,33.4,0.0,36,cloudy
Chennai,2022-03-20,41.4,29.2,35.0,0.0,65,sunny
Chennai,2022-03-21,43.1,30.9,36.0,0.0,68,sunny
Chennai,2022-03-22,41.6,32.5,38.4,0.0,70,cloudy
Chennai,2022-03-23,39.0,31.2,34.8,0.0,58,sunny
Chennai,2022-03-24,39.9,28.7,35.7,0.0,48,cloudy
Chennai,2022-03-25,37.9,27.1,34.8,0.0,41,partly_cloudy
Chennai,2022-03-26,46.2,30.9,38.6,0.0,70,partly_cloudy
Chennai,2022-03-27,43.3,30.3,36.7,0.0,36,partly_cloudy
Chennai,2022-03-28,41.8,29.8,34.0,0.0,45,cloudy
Chennai,2022-03-29,43.2,29.7,35.6,0.0,35,sunny
Chennai,2022-03-30,41.0,29.3,36.5,0.0,37,cloudy
Chennai,2022-03-31,40.8,29.7,33.9,0.0,41,partly_cloudy
Chennai,2022-04-01,44.9,29.5,37.4,7.7,54,sunny
Chennai,2022-04-02,41.5,32.9,36.2,0.0,51,cloudy
Chennai,2022-04-03,44.7,33.8,37.0,0.0,38,partly_cloudy
Chennai,2022-04-04,38.7,26.6,33.3,0.0,37,sunny
Chennai,2022-04-05,41.9,30.5,36.5,0.0,41,cloudy
Chennai,2022-04-06,38.0,28.7,33.3,0.0,47,partly_cloudy
Chennai,2022-04-07,43.5,31.0,38.7,0.0,40,partly_cloudy
Chennai,2022-04-08,42.3,30.5,35.6,0.0,38,sunny
Chennai,2022-04-09,40.4,27.1,34.8,0.0,47,sunny
Chennai,2022-04-10,37.4,30.9,34.3,0.0,69,partly_cloudy
Chennai,2022-04-11,44.8,35.7,38.8,0.0,38,sunny
Chennai,2022-04-12,44.0,34.2,38.6,0.0,47,cloudy
Chennai,2022-04-13,41.0,31.8,38.0,0.0,31,cloudy
Chennai,2022-04-14,43.7,33.0,39.0,0.0,57,cloudy
Chennai,2022-04-15,42.6,34.4,38.9,0.7,65,partly_cloudy
Chennai,2022-04-16,37.3,28.5,33.4,0.0,42,sunny
Chennai,2022-04-17,39.8,31.4,34.6,0.0,56,partly_cloudy
Chennai,2022-04-18,42.7,30.4,38.2,0.0,34,partly_cloudy
Chennai,2022-04-19,41.0,30.7,36.6,0.0,70,partly_cloudy
Chennai,2022-04-20,39.7,28.2,35.2,0.0,63,sunny
Chennai,2022-04-21,37.6,28.1,33.0,0.0,47,partly_cloudy
Chennai,2022-04-22,41.7,30.7,35.3,0.0,48,cloudy
Chennai,2022-04-23,41.8,30.1,35.3,0.0,69,cloudy
Chennai,2022-04-24,42.2,33.5,36.5,0.0,61,sunny
Chennai,2022-04-25,42.3,29.4,34.6,0.0,37,partly_cloudy
Chennai,2022-04-26,41.6,30.8,34.6,0.0,43,cloudy
Chennai,2022-04-27,40.0,28.0,35.9,0.0,44,sunny
Chennai,2022-04-28,42.3,31.3,37.5,0.0,44,cloudy
Chennai,2022-04-29,40.8,31.3,35.4,8.3,38,partly_cloudy
Chennai,2022-04-30,39.6,29.9,35.4,0.0,70,sunny
Chennai,2022-05-01,41.4,31.9,37.9,0.0,39,cloudy
Chennai,2022-05-02,44.5,35.0,38.1,0.0,49,partly_cloudy
Chennai,2022-05-03,41.4,34.3,37.4,0.0,69,cloudy
Chennai,2022-05-04,41.5,30.8,35.6,0.0,49,cloudy
Chennai,2022-05-05,39.8,28.6,33.6,2.7,48,cloudy
Chennai,2022-05-06,39.5,29.4,33.3,1.8,31,sunny
Chennai,2022-05-07,37.4,26.5,33.5,0.0,66,cloudy
Chennai,2022-05-08,43.3,31.8,35.7,0.0,33,cloudy
Chennai,2022-05-09,40.8,25.7,33.3,0.0,64,partly_cloudy
Chennai,2022-05-10,44.5,30.6,37.5,0.0,62,cloudy
Chennai,2022-05-11,39.7,30.0,33.5,3.9,62,sunny
Chennai,2022-05-12,44.2,35.6,38.9,0.0,61,cloudy
Chennai,2022-05-13,39.9,28.5,35.5,0.0,54,sunny
Chennai,2022-05-14,45.3,33.2,37.4,0.0,65,partly_cloudy
Chennai,2022-05-15,42.6,30.5,37.1,0.0,54,cloudy
Chennai,2022-05-16,45.4,32.1,38.6,0.0,67,partly_cloudy
Chennai,2022-05-17,44.2,31.7,37.3,0.0,36,cloudy
Chennai,2022-05-18,40.5,28.1,33.8,0.0,40,sunny
Chennai,2022-05-19,40.5,28.0,34.2,0.0,58,cloudy
Chennai,2022-05-20,41.6,33.5,37.0,0.0,44,cloudy
Chennai,2022-05-21,44.5,32.5,38.5,0.0,62,cloudy
Chennai,2022-05-22,42.5,32.3,37.6,0.0,51,cloudy
Chennai,2022-05-23,43.1,30.6,37.6,7.5,51,sunny
Chennai,2022-05-24,40.5,29.6,34.3,0.0,63,partly_cloudy
Chennai,2022-05-25,41.9,28.3,35.1,0.0,40,partly_cloudy
Chennai,2022-05-26,42.7,31.4,35.1,0.0,52,cloudy
Chennai,2022-05-27,39.9,32.6,36.7,0.0,63,partly_cloudy
Chennai,2022-05-28,42.9,32.3,38.5,0.0,53,sunny
Chennai,2022-05-29,40.8,26.9,33.5,0.0,44,partly_cloudy
Chennai,2022-05-30,38.2,30.1,33.5,0.0,61,sunny
Chennai,2022-05-31,44.1,29.6,37.1,0.0,56,cloudy
Chennai,2022-06-01,31.6,23.1,26.6,12.6,80,rainy
Chennai,2022-06-02,35.9,23.4,28.1,18.6,53,rainy
Chennai,2022-06-03,34.5,21.4,29.3,0.0,61,cloudy
Chennai,2022-06-04,30.1,18.3,25.5,0.0,50,sunny
Chennai,2022-06-05,28.7,18.6,25.0,12.7,91,rainy
Chennai,2022-06-06,31.9,19.0,25.8,0.0,52,sunny
Chennai,2022-06-07,36.0,23.6,30.3,10.0,74,rainy
Chennai,2022-06-08,34.3,24.3,29.8,0.0,71,sunny
Chennai,2022-06-09,35.5,23.4,27.5,0.0,56,cloudy
Chennai,2022-06-10,33.3,24.5,29.4,47.5,41,rainy
Chennai,2022-06-11,31.4,21.3,27.8,38.5,44,rainy
Chennai,2022-06-12,33.9,23.9,29.9,43.3,91,rainy
Chennai,2022-06-13,32.4,25.1,28.6,46.2,73,rainy
Chennai,2022-06-14,34.9,21.7,28.1,17.3,95,rainy
Chennai,2022-06-15,32.6,23.1,27.4,36.4,51,rainy
Chennai,2022-06-16,31.4,21.9,27.1,7.4,49,rainy
Chennai,2022-06-17,35.4,26.2,30.8,24.6,57,rainy
Chennai,2022-06-18,33.9,21.1,26.0,0.0,81,sunny
Chennai,2022-06-19,35.4,20.3,27.8,20.1,47,rainy
Chennai,2022-06-20,35.2,26.1,30.1,0.0,48,sunny
Chennai,2022-06-21,36.5,24.2,28.7,0.0,85,sunny
Chennai,2022-06-22,33.3,24.1,29.7,44.9,80,rainy
Chennai,2022-06-23,34.9,21.1,27.9,0.0,47,sunny
Chennai,2022-06-24,33.3,21.8,26.6,0.0,46,cloudy
Chennai,2022-06-25,34.6,23.5,28.4,0.0,50,cloudy
Chennai,2022-06-26,30.2,22.2,26.9,5.8,91,rainy
Chennai,2022-06-27,36.2,25.0,29.3,0.0,53,sunny
Chennai,2022-06-28,34.6,25.7,29.6,0.0,64,cloudy
Chennai,2022-06-29,33.2,23.8,27.9,12.7,49,rainy
Chennai,2022-06-30,30.5,21.4,26.6,15.5,87,rainy
Chennai,2022-07-01,32.9,20.9,25.1,0.0,44,cloudy
Chennai,2022-07-02,31.8,21.2,27.3,37.0,92,rainy
Chennai,2022-07-03,31.6,22.2,27.2,33.6,49,rainy
Chennai,2022-07-04,29.8,23.4,26.7,0.0,59,cloudy
Chennai,2022-07-05,38.2,26.1,30.3,10.0,42,rainy
Chennai,2022-07-06,36.6,25.1,31.0,6.3,44,rainy
Chennai,2022-07-07,30.9,20.4,26.5,42.6,81,rainy
Chennai,2022-07-08,35.0,23.4,30.6,0.0,71,cloudy
Chennai,2022-07-09,35.3,24.5,28.0,0.0,72,sunny
Chennai,2022-07-10,35.2,25.0,29.5,0.0,72,sunny
Chennai,2022-07-11,31.5,21.6,28.4,44.5,84,rainy
Chennai,2022-07-12,31.6,22.1,27.1,0.0,90,cloudy
Chennai,2022-07-13,29.1,18.9,26.0,0.0,69,cloudy
Chennai,2022-07-14,34.3,23.4,29.5,0.0,89,cloudy
Chennai,2022-07-15,33.9,23.1,30.7,26.5,59,rainy
Chennai,2022-07-16,32.0,19.7,26.3,14.2,59,rainy
Chennai,2022-07-17,29.2,21.6,25.4,0.0,82,sunny
Chennai,2022-07-18,31.6,22.3,26.5,33.6,79,rainy
Chennai,2022-07-19,30.0,19.1,26.0,0.0,73,sunny
Chennai,2022-07-20,32.1,22.6,27.7,0.0,76,sunny
Chennai,2022-07-21,31.5,23.4,27.7,0.0,66,cloudy
Chennai,2022-07-22,30.8,18.5,25.0,10.6,41,rainy
Chennai,2022-07-23,33.4,24.8,28.7,15.8,87,rainy
Chennai,2022-07-24,32.4,24.3,28.2,0.0,42,cloudy
Chennai,2022-07-25,36.4,22.6,29.2,14.9,87,rainy
Chennai,2022-07-26,30.7,21.7,27.3,42.5,41,rainy
Chennai,2022-07-27,33.9,21.8,27.8,0.0,42,sunny
Chennai,2022-07-28,31.7,20.8,27.8,0.0,70,sunny
Chennai,2022-07-29,36.4,23.8,31.0,33.3,83,rainy
Chennai,2022-07-30,34.5,23.4,30.9,7.9,93,rainy
Chennai,2022-07-31,34.6,21.4,27.3,46.3,79,rainy
Chennai,2022-08-01,31.3,21.0,27.4,14.2,86,rainy
Chennai,2022-08-02,37.7,25.8,30.4,0.0,82,sunny
Chennai,2022-08-03,31.9,25.3,28.8,9.8,42,rainy
Chennai,2022-08-04,32.2,22.2,25.9,0.0,93,cloudy
Chennai,2022-08-05,35.3,23.1,27.8,0.0,66,sunny
Chennai,2022-08-06,34.9,24.6,27.9,0.0,65,cloudy
Chennai,2022-08-07,31.6,21.2,26.3,0.0,59,sunny
Chennai,2022-08-08,33.5,22.5,28.6,18.2,89,rainy
Chennai,2022-08-09,35.6,25.7,28.9,44.5,41,rainy
Chennai,2022-08-10,38.2,23.7,30.7,0.0,86,sunny
Chennai,2022-08-11,33.0,21.6,26.5,0.0,50,cloudy
Chennai,2022-08-12,34.0,20.9,27.0,0.0,56,cloudy
Chennai,2022-08-13,30.9,22.9,27.6,0.0,87,sunny
Chennai,2022-08-14,31.5,19.8,25.7,0.0,59,sunny
Chennai,2022-08-15,37.1,21.2,29.2,31.5,79,rainy
Chennai,2022-08-16,32.6,22.9,28.9,25.1,86,rainy
Chennai,2022-08-17,34.0,26.1,29.2,29.3,56,rainy
Chennai,2022-08-18,31.4,21.0,26.7,47.9,94,rainy
Chennai,2022-08-19,33.2,22.1,25.9,49.5,61,rainy
Chennai,2022-08-20,36.8,24.8,30.8,34.2,48,rainy
Chennai,2022-08-21,34.6,24.9,29.6,0.0,42,sunny
Chennai,2022-08-22,34.5,22.6,27.6,0.0,94,sunny
Chennai,2022-08-23,29.3,18.9,25.0,0.0,43,cloudy
Chennai,2022-08-24,34.4,23.8,27.6,14.7,95,rainy
Chennai,2022-08-25,29.2,21.2,25.9,29.4,72,rainy
Chennai,2022-08-26,32.8,21.7,26.3,0.0,45,sunny
Chennai,2022-08-27,33.5,22.3,28.8,18.9,92,rainy
Chennai,2022-08-28,29.4,22.0,26.1,41.2,41,rainy
Chennai,2022-08-29,34.4,23.1,27.8,0.0,54,sunny
Chennai,2022-08-30,36.7,25.9,30.7,0.0,50,cloudy
Chennai,2022-08-31,35.9,22.7,29.0,33.8,49,rainy
Chennai,2022-09-01,33.2,20.6,26.8,8.2,65,rainy
Chennai,2022-09-02,36.8,25.4,29.3,35.4,86,rainy
Chennai,2022-09-03,32.1,20.3,25.2,0.0,55,cloudy
Chennai,2022-09-04,32.0,20.9,25.7,33.3,42,rainy
Chennai,2022-09-05,37.3,26.3,30.1,0.0,49,sunny
Chennai,2022-09-06,31.6,17.7,25.4,25.4,94,rainy
Chennai,2022-09-07,38.1,26.8,30.6,0.0,62,sunny
Chennai,2022-09-08,32.3,21.6,25.7,22.8,85,rainy
Chennai,2022-09-09,32.3,22.4,25.9,30.0,58,rainy
Chennai,2022-09-10,37.5,24.1,30.2,5.8,82,rainy
Chennai,2022-09-11,33.3,21.2,27.0,0.0,87,sunny
Chennai,2022-09-12,29.9,20.2,25.4,0.0,66,sunny
Chennai,2022-09-13,35.5,24.1,29.2,48.3,42,rainy
Chennai,2022-09-14,34.9,19.5,27.4,0.0,83,sunny
Chennai,2022-09-15,34.8,21.9,27.8,23.6,85,rainy
Chennai,2022-09-16,32.5,20.3,27.4,32.3,51,rainy
Chennai,2022-09-17,32.3,23.7,27.3,38.7,88,rainy
Chennai,2022-09-18,33.5,22.4,27.2,47.7,59,rainy
Chennai,2022-09-19,34.9,22.1,27.7,35.2,58,rainy
Chennai,2022-09-20,35.2,26.4,30.5,27.7,90,rainy
Chennai,2022-09-21,34.5,23.4,30.9,24.9,93,rainy
Chennai,2022-09-22,33.2,24.7,30.2,22.4,45,rainy
Chennai,2022-09-23,31.3,21.5,26.0,0.0,46,sunny
Chennai,2022-09-24,32.4,21.8,26.2,0.0,70,sunny
Chennai,2022-09-25,30.1,20.0,26.2,0.0,43,sunny
Chennai,2022-09-26,34.4,25.4,28.6,36.7,84,rainy
Chennai,2022-09-27,36.7,23.3,30.6,10.6,44,rainy
Chennai,2022-09-28,30.1,22.6,26.9,12.8,89,rainy
Chennai,2022-09-29,33.9,22.9,27.2,9.4,94,rainy
Chennai,2022-09-30,34.7,26.6,30.8,0.0,89,cloudy
Chennai,2022-10-01,35.5,22.9,29.7,0.0,33,sunny
Chennai,2022-10-02,33.6,26.5,29.6,0.0,36,partly_cloudy
Chennai,2022-10-03,34.1,20.9,28.3,0.0,37,cloudy
Chennai,2022-10-04,35.3,25.6,30.5,5.5,36,sunny
Chennai,2022-10-05,33.5,22.2,29.0,0.0,50,sunny
Chennai,2022-10-06,34.9,23.9,30.1,0.0,54,partly_cloudy
Chennai,2022-10-07,38.4,28.7,31.8,0.0,59,sunny
Chennai,2022-10-08,35.7,27.0,30.6,1.3,47,sunny
Chennai,2022-10-09,31.8,23.6,28.2,0.0,60,cloudy
Chennai,2022-10-10,34.7,23.7,29.2,3.2,37,partly_cloudy
Chennai,2022-10-11,34.1,25.9,29.5,0.0,51,sunny
Chennai,2022-10-12,35.8,24.2,31.1,0.0,69,cloudy
Chennai,2022-10-13,36.8,26.5,30.0,0.0,66,sunny
Chennai,2022-10-14,33.6,22.2,28.8,0.0,30,partly_cloudy
Chennai,2022-10-15,37.8,24.4,31.0,0.0,61,partly_cloudy
Chennai,2022-10-16,36.2,24.5,31.4,0.0,57,partly_cloudy
Chennai,2022-10-17,36.9,24.9,31.0,0.0,40,partly_cloudy
Chennai,2022-10-18,36.2,26.8,31.1,0.0,66,partly_cloudy
Chennai,2022-10-19,33.0,21.3,28.6,0.0,69,cloudy
Chennai,2022-10-20,35.2,21.2,29.1,0.0,39,sunny
Chennai,2022-10-21,34.6,24.9,31.1,0.0,33,sunny
Chennai,2022-10-22,35.7,22.9,30.3,0.0,67,partly_cloudy
Chennai,2022-10-23,37.4,27.8,31.4,0.0,63,sunny
Chennai,2022-10-24,34.1,23.2,29.3,0.0,34,cloudy
Chennai,2022-10-25,38.8,26.2,31.5,0.0,33,cloudy
Chennai,2022-10-26,34.3,23.0,29.1,0.0,63,partly_cloudy
Chennai,2022-10-27,36.0,22.9,30.5,0.0,59,partly_cloudy
Chennai,2022-10-28,38.7,24.7,31.7,0.0,33,sunny
Chennai,2022-10-29,33.4,23.0,29.6,0.0,43,cloudy
Chennai,2022-10-30,35.0,24.5,29.3,0.0,55,sunny
Chennai,2022-10-31,35.1,24.2,30.3,0.0,48,cloudy
Chennai,2022-11-01,34.7,23.5,31.1,0.0,36,cloudy
Chennai,2022-11-02,35.2,23.6,29.9,0.0,56,cloudy
Chennai,2022-11-03,35.1,25.1,29.3,0.0,37,partly_cloudy
Chennai,2022-11-04,36.2,21.4,28.5,0.0,56,sunny
Chennai,2022-11-05,36.5,24.3,29.2,0.0,31,partly_cloudy
Chennai,2022-11-06,34.5,23.4,30.5,0.0,68,cloudy
Chennai,2022-11-07,38.8,24.3,31.0,0.0,47,sunny
Chennai,2022-11-08,35.8,22.0,28.2,0.0,47,cloudy
Chennai,2022-11-09,38.5,26.9,31.6,0.0,30,sunny
Chennai,2022-11-10,35.4,27.1,30.8,0.0,40,sunny
Chennai,2022-11-11,32.0,21.6,28.0,0.0,36,cloudy
Chennai,2022-11-12,34.8,20.7,28.1,0.0,38,cloudy
Chennai,2022-11-13,35.5,24.5,31.3,0.0,39,cloudy
Chennai,2022-11-14,38.4,26.3,31.1,0.0,58,sunny
Chennai,2022-11-15,33.3,25.8,29.8,0.0,67,cloudy
Chennai,2022-11-16,35.8,20.6,28.2,0.0,41,sunny
Chennai,2022-11-17,36.8,24.3,31.9,0.0,63,cloudy
Chennai,2022-11-18,39.0,24.9,31.0,0.0,43,partly_cloudy
Chennai,2022-11-19,36.1,21.7,29.7,0.0,33,cloudy
Chennai,2022-11-20,37.9,28.0,31.3,0.0,67,sunny
Chennai,2022-11-21,36.4,25.2,29.1,0.0,31,cloudy
Chennai,2022-11-22,35.8,25.5,30.1,0.0,38,partly_cloudy
Chennai,2022-11-23,36.5,23.8,30.8,0.0,68,partly_cloudy
Chennai,2022-11-24,33.4,26.1,29.4,0.0,42,sunny
Chennai,2022-11-25,37.9,24.7,31.5,5.8,51,cloudy
Chennai,2022-11-26,36.6,25.5,32.0,1.9,69,sunny
Chennai,2022-11-27,37.1,25.5,31.4,0.0,46,sunny
Chennai,2022-11-28,37.7,24.6,30.1,0.0,34,partly_cloudy
Chennai,2022-11-29,39.4,24.4,31.6,0.0,47,sunny
Chennai,2022-11-30,34.8,21.0,28.4,0.0,55,cloudy
Chennai,2022-12-01,26.1,12.7,20.3,0.0,49,partly_cloudy
Chennai,2022-12-02,26.5,17.0,22.8,0.0,70,sunny
Chennai,2022-12-03,27.0,16.5,23.1,0.0,41,partly_cloudy
Chennai,2022-12-04,28.2,19.1,22.7,0.0,31,cloudy
Chennai,2022-12-05,28.0,20.1,23.9,0.0,68,sunny
Chennai,2022-12-06,25.7,16.9,21.5,0.0,66,partly_cloudy
Chennai,2022-12-07,24.1,16.7,20.6,0.0,51,cloudy
Chennai,2022-12-08,24.2,15.9,20.2,0.0,69,cloudy
Chennai,2022-12-09,25.0,12.7,20.5,0.0,54,partly_cloudy
Chennai,2022-12-10,29.8,18.2,23.6,0.0,50,partly_cloudy
Chennai,2022-12-11,26.9,16.1,22.6,0.0,54,cloudy
Chennai,2022-12-12,28.1,13.5,20.7,0.0,52,cloudy
Chennai,2022-12-13,27.2,16.4,21.0,0.0,48,sunny
Chennai,2022-12-14,24.3,17.3,20.4,0.0,40,cloudy
Chennai,2022-12-15,27.8,18.0,22.7,0.0,52,partly_cloudy
Chennai,2022-12-16,25.4,13.6,20.3,0.0,43,cloudy
Chennai,2022-12-17,24.6,16.7,21.6,0.0,56,sunny
Chennai,2022-12-18,29.3,18.6,23.5,0.0,38,cloudy
Chennai,2022-12-19,28.4,16.2,23.2,0.0,32,sunny
Chennai,2022-12-20,26.9,14.4,21.4,0.0,52,cloudy
Chennai,2022-12-21,24.4,15.1,20.5,0.0,56,partly_cloudy
Chennai,2022-12-22,29.9,18.4,22.4,0.0,32,sunny
Chennai,2022-12-23,28.9,18.6,22.2,0.0,47,sunny
Chennai,2022-12-24,24.9,13.3,20.4,0.0,47,sunny
Chennai,2022-12-25,30.4,17.8,23.8,0.0,60,cloudy
Chennai,2022-12-26,30.3,19.7,22.9,0.0,31,cloudy
Chennai,2022-12-27,26.2,13.3,20.5,0.0,39,cloudy
Chennai,2022-12-28,28.1,17.6,22.8,9.3,38,cloudy
Chennai,2022-12-29,28.7,17.7,23.9,0.0,60,cloudy
Chennai,2022-12-30,25.5,15.6,21.3,0.0,34,cloudy
Chennai,2022-12-31,24.5,14.1,20.4,0.0,33,cloudy
Chennai,2023-01-01,27.8,15.7,22.6,0.0,70,cloudy
Chennai,2023-01-02,25.9,17.2,20.4,0.0,52,partly_cloudy
Chennai,2023-01-03,30.5,16.0,22.8,0.0,43,sunny
Chennai,2023-01-04,27.7,18.7,22.7,0.0,54,sunny
Chennai,2023-01-05,29.1,15.2,23.1,8.4,54,partly_cloudy
Chennai,2023-01-06,26.2,18.0,22.1,0.0,37,partly_cloudy
Chennai,2023-01-07,27.4,16.3,20.9,0.0,51,sunny
Chennai,2023-01-08,24.7,14.1,21.2,0.0,38,partly_cloudy
Chennai,2023-01-09,30.3,19.1,22.7,0.0,36,cloudy
Chennai,2023-01-10,27.5,14.3,21.1,0.0,45,partly_cloudy
Chennai,2023-01-11,28.0,15.9,23.6,0.0,43,sunny
Chennai,2023-01-12,25.8,17.1,21.9,0.0,33,cloudy
Chennai,2023-01-13,29.5,18.3,23.5,7.6,54,sunny
Chennai,2023-01-14,28.4,14.7,22.2,0.0,31,partly_cloudy
Chennai,2023-01-15,26.6,17.2,21.5,0.0,45,cloudy
Chennai,2023-01-16,28.6,16.6,22.5,0.0,47,cloudy
Chennai,2023-01-17,25.8,14.1,20.3,0.0,68,sunny
Chennai,2023-01-18,25.4,17.4,21.3,0.0,55,cloudy
Chennai,2023-01-19,29.1,18.7,22.2,0.0,66,cloudy
Chennai,2023-01-20,29.1,14.6,21.6,0.0,52,sunny
Chennai,2023-01-21,27.6,14.7,21.9,0.0,46,partly_cloudy
Chennai,2023-01-22,24.6,13.1,21.1,7.7,30,sunny
Chennai,2023-01-23,27.1,15.3,22.6,0.0,66,cloudy
Chennai,2023-01-24,28.3,15.4,21.1,0.0,65,sunny
Chennai,2023-01-25,26.8,17.3,21.9,0.0,68,cloudy
Chennai,2023-01-26,28.3,15.5,22.6,0.0,50,sunny
Chennai,2023-01-27,26.3,15.3,23.0,0.0,53,cloudy
Chennai,2023-01-28,25.5,16.4,22.3,5.9,61,cloudy
Chennai,2023-01-29,26.0,18.8,22.1,0.0,35,sunny
Chennai,2023-01-30,26.8,15.4,23.3,0.0,35,cloudy
Chennai,2023-01-31,26.5,18.6,22.1,0.0,45,cloudy
Chennai,2023-02-01,25.5,13.9,21.8,0.0,65,sunny
Chennai,2023-02-02,24.8,15.3,20.8,0.0,66,sunny
Chennai,2023-02-03,27.5,17.2,20.5,9.4,49,partly_cloudy
Chennai,2023-02-04,25.6,15.8,21.6,0.0,52,cloudy
Chennai,2023-02-05,26.6,17.7,21.1,0.0,48,sunny
Chennai,2023-02-06,27.5,18.0,23.8,0.0,53,partly_cloudy
Chennai,2023-02-07,28.8,19.6,22.8,0.0,31,sunny
Chennai,2023-02-08,28.7,17.4,22.7,0.0,43,cloudy
Chennai,2023-02-09,25.5,13.9,21.8,0.0,33,cloudy
Chennai,2023-02-10,29.8,16.3,22.6,0.0,64,sunny
Chennai,2023-02-11,24.4,14.7,21.1,0.0,51,cloudy
Chennai,2023-02-12,30.2,17.5,23.6,0.0,40,partly_cloudy
Chennai,2023-02-13,27.2,17.4,20.6,0.0,70,partly_cloudy
Chennai,2023-02-14,27.4,13.1,20.0,0.0,41,sunny
Chennai,2023-02-15,27.6,17.0,22.3,0.0,68,partly_cloudy
Chennai,2023-02-16,27.7,18.3,22.9,0.0,70,partly_cloudy
Chennai,2023-02-17,29.0,14.4,22.2,0.0,63,sunny
Chennai,2023-02-18,29.3,15.1,22.3,0.0,60,partly_cloudy
Chennai,2023-02-19,26.6,17.1,23.2,0.0,52,partly_cloudy
Chennai,2023-02-20,25.2,13.8,21.8,0.0,32,partly_cloudy
Chennai,2023-02-21,27.9,16.5,22.2,0.0,48,cloudy
Chennai,2023-02-22,25.7,13.7,20.0,3.0,66,partly_cloudy
Chennai,2023-02-23,24.2,13.4,20.7,0.0,64,cloudy
Chennai,2023-02-24,23.3,16.6,20.3,0.0,44,cloudy
Chennai,2023-02-25,31.5,18.2,23.8,0.0,52,partly_cloudy
Chennai,2023-02-26,28.3,14.1,21.5,0.0,56,sunny
Chennai,2023-02-27,27.1,16.8,23.8,0.0,57,partly_cloudy
Chennai,2023-02-28,26.5,17.4,20.7,1.7,33,partly_cloudy
Chennai,2023-03-01,43.0,33.1,38.4,0.0,48,partly_cloudy
Chennai,2023-03-02,41.8,30.3,37.8,0.0,42,sunny
Chennai,2023-03-03,43.7,33.2,38.1,7.3,64,cloudy
Chennai,2023-03-04,45.6,33.8,38.6,0.0,44,partly_cloudy
Chennai,2023-03-05,44.1,30.6,36.2,0.0,42,cloudy
Chennai,2023-03-06,43.9,30.2,36.6,0.0,48,partly_cloudy
Chennai,2023-03-07,41.8,28.0,33.9,0.0,47,cloudy
Chennai,2023-03-08,44.0,31.2,37.8,8.5,55,sunny
Chennai,2023-03-09,43.0,28.2,35.2,0.0,57,cloudy
Chennai,2023-03-10,41.9,32.6,36.1,0.0,58,partly_cloudy
Chennai,2023-03-11,37.6,26.7,33.5,0.0,34,sunny
Chennai,2023-03-12,42.4,34.5,38.9,0.0,35,sunny
Chennai,2023-03-13,41.6,34.3,38.6,0.0,47,partly_cloudy
Chennai,2023-03-14,44.5,32.5,36.7,0.0,51,partly_cloudy
Chennai,2023-03-15,39.8,26.9,34.9,0.0,55,sunny
Chennai,2023-03-16,36.9,28.0,33.9,0.0,30,sunny
Chennai,2023-03-17,46.2,30.3,38.2,0.0,70,cloudy
Chennai,2023-03-18,41.5,27.6,34.4,0.0,55,partly_cloudy
Chennai,2023-03-19,46.3,31.4,38.3,0.0,69,cloudy
Chennai,2023-03-20,38.3,27.0,34.6,0.0,44,sunny
Chennai,2023-03-21,39.8,28.4,35.6,0.0,40,partly_cloudy
Chennai,2023-03-22,42.2,32.8,36.4,0.0,53,partly_cloudy
Chennai,2023-03-23,42.7,29.1,36.2,0.0,42,cloudy
Chennai,2023-03-24,46.3,35.4,38.9,0.0,47,partly_cloudy
Chennai,2023-03-25,40.7,31.4,35.5,0.0,33,cloudy
Chennai,2023-03-26,42.4,28.5,36.1,8.6,70,sunny
Chennai,2023-03-27,44.5,32.6,37.1,0.0,39,partly_cloudy
Chennai,2023-03-28,45.0,34.9,38.1,0.0,66,partly_cloudy
Chennai,2023-03-29,38.6,32.2,35.3,0.0,52,partly_cloudy
Chennai,2023-03-30,43.1,32.2,37.4,0.0,35,partly_cloudy
Chennai,2023-03-31,38.8,31.5,35.6,0.0,62,sunny
Chennai,2023-04-01,41.3,32.0,37.3,0.0,62,partly_cloudy
Chennai,2023-04-02,43.2,31.1,35.6,2.1,35,sunny
Chennai,2023-04-03,38.3,28.7,34.2,0.0,38,cloudy
Chennai,2023-04-04,38.5,27.8,35.3,0.0,33,sunny
Chennai,2023-04-05,43.5,31.6,38.6,0.0,62,cloudy
Chennai,2023-04-06,40.5,32.6,37.1,0.0,30,sunny
Chennai,2023-04-07,38.2,29.3,34.8,0.0,60,partly_cloudy
Chennai,2023-04-08,42.0,34.4,38.3,0.0,49,partly_cloudy
Chennai,2023-04-09,40.6,30.6,35.5,0.0,59,partly_cloudy
Chennai,2023-04-10,42.4,27.4,34.9,5.3,34,partly_cloudy
Chennai,2023-04-11,41.1,27.1,33.8,0.0,44,cloudy
Chennai,2023-04-12,45.1,30.8,37.6,0.0,45,cloudy
Chennai,2023-04-13,41.0,29.6,36.4,0.0,65,partly_cloudy
Chennai,2023-04-14,41.1,27.4,34.8,0.0,44,cloudy
Chennai,2023-04-15,42.4,28.7,34.5,0.0,70,partly_cloudy
Chennai,2023-04-16,43.1,30.7,37.0,0.0,59,partly_cloudy
Chennai,2023-04-17,43.1,34.1,37.8,0.0,57,sunny
Chennai,2023-04-18,39.6,31.3,35.7,0.0,31,cloudy
Chennai,2023-04-19,36.6,30.3,33.4,0.0,47,cloudy
Chennai,2023-04-20,41.1,27.1,35.0,0.0,46,partly_cloudy
Chennai,2023-04-21,36.9,25.3,33.1,0.0,47,partly_cloudy
Chennai,2023-04-22,37.2,26.2,33.2,0.0,37,partly_cloudy
Chennai,2023-04-23,45.2,30.7,37.5,0.0,56,sunny
Chennai,2023-04-24,39.0,29.9,33.9,0.0,42,cloudy
Chennai,2023-04-25,41.0,30.4,33.9,0.0,40,partly_cloudy
Chennai,2023-04-26,41.2,26.7,34.3,0.0,34,sunny
Chennai,2023-04-27,36.9,27.9,33.3,0.0,46,partly_cloudy
Chennai,2023-04-28,38.6,28.6,34.2,0.0,63,cloudy
Chennai,2023-04-29,39.8,27.8,35.1,0.0,53,cloudy
Chennai,2023-04-30,40.8,32.1,36.6,0.0,48,cloudy
Chennai,2023-05-01,40.8,30.4,34.2,0.0,50,partly_cloudy
Chennai,2023-05-02,43.4,32.4,35.5,0.0,50,partly_cloudy
Chennai,2023-05-03,40.9,29.7,34.5,0.0,40,cloudy
Chennai,2023-05-04,38.0,29.1,33.9,0.0,66,sunny
Chennai,2023-05-05,45.4,33.7,38.3,0.0,46,partly_cloudy
Chennai,2023-05-06,40.0,31.4,36.9,0.0,39,partly_cloudy
Chennai,2023-05-07,39.7,28.0,35.6,0.0,37,cloudy
Chennai,2023-05-08,43.7,32.1,36.9,0.0,67,sunny
Chennai,2023-05-09,41.2,31.8,35.1,0.0,68,partly_cloudy
Chennai,2023-05-10,40.2,30.3,36.2,0.0,57,cloudy
Chennai,2023-05-11,40.9,29.5,36.3,0.0,44,sunny
Chennai,2023-05-12,39.4,28.7,34.2,5.9,38,cloudy
Chennai,2023-05-13,40.4,31.9,35.0,0.0,65,sunny
Chennai,2023-05-14,40.4,33.5,36.8,0.0,60,sunny
Chennai,2023-05-15,42.2,30.2,35.3,0.0,69,partly_cloudy
Chennai,2023-05-16,37.4,29.1,33.3,0.0,66,cloudy
Chennai,2023-05-17,36.6,26.6,33.4,0.0,34,partly_cloudy
Chennai,2023-05-18,37.1,27.2,33.5,0.0,43,sunny
Chennai,2023-05-19,39.8,31.1,36.6,0.0,64,cloudy
Chennai,2023-05-20,39.6,26.8,34.7,0.0,61,sunny
Chennai,2023-05-21,43.7,29.7,36.8,0.0,62,sunny
Chennai,2023-05-22,38.3,31.0,34.3,0.0,51,partly_cloudy
Chennai,2023-05-23,43.1,29.5,37.0,0.0,49,cloudy
Chennai,2023-05-24,41.4,31.4,36.3,7.0,54,partly_cloudy
Chennai,2023-05-25,45.3,34.7,38.2,3.7,32,sunny
Chennai,2023-05-26,41.1,30.5,37.2,0.0,54,cloudy
Chennai,2023-05-27,38.8,29.1,35.5,0.0,31,partly_cloudy
Chennai,2023-05-28,46.6,31.1,38.7,6.6,33,cloudy
Chennai,2023-05-29,41.4,32.1,38.2,0.0,63,cloudy
Chennai,2023-05-30,41.4,30.3,36.4,0.0,39,partly_cloudy
Chennai,2023-05-31,40.7,32.3,36.3,0.0,58,cloudy
Chennai,2023-06-01,35.4,22.6,29.1,47.7,51,rainy
Chennai,2023-06-02,33.6,23.0,30.0,39.8,94,rainy
Chennai,2023-06-03,37.1,24.1,30.0,0.0,92,cloudy
Chennai,2023-06-04,28.9,18.6,25.4,0.0,89,cloudy
Chennai,2023-06-05,33.5,19.4,26.9,45.7,85,rainy
Chennai,2023-06-06,30.8,20.6,25.2,32.5,57,rainy
Chennai,2023-06-07,35.8,25.0,30.9,0.0,95,cloudy
Chennai,2023-06-08,32.5,24.8,29.1,39.0,67,rainy
Chennai,2023-06-09,34.4,20.2,27.7,12.9,48,rainy
Chennai,2023-06-10,35.2,20.6,28.5,0.0,42,cloudy
Chennai,2023-06-11,30.2,23.1,27.0,0.0,65,sunny
Chennai,2023-06-12,33.5,26.0,30.3,33.4,72,rainy
Chennai,2023-06-13,30.3,21.5,26.8,0.0,58,sunny
Chennai,2023-06-14,33.4,25.1,28.4,6.8,78,rainy
Chennai,2023-06-15,33.4,21.3,26.3,24.9,49,rainy
Chennai,2023-06-16,33.5,21.2,26.5,24.9,76,rainy
Chennai,2023-06-17,31.9,23.8,26.9,14.4,56,rainy
Chennai,2023-06-18,35.8,25.1,28.6,0.0,50,cloudy
Chennai,2023-06-19,28.5,18.1,25.3,0.0,44,sunny
Chennai,2023-06-20,34.4,23.8,27.3,0.0,46,cloudy
Chennai,2023-06-21,35.5,22.5,30.3,44.6,76,rainy
Chennai,2023-06-22,34.6,24.7,30.8,0.0,83,cloudy
Chennai,2023-06-23,33.4,21.1,28.6,33.7,43,rainy
Chennai,2023-06-24,31.9,24.5,27.9,28.9,89,rainy
Chennai,2023-06-25,33.9,20.4,26.5,0.0,42,cloudy
Chennai,2023-06-26,32.7,17.6,25.5,32.4,66,rainy
Chennai,2023-06-27,30.1,21.6,25.3,35.0,67,rainy
Chennai,2023-06-28,31.7,24.6,28.0,49.7,86,rainy
Chennai,2023-06-29,36.9,25.7,29.1,14.7,86,rainy
Chennai,2023-06-30,35.3,21.4,27.8,0.0,81,sunny
Chennai,2023-07-01,35.7,23.4,30.8,24.4,79,rainy
Chennai,2023-07-02,36.2,24.9,30.1,34.9,65,rainy
Chennai,2023-07-03,38.0,22.7,30.1,0.0,67,sunny
Chennai,2023-07-04,31.4,18.7,25.2,0.0,66,sunny
Chennai,2023-07-05,30.8,21.0,25.9,35.9,70,rainy
Chennai,2023-07-06,37.4,26.4,31.0,0.0,67,cloudy
Chennai,2023-07-07,38.4,25.4,30.5,0.0,69,cloudy
Chennai,2023-07-08,33.7,26.1,30.6,0.0,95,cloudy
Chennai,2023-07-09,35.6,23.7,29.2,0.0,49,sunny
Chennai,2023-07-10,32.7,19.4,26.6,18.0,73,rainy
Chennai,2023-07-11,34.1,22.1,27.8,28.3,70,rainy
Chennai,2023-07-12,36.1,24.9,30.1,21.7,61,rainy
Chennai,2023-07-13,37.1,26.0,29.4,14.3,42,rainy
Chennai,2023-07-14,38.2,23.5,30.5,0.0,77,sunny
Chennai,2023-07-15,38.2,24.7,30.4,16.3,62,rainy
Chennai,2023-07-16,35.4,19.9,27.5,48.4,75,rainy
Chennai,2023-07-17,34.8,24.8,30.5,0.0,86,sunny
Chennai,2023-07-18,32.4,25.0,28.5,33.1,43,rainy
Chennai,2023-07-19,31.8,24.6,27.8,32.0,54,rainy
Chennai,2023-07-20,32.8,21.2,26.0,43.4,46,rainy
Chennai,2023-07-21,34.6,21.9,29.3,8.3,55,rainy
Chennai,2023-07-22,32.2,20.2,26.9,0.0,68,cloudy
Chennai,2023-07-23,35.8,24.3,29.8,36.0,70,rainy
Chennai,2023-07-24,30.4,18.6,26.1,37.3,48,rainy
Chennai,2023-07-25,33.4,20.9,25.6,0.0,82,sunny
Chennai,2023-07-26,35.9,26.5,30.8,15.8,85,rainy
Chennai,2023-07-27,34.0,24.5,28.4,12.8,56,rainy
Chennai,2023-07-28,35.9,21.2,28.3,0.0,66,sunny
Chennai,2023-07-29,31.8,20.7,26.5,25.0,63,rainy
Chennai,2023-07-30,32.0,17.9,25.3,21.0,74,rainy
Chennai,2023-07-31,33.8,21.4,27.3,30.3,48,rainy
Chennai,2023-08-01,33.5,21.7,26.6,0.0,80,sunny
Chennai,2023-08-02,35.9,21.6,29.0,47.6,84,rainy
Chennai,2023-08-03,34.2,20.9,28.8,47.1,94,rainy
Chennai,2023-08-04,34.1,24.3,28.6,27.0,54,rainy
Chennai,2023-08-05,38.9,27.2,30.9,23.3,73,rainy
Chennai,2023-08-06,33.0,22.3,25.5,0.0,40,sunny
Chennai,2023-08-07,31.8,19.3,25.5,0.0,43,cloudy
Chennai,2023-08-08,35.3,22.6,29.4,7.7,55,rainy
Chennai,2023-08-09,34.9,22.5,28.4,34.1,54,rainy
Chennai,2023-08-10,32.3,22.0,28.0,30.3,66,rainy
Chennai,2023-08-11,30.7,20.8,25.2,6.6,74,rainy
Chennai,2023-08-12,32.6,20.3,27.2,13.6,50,rainy
Chennai,2023-08-13,32.6,24.3,27.5,32.2,57,rainy
Chennai,2023-08-14,33.1,24.4,27.7,36.5,48,rainy
Chennai,2023-08-15,33.4,18.7,25.7,26.1,92,rainy
Chennai,2023-08-16,34.9,25.9,29.6,14.1,61,rainy
Chennai,2023-08-17,31.3,20.1,27.0,0.0,72,sunny
Chennai,2023-08-18,31.5,24.4,28.5,0.0,82,sunny
Chennai,2023-08-19,33.8,23.6,27.3,0.0,64,cloudy
Chennai,2023-08-20,31.7,18.2,26.2,0.0,92,sunny
Chennai,2023-08-21,29.4,19.9,25.2,0.0,85,cloudy
Chennai,2023-08-22,32.4,22.9,28.8,9.7,68,rainy
Chennai,2023-08-23,33.0,26.5,30.0,24.1,63,rainy
Chennai,2023-08-24,32.6,22.9,27.1,32.1,49,rainy
Chennai,2023-08-25,35.1,26.9,30.7,39.6,71,rainy
Chennai,2023-08-26,36.0,24.7,30.5,0.0,93,cloudy
Chennai,2023-08-27,34.0,23.9,28.9,22.7,49,rainy
Chennai,2023-08-28,32.9,22.5,27.5,0.0,88,sunny
Chennai,2023-08-29,36.7,22.8,29.8,0.0,42,sunny
Chennai,2023-08-30,34.7,21.1,26.9,0.0,89,cloudy
Chennai,2023-08-31,30.8,19.2,27.1,44.4,73,rainy
Chennai,2023-09-01,38.2,26.3,30.2,18.5,58,rainy
Chennai,2023-09-02,28.6,18.0,25.1,7.5,92,rainy
Chennai,2023-09-03,31.3,21.3,25.8,0.0,86,cloudy
Chennai,2023-09-04,37.9,23.4,30.2,36.6,92,rainy
Chennai,2023-09-05,31.1,22.5,27.5,23.2,52,rainy
Chennai,2023-09-06,31.6,24.3,28.4,0.0,82,cloudy
Chennai,2023-09-07,33.1,18.0,25.4,16.1,87,rainy
Chennai,2023-09-08,35.1,26.4,30.0,0.0,53,cloudy
Chennai,2023-09-09,32.7,23.6,27.0,22.5,94,rainy
Chennai,2023-09-10,29.0,17.8,25.5,0.0,53,sunny
Chennai,2023-09-11,30.9,20.2,26.1,30.7,74,rainy
Chennai,2023-09-12,32.2,18.7,25.2,40.9,58,rainy
Chennai,2023-09-13,36.9,23.7,30.4,0.0,92,sunny
Chennai,2023-09-14,36.9,26.6,30.3,0.0,49,sunny
Chennai,2023-09-15,34.6,20.0,27.7,22.2,87,rainy
Chennai,2023-09-16,32.0,23.0,28.1,23.2,56,rainy
Chennai,2023-09-17,31.3,23.3,27.8,0.0,47,sunny
Chennai,2023-09-18,34.6,26.7,30.7,44.7,68,rainy
Chennai,2023-09-19,33.8,26.1,29.4,0.0,90,cloudy
Chennai,2023-09-20,32.7,22.7,27.2,16.6,82,rainy
Chennai,2023-09-21,34.4,23.2,29.2,0.0,59,sunny
Chennai,2023-09-22,32.9,19.1,26.3,0.0,72,cloudy
Chennai,2023-09-23,31.7,22.9,26.1,0.0,42,sunny
Chennai,2023-09-24,32.5,19.2,27.2,7.6,90,rainy
Chennai,2023-09-25,35.7,25.0,29.6,0.0,54,sunny
Chennai,2023-09-26,33.7,22.8,29.7,43.4,46,rainy
Chennai,2023-09-27,29.1,22.5,26.0,0.0,85,sunny
Chennai,2023-09-28,35.6,22.2,28.1,5.4,94,rainy
Chennai,2023-09-29,34.6,26.4,30.5,0.0,77,sunny
Chennai,2023-09-30,37.4,23.7,30.1,25.9,79,rainy
Chennai,2023-10-01,36.5,22.9,29.5,0.0,43,sunny
Chennai,2023-10-02,37.5,24.8,30.8,0.0,56,sunny
Chennai,2023-10-03,35.1,26.3,30.9,0.0,51,sunny
Chennai,2023-10-04,34.0,26.6,30.8,0.0,66,partly_cloudy
Chennai,2023-10-05,37.4,22.8,29.4,0.0,48,sunny
Chennai,2023-10-06,33.7,25.5,30.6,0.0,57,sunny
Chennai,2023-10-07,37.0,27.5,30.9,0.0,35,partly_cloudy
Chennai,2023-10-08,35.3,25.1,30.3,1.5,70,cloudy
Chennai,2023-10-09,35.8,26.1,31.3,8.9,64,sunny
Chennai,2023-10-10,36.0,21.7,28.8,0.0,47,cloudy
Chennai,2023-10-11,38.0,26.0,30.4,0.0,69,partly_cloudy
Chennai,2023-10-12,36.9,25.2,31.4,0.0,41,cloudy
Chennai,2023-10-13,39.0,25.9,31.2,0.0,51,cloudy
Chennai,2023-10-14,35.9,23.2,29.7,0.0,67,cloudy
Chennai,2023-10-15,39.1,26.8,31.9,0.0,62,sunny
Chennai,2023-10-16,32.8,21.9,28.4,0.0,47,sunny
Chennai,2023-10-17,38.2,25.9,31.2,0.0,42,sunny
Chennai,2023-10-18,34.1,25.1,28.8,0.0,66,cloudy
Chennai,2023-10-19,34.8,26.8,30.3,1.6,33,cloudy
Chennai,2023-10-20,34.6,27.7,30.9,5.1,35,sunny
Chennai,2023-10-21,37.3,25.9,30.4,0.0,48,sunny
Chennai,2023-10-22,35.2,26.5,29.7,0.0,31,partly_cloudy
Chennai,2023-10-23,32.7,25.4,28.5,0.0,33,partly_cloudy
Chennai,2023-10-24,35.1,25.8,30.3,0.0,63,partly_cloudy
Chennai,2023-10-25,35.7,25.6,28.9,0.0,57,partly_cloudy
Chennai,2023-10-26,33.8,25.7,29.8,0.0,52,cloudy
Chennai,2023-10-27,34.0,21.8,28.9,0.0,63,partly_cloudy
Chennai,2023-10-28,36.6,22.9,29.9,0.0,36,cloudy
Chennai,2023-10-29,37.6,24.8,30.7,0.0,54,partly_cloudy
Chennai,2023-10-30,36.0,22.4,29.3,0.0,70,sunny
Chennai,2023-10-31,36.6,24.2,30.5,0.0,57,partly_cloudy
Chennai,2023-11-01,35.5,23.0,29.1,0.0,49,cloudy
Chennai,2023-11-02,33.7,22.9,28.3,0.0,63,partly_cloudy
Chennai,2023-11-03,36.5,24.7,31.6,0.0,41,cloudy
Chennai,2023-11-04,35.0,24.9,31.5,0.0,58,partly_cloudy
Chennai,2023-11-05,35.3,26.8,30.3,0.0,30,cloudy
Chennai,2023-11-06,34.7,25.0,28.3,0.0,49,sunny
Chennai,2023-11-07,37.5,25.4,31.5,0.0,33,partly_cloudy
Chennai,2023-11-08,35.8,28.2,31.7,0.0,70,sunny
Chennai,2023-11-09,38.3,23.8,31.2,0.0,40,sunny
Chennai,2023-11-10,39.2,26.4,31.2,0.0,43,sunny
Chennai,2023-11-11,34.5,28.0,31.3,0.0,42,partly_cloudy
Chennai,2023-11-12,38.6,24.4,30.8,0.0,58,cloudy
Chennai,2023-11-13,34.1,25.2,30.5,0.0,47,sunny
Chennai,2023-11-14,36.8,22.8,29.9,0.0,53,sunny
Chennai,2023-11-15,33.5,24.2,28.3,0.0,35,sunny
Chennai,2023-11-16,36.6,22.8,30.4,0.0,57,partly_cloudy
Chennai,2023-11-17,31.8,22.7,28.5,0.0,48,cloudy
Chennai,2023-11-18,37.1,24.2,29.7,0.0,59,cloudy
Chennai,2023-11-19,34.9,22.4,28.7,0.0,67,cloudy
Chennai,2023-11-20,37.0,26.5,29.8,0.0,69,sunny
Chennai,2023-11-21,33.3,23.0,30.1,0.0,37,partly_cloudy
Chennai,2023-11-22,33.3,26.2,30.0,0.0,47,sunny
Chennai,2023-11-23,31.7,21.6,28.1,0.0,36,partly_cloudy
Chennai,2023-11-24,35.2,27.7,31.7,0.0,57,cloudy
Chennai,2023-11-25,37.2,21.8,29.5,0.0,64,sunny
Chennai,2023-11-26,36.1,25.3,30.8,0.0,61,sunny
Chennai,2023-11-27,36.8,28.1,31.1,0.0,55,sunny
Chennai,2023-11-28,35.3,26.1,30.5,0.0,65,partly_cloudy
Chennai,2023-11-29,37.0,23.8,29.9,0.0,67,cloudy
Chennai,2023-11-30,35.5,25.5,31.8,0.0,69,cloudy
Chennai,2023-12-01,25.0,14.8,21.0,0.0,33,cloudy
Chennai,2023-12-02,24.6,13.4,20.3,0.0,50,partly_cloudy
Chennai,2023-12-03,31.3,19.5,24.0,0.0,53,sunny
Chennai,2023-12-04,27.9,12.8,20.2,0.0,31,sunny
Chennai,2023-12-05,27.0,19.6,22.6,0.0,32,cloudy
Chennai,2023-12-06,29.5,16.6,22.3,0.0,64,sunny
Chennai,2023-12-07,25.6,14.6,20.9,0.0,42,cloudy
Chennai,2023-12-08,26.1,17.6,20.9,0.0,55,cloudy
Chennai,2023-12-09,30.4,19.0,23.7,0.0,69,cloudy
Chennai,2023-12-10,28.4,14.6,20.6,0.0,51,partly_cloudy
Chennai,2023-12-11,26.5,16.7,22.4,0.0,54,sunny
Chennai,2023-12-12,28.1,16.6,22.7,0.0,50,cloudy
Chennai,2023-12-13,28.6,15.6,20.7,0.0,54,cloudy
Chennai,2023-12-14,25.9,16.5,20.2,1.4,62,sunny
Chennai,2023-12-15,26.5,15.6,22.8,0.0,30,sunny
Chennai,2023-12-16,23.7,15.5,20.1,0.0,35,partly_cloudy
Chennai,2023-12-17,28.1,13.5,20.4,0.0,49,partly_cloudy
Chennai,2023-12-18,31.1,19.7,23.3,0.0,35,cloudy
Chennai,2023-12-19,27.1,18.2,22.7,0.0,60,cloudy
Chennai,2023-12-20,27.9,15.8,22.7,0.0,46,partly_cloudy
Chennai,2023-12-21,25.1,16.4,21.2,0.0,38,sunny
Chennai,2023-12-22,25.5,17.4,21.9,0.0,37,cloudy
Chennai,2023-12-23,30.6,16.4,22.9,0.0,63,sunny
Chennai,2023-12-24,27.1,16.0,22.2,0.2,59,partly_cloudy
Chennai,2023-12-25,28.0,18.5,22.9,0.0,41,sunny
Chennai,2023-12-26,25.2,16.1,22.0,0.0,49,sunny
Chennai,2023-12-27,24.4,15.8,21.2,0.0,69,sunny
Chennai,2023-12-28,24.3,15.8,20.1,0.0,67,cloudy
Chennai,2023-12-29,28.4,16.4,21.8,0.0,44,partly_cloudy
Chennai,2023-12-30,26.8,15.2,21.4,0.0,33,sunny
Chennai,2023-12-31,28.2,15.2,20.8,0.0,34,cloudy
Chennai,2024-01-01,27.1,14.2,20.2,0.0,62,partly_cloudy
Chennai,2024-01-02,27.8,16.3,23.5,0.0,35,cloudy
Chennai,2024-01-03,27.0,16.8,22.2,0.0,60,cloudy
Chennai,2024-01-04,27.7,17.4,21.4,0.0,36,partly_cloudy
Chennai,2024-01-05,28.5,14.8,22.5,0.0,55,sunny
Chennai,2024-01-06,26.5,12.7,20.5,0.0,37,sunny
Chennai,2024-01-07,27.2,17.1,21.0,0.7,30,cloudy
Chennai,2024-01-08,24.4,16.9,20.2,0.0,49,cloudy
Chennai,2024-01-09,24.6,16.6,21.4,0.0,64,sunny
Chennai,2024-01-10,30.5,17.3,23.2,0.0,41,partly_cloudy
Chennai,2024-01-11,28.3,16.0,22.3,0.0,37,sunny
Chennai,2024-01-12,27.9,17.4,21.4,0.0,59,partly_cloudy
Chennai,2024-01-13,24.3,16.8,20.6,8.3,36,partly_cloudy
Chennai,2024-01-14,28.7,17.4,22.3,0.0,32,cloudy
Chennai,2024-01-15,30.4,16.3,23.9,0.0,55,cloudy
Chennai,2024-01-16,25.9,17.8,21.6,0.0,40,cloudy
Chennai,2024-01-17,27.9,17.3,23.3,0.0,46,cloudy
Chennai,2024-01-18,28.7,18.6,24.0,3.0,64,cloudy
Chennai,2024-01-19,28.6,14.8,21.0,0.0,61,cloudy
Chennai,2024-01-20,29.4,18.6,21.7,0.0,32,sunny
Chennai,2024-01-21,28.9,17.8,21.3,0.0,53,partly_cloudy
Chennai,2024-01-22,26.7,14.2,21.3,0.0,50,sunny
Chennai,2024-01-23,26.6,15.1,22.2,0.0,58,partly_cloudy
Chennai,2024-01-24,25.0,14.3,20.7,0.0,65,sunny
Chennai,2024-01-25,27.7,15.9,21.0,0.0,33,sunny
Chennai,2024-01-26,28.9,17.8,23.3,0.0,35,cloudy
Chennai,2024-01-27,27.1,16.2,22.2,0.0,46,sunny
Chennai,2024-01-28,25.5,13.3,20.3,0.4,49,sunny
Chennai,2024-01-29,29.0,15.3,21.4,0.0,61,partly_cloudy
Chennai,2024-01-30,27.2,14.1,20.0,0.0,47,partly_cloudy
Chennai,2024-01-31,25.6,15.3,20.8,0.0,32,sunny
Chennai,2024-02-01,27.4,15.0,22.8,5.6,41,cloudy
Chennai,2024-02-02,29.3,14.8,22.3,0.0,40,cloudy
Chennai,2024-02-03,29.9,19.6,23.4,0.0,53,cloudy
Chennai,2024-02-04,25.5,17.2,20.8,0.0,35,sunny
Chennai,2024-02-05,31.6,17.2,23.9,0.0,62,sunny
Chennai,2024-02-06,28.7,17.8,23.3,0.0,51,cloudy
Chennai,2024-02-07,27.2,13.3,21.3,0.0,32,cloudy
Chennai,2024-02-08,26.3,19.5,22.9,0.0,56,cloudy
Chennai,2024-02-09,23.5,12.8,20.4,0.0,44,partly_cloudy
Chennai,2024-02-10,28.2,16.5,23.3,0.0,51,partly_cloudy
Chennai,2024-02-11,27.1,16.4,20.4,0.0,31,cloudy
Chennai,2024-02-12,25.7,15.5,20.1,0.0,55,cloudy
Chennai,2024-02-13,28.7,17.5,21.6,0.0,46,sunny
Chennai,2024-02-14,25.7,18.3,22.2,0.0,69,partly_cloudy
Chennai,2024-02-15,28.4,19.0,23.7,0.0,58,sunny
Chennai,2024-02-16,28.4,16.6,22.8,6.7,52,sunny
Chennai,2024-02-17,27.5,15.2,20.9,0.0,50,cloudy
Chennai,2024-02-18,23.3,15.7,20.2,0.0,67,partly_cloudy
Chennai,2024-02-19,27.8,19.4,22.7,0.0,64,sunny
Chennai,2024-02-20,24.9,17.8,21.6,0.0,68,sunny
Chennai,2024-02-21,28.0,16.1,22.6,0.0,70,partly_cloudy
Chennai,2024-02-22,26.9,18.4,22.7,0.0,31,sunny
Chennai,2024-02-23,26.6,14.4,21.8,0.0,47,sunny
Chennai,2024-02-24,27.3,17.8,21.6,0.0,41,sunny
Chennai,2024-02-25,27.7,15.6,20.7,0.0,36,sunny
Chennai,2024-02-26,27.0,16.6,21.2,0.0,58,cloudy
Chennai,2024-02-27,24.2,16.2,20.8,0.0,60,cloudy
Chennai,2024-02-28,27.7,17.4,21.7,3.4,51,cloudy
Chennai,2024-02-29,27.2,17.1,22.1,0.0,39,cloudy
Chennai,2024-03-01,40.9,32.7,37.2,0.0,53,partly_cloudy
Chennai,2024-03-02,43.6,33.3,36.6,0.0,54,partly_cloudy
Chennai,2024-03-03,43.8,34.6,38.2,7.5,41,cloudy
Chennai,2024-03-04,41.2,29.9,35.7,0.0,43,partly_cloudy
Chennai,2024-03-05,39.9,32.5,36.2,0.0,50,sunny
Chennai,2024-03-06,42.2,33.0,37.7,0.0,45,cloudy
Chennai,2024-03-07,37.4,30.4,33.8,0.0,46,sunny
Chennai,2024-03-08,44.9,33.2,38.5,0.0,42,partly_cloudy
Chennai,2024-03-09,41.2,31.4,37.3,0.0,63,sunny
Chennai,2024-03-10,44.4,32.5,36.7,0.0,42,cloudy
Chennai,2024-03-11,45.0,29.9,37.4,7.6,46,partly_cloudy
Chennai,2024-03-12,37.5,25.4,33.1,7.4,56,partly_cloudy
Chennai,2024-03-13,40.9,33.1,37.5,0.0,31,cloudy
Chennai,2024-03-14,45.4,35.1,38.8,0.0,53,cloudy
Chennai,2024-03-15,38.8,29.3,34.8,0.0,32,sunny
Chennai,2024-03-16,41.0,27.0,34.4,0.0,60,partly_cloudy
Chennai,2024-03-17,44.4,33.7,37.3,0.0,48,cloudy
Chennai,2024-03-18,43.6,33.6,38.1,0.0,37,partly_cloudy
Chennai,2024-03-19,42.1,27.7,35.4,0.0,35,sunny
Chennai,2024-03-20,45.4,32.3,37.9,0.0,36,partly_cloudy
Chennai,2024-03-21,39.8,27.8,34.8,0.0,56,cloudy
Chennai,2024-03-22,39.0,28.4,35.6,0.0,37,cloudy
Chennai,2024-03-23,44.9,32.1,36.9,0.0,49,partly_cloudy
Chennai,2024-03-24,40.7,30.7,33.7,0.0,31,partly_cloudy
Chennai,2024-03-25,43.6,33.5,37.6,0.0,60,partly_cloudy
Chennai,2024-03-26,42.2,32.9,37.0,0.0,44,partly_cloudy
Chennai,2024-03-27,44.8,35.7,38.8,8.4,35,cloudy
Chennai,2024-03-28,37.4,29.1,33.4,0.0,38,sunny
Chennai,2024-03-29,43.0,32.4,37.8,0.0,59,cloudy
Chennai,2024-03-30,43.7,32.5,36.8,0.0,69,cloudy
Chennai,2024-03-31,45.5,32.3,37.9,8.9,68,sunny
Chennai,2024-04-01,40.5,29.4,34.9,0.0,43,partly_cloudy
Chennai,2024-04-02,39.7,28.8,33.6,0.0,39,partly_cloudy
Chennai,2024-04-03,41.9,30.9,35.8,0.0,50,sunny
Chennai,2024-04-04,43.0,31.1,36.8,0.0,42,cloudy
Chennai,2024-04-05,39.7,30.2,33.4,0.0,52,partly_cloudy
Chennai,2024-04-06,40.0,33.1,36.1,0.0,33,partly_cloudy
Chennai,2024-04-07,40.3,28.3,34.7,0.0,65,sunny
Chennai,2024-04-08,42.3,31.9,37.8,0.0,43,cloudy
Chennai,2024-04-09,43.7,29.1,37.1,0.0,65,partly_cloudy
Chennai,2024-04-10,44.1,31.0,36.2,0.0,38,partly_cloudy
Chennai,2024-04-11,40.7,31.2,37.1,0.0,63,cloudy
Chennai,2024-04-12,40.3,29.9,34.7,0.0,53,sunny
Chennai,2024-04-13,42.7,30.7,36.5,0.0,42,partly_cloudy
Chennai,2024-04-14,40.6,32.3,35.8,0.0,52,sunny
Chennai,2024-04-15,43.6,32.7,36.3,0.0,59,cloudy
Chennai,2024-04-16,45.1,33.4,38.5,0.0,47,partly_cloudy
Chennai,2024-04-17,42.5,32.5,36.8,0.0,32,partly_cloudy
Chennai,2024-04-18,44.8,31.9,36.8,0.0,31,cloudy
Chennai,2024-04-19,41.6,32.0,37.1,0.0,67,sunny
Chennai,2024-04-20,43.3,31.7,36.4,0.0,42,cloudy
Chennai,2024-04-21,37.0,29.7,33.9,0.0,43,partly_cloudy
Chennai,2024-04-22,41.4,27.0,34.8,0.0,47,cloudy
Chennai,2024-04-23,43.4,30.0,36.9,0.0,64,partly_cloudy
Chennai,2024-04-24,39.7,29.1,35.5,0.0,52,partly_cloudy
Chennai,2024-04-25,45.6,32.8,39.0,6.6,49,partly_cloudy
Chennai,2024-04-26,40.5,26.2,33.5,0.0,47,cloudy
Chennai,2024-04-27,39.7,26.2,33.1,0.0,69,sunny
Chennai,2024-04-28,44.3,33.5,37.2,0.0,69,cloudy
Chennai,2024-04-29,42.3,30.8,38.8,7.8,67,partly_cloudy
Chennai,2024-04-30,43.0,34.7,38.4,0.0,32,partly_cloudy
Chennai,2024-05-01,41.3,27.8,34.7,0.0,69,sunny
Chennai,2024-05-02,39.8,32.5,36.5,0.0,51,partly_cloudy
Chennai,2024-05-03,43.1,30.2,35.3,0.0,69,sunny
Chennai,2024-05-04,40.9,31.3,34.5,0.0,34,cloudy
Chennai,2024-05-05,40.9,27.2,34.9,0.0,37,partly_cloudy
Chennai,2024-05-06,44.4,30.6,37.5,0.0,38,cloudy
Chennai,2024-05-07,39.6,30.4,33.4,0.0,51,sunny
Chennai,2024-05-08,43.0,33.4,38.3,0.0,41,sunny
Chennai,2024-05-09,40.1,29.3,36.3,0.0,53,partly_cloudy
Chennai,2024-05-10,43.0,32.3,37.1,0.0,41,cloudy
Chennai,2024-05-11,43.7,29.3,37.0,0.0,65,sunny
Chennai,2024-05-12,41.0,29.7,33.3,0.0,48,sunny
Chennai,2024-05-13,44.6,31.9,36.6,0.0,35,sunny
Chennai,2024-05-14,41.5,29.0,35.8,0.0,41,cloudy
Chennai,2024-05-15,40.2,26.3,33.8,0.0,59,partly_cloudy
Chennai,2024-05-16,43.7,30.2,38.1,0.0,52,partly_cloudy
Chennai,2024-05-17,39.0,27.2,33.8,0.0,58,partly_cloudy
Chennai,2024-05-18,42.9,33.2,37.4,0.0,65,cloudy
Chennai,2024-05-19,37.6,29.8,34.0,0.0,53,sunny
Chennai,2024-05-20,46.0,32.9,38.9,0.0,64,sunny
Chennai,2024-05-21,39.2,32.7,36.0,0.0,68,partly_cloudy
Chennai,2024-05-22,39.4,29.8,35.6,0.0,48,sunny
Chennai,2024-05-23,43.6,29.8,37.0,0.0,70,cloudy
Chennai,2024-05-24,45.3,30.2,37.6,0.0,40,sunny
Chennai,2024-05-25,38.4,28.3,34.0,0.0,48,sunny
Chennai,2024-05-26,43.4,32.6,36.8,0.0,57,cloudy
Chennai,2024-05-27,37.4,30.1,34.2,0.0,31,partly_cloudy
Chennai,2024-05-28,36.6,26.4,33.3,0.0,67,sunny
Chennai,2024-05-29,45.4,29.8,37.6,0.0,68,cloudy
Chennai,2024-05-30,44.0,34.2,38.8,0.0,62,partly_cloudy
Chennai,2024-05-31,40.5,30.5,36.4,0.0,69,cloudy
Chennai,2024-06-01,36.8,21.4,29.0,19.9,89,rainy
Chennai,2024-06-02,34.6,20.2,28.2,0.0,67,sunny
Chennai,2024-06-03,34.4,21.5,29.0,0.0,76,cloudy
Chennai,2024-06-04,36.3,23.6,30.9,21.1,66,rainy
Chennai,2024-06-05,31.9,22.0,26.2,0.0,65,sunny
Chennai,2024-06-06,35.3,20.0,27.3,45.2,67,rainy
Chennai,2024-06-07,33.4,24.3,30.4,40.8,71,rainy
Chennai,2024-06-08,35.1,21.7,28.1,23.3,50,rainy
Chennai,2024-06-09,32.5,23.4,27.4,0.0,53,sunny
Chennai,2024-06-10,35.0,21.8,29.1,0.0,79,cloudy
Chennai,2024-06-11,36.9,24.6,31.0,36.3,42,rainy
Chennai,2024-06-12,29.4,19.0,26.3,0.0,91,sunny
Chennai,2024-06-13,33.3,25.9,30.2,0.0,61,sunny
Chennai,2024-06-14,33.4,22.5,25.6,20.6,50,rainy
Chennai,2024-06-15,37.0,22.3,30.3,13.1,46,rainy
Chennai,2024-06-16,35.2,25.1,29.3,0.0,71,sunny
Chennai,2024-06-17,35.2,24.6,30.8,40.1,61,rainy
Chennai,2024-06-18,35.4,25.5,30.0,9.4,91,rainy
Chennai,2024-06-19,28.9,19.3,25.4,0.0,80,cloudy
Chennai,2024-06-20,36.9,24.5,30.4,0.0,46,cloudy
Chennai,2024-06-21,34.5,21.8,27.9,32.4,48,rainy
Chennai,2024-06-22,34.6,24.1,29.8,0.0,95,sunny
Chennai,2024-06-23,30.0,19.9,25.0,28.6,93,rainy
Chennai,2024-06-24,34.9,20.7,28.0,9.1,78,rainy
Chennai,2024-06-25,32.6,19.1,26.5,0.0,91,cloudy
Chennai,2024-06-26,33.0,22.4,27.0,43.2,75,rainy
Chennai,2024-06-27,33.0,22.7,29.0,29.4,48,rainy
Chennai,2024-06-28,32.6,23.5,27.2,41.7,64,rainy
Chennai,2024-06-29,33.4,23.2,28.1,43.2,68,rainy
Chennai,2024-06-30,36.3,22.3,28.9,11.8,74,rainy
Chennai,2024-07-01,33.6,22.5,28.3,5.7,92,rainy
Chennai,2024-07-02,30.6,20.5,25.4,0.0,82,sunny
Chennai,2024-07-03,35.3,23.0,27.8,22.4,40,rainy
Chennai,2024-07-04,34.9,23.7,28.7,45.5,58,rainy
Chennai,2024-07-05,38.3,27.3,30.7,15.7,52,rainy
Chennai,2024-07-06,32.0,17.6,25.0,29.5,66,rainy
Chennai,2024-07-07,34.0,21.3,27.0,0.0,40,sunny
Chennai,2024-07-08,35.3,20.9,27.6,25.9,82,rainy
Chennai,2024-07-09,33.3,24.3,29.7,0.0,54,sunny
Chennai,2024-07-10,30.5,21.9,27.5,5.7,79,rainy
Chennai,2024-07-11,33.8,25.9,29.7,25.6,64,rainy
Chennai,2024-07-12,34.1,23.0,26.9,0.0,66,cloudy
Chennai,2024-07-13,31.9,24.9,28.8,14.0,50,rainy
Chennai,2024-07-14,30.6,18.9,26.0,41.8,86,rainy
Chennai,2024-07-15,33.2,22.0,26.3,0.0,72,sunny
Chennai,2024-07-16,30.4,21.4,27.3,14.6,81,rainy
Chennai,2024-07-17,38.0,25.7,30.7,0.0,85,sunny
Chennai,2024-07-18,33.4,25.6,29.6,42.2,56,rainy
Chennai,2024-07-19,36.7,26.8,30.4,5.9,81,rainy
Chennai,2024-07-20,29.5,20.7,25.2,0.0,80,sunny
Chennai,2024-07-21,29.1,18.5,26.0,0.0,56,cloudy
Chennai,2024-07-22,35.0,23.2,29.4,0.0,83,sunny
Chennai,2024-07-23,35.8,23.2,29.1,16.0,48,rainy
Chennai,2024-07-24,34.3,23.4,28.6,33.7,50,rainy
Chennai,2024-07-25,32.2,21.5,27.2,0.0,81,sunny
Chennai,2024-07-26,34.7,26.2,30.1,15.6,76,rainy
Chennai,2024-07-27,34.7,19.8,27.0,25.8,48,rainy
Chennai,2024-07-28,31.9,20.2,27.7,0.0,89,sunny
Chennai,2024-07-29,35.8,22.3,29.6,15.9,72,rainy
Chennai,2024-07-30,36.8,24.0,30.1,0.0,40,cloudy
Chennai,2024-07-31,33.5,25.1,28.8,39.0,88,rainy
Chennai,2024-08-01,35.7,25.0,29.9,15.7,92,rainy
Chennai,2024-08-02,30.2,21.0,25.9,47.8,58,rainy
Chennai,2024-08-03,34.2,22.0,26.5,0.0,56,cloudy
Chennai,2024-08-04,35.8,22.4,29.3,25.4,59,rainy
Chennai,2024-08-05,36.1,26.4,29.9,0.0,86,cloudy
Chennai,2024-08-06,33.9,22.8,30.6,14.3,95,rainy
Chennai,2024-08-07,34.2,23.0,27.1,0.0,40,cloudy
Chennai,2024-08-08,33.6,23.3,30.2,24.4,55,rainy
Chennai,2024-08-09,35.0,20.5,27.4,0.0,40,sunny
Chennai,2024-08-10,31.0,21.6,27.5,18.7,81,rainy
Chennai,2024-08-11,35.0,26.5,30.3,0.0,82,sunny
Chennai,2024-08-12,29.1,17.8,25.7,0.0,49,cloudy
Chennai,2024-08-13,29.6,22.3,26.1,0.0,57,sunny
Chennai,2024-08-14,36.2,22.2,28.8,21.5,90,rainy
Chennai,2024-08-15,34.2,21.0,26.9,22.4,93,rainy
Chennai,2024-08-16,34.6,26.5,30.1,20.0,82,rainy
Chennai,2024-08-17,32.8,22.4,29.5,18.3,87,rainy
Chennai,2024-08-18,32.6,21.1,27.1,32.0,87,rainy
Chennai,2024-08-19,37.1,23.3,30.5,47.8,70,rainy
Chennai,2024-08-20,28.7,17.4,25.1,0.0,69,sunny
Chennai,2024-08-21,33.3,24.0,28.3,7.8,53,rainy
Chennai,2024-08-22,28.4,19.3,25.3,42.3,91,rainy
Chennai,2024-08-23,31.3,19.8,25.7,0.0,82,sunny
Chennai,2024-08-24,29.1,18.2,25.1,0.0,66,sunny
Chennai,2024-08-25,32.7,24.8,28.1,39.5,71,rainy
Chennai,2024-08-26,35.2,25.7,30.1,47.7,73,rainy
Chennai,2024-08-27,34.1,24.2,29.4,30.5,75,rainy
Chennai,2024-08-28,35.6,23.9,28.8,0.0,91,cloudy
Chennai,2024-08-29,30.9,20.3,26.2,27.1,80,rainy
Chennai,2024-08-30,36.4,25.2,30.4,15.0,76,rainy
Chennai,2024-08-31,34.3,24.0,27.5,0.0,47,sunny
Chennai,2024-09-01,33.9,25.3,28.9,44.9,59,rainy
Chennai,2024-09-02,34.2,24.7,28.1,0.0,59,sunny
Chennai,2024-09-03,37.3,27.5,30.8,0.0,46,cloudy
Chennai,2024-09-04,33.6,22.7,26.5,0.0,46,cloudy
Chennai,2024-09-05,33.8,22.1,29.4,0.0,47,cloudy
Chennai,2024-09-06,33.1,20.6,25.6,36.3,59,rainy
Chennai,2024-09-07,34.4,25.0,28.0,11.2,87,rainy
Chennai,2024-09-08,34.1,25.4,29.5,6.8,46,rainy
Chennai,2024-09-09,37.3,25.2,30.2,22.0,68,rainy
Chennai,2024-09-10,29.8,20.9,25.3,12.3,83,rainy
Chennai,2024-09-11,32.0,22.7,25.8,0.0,56,sunny
Chennai,2024-09-12,31.6,23.6,26.9,28.5,77,rainy
Chennai,2024-09-13,35.5,26.0,30.4,16.4,95,rainy
Chennai,2024-09-14,32.5,22.2,27.8,43.2,44,rainy
Chennai,2024-09-15,33.4,18.7,26.6,0.0,90,cloudy
Chennai,2024-09-16,35.3,23.8,28.3,0.0,40,sunny
Chennai,2024-09-17,30.8,19.2,27.1,45.7,59,rainy
Chennai,2024-09-18,30.7,23.7,27.3,0.0,55,sunny
Chennai,2024-09-19,36.5,21.9,29.1,34.4,84,rainy
Chennai,2024-09-20,28.7,17.9,25.2,29.3,72,rainy
Chennai,2024-09-21,35.8,27.1,30.7,23.9,82,rainy
Chennai,2024-09-22,32.1,21.7,25.4,0.0,76,sunny
Chennai,2024-09-23,34.4,25.9,29.6,20.8,78,rainy
Chennai,2024-09-24,29.1,21.6,25.1,0.0,85,cloudy
Chennai,2024-09-25,32.6,23.6,29.4,5.6,79,rainy
Chennai,2024-09-26,33.0,22.8,29.2,0.0,58,sunny
Chennai,2024-09-27,31.4,24.7,27.9,46.2,62,rainy
Chennai,2024-09-28,32.1,19.0,25.8,23.5,53,rainy
Chennai,2024-09-29,31.0,21.1,25.2,36.1,87,rainy
Chennai,2024-09-30,33.8,22.4,29.6,42.4,63,rainy
Chennai,2024-10-01,35.1,23.3,29.1,0.0,32,partly_cloudy
Chennai,2024-10-02,34.3,24.7,31.0,1.6,34,partly_cloudy
Chennai,2024-10-03,35.3,21.8,28.3,0.0,57,partly_cloudy
Chennai,2024-10-04,33.6,24.8,30.4,0.0,35,cloudy
Chennai,2024-10-05,34.9,24.3,30.0,0.0,42,partly_cloudy
Chennai,2024-10-06,33.9,21.2,28.6,0.0,41,sunny
Chennai,2024-10-07,38.4,25.4,31.7,0.0,41,sunny
Chennai,2024-10-08,38.4,26.4,31.7,0.0,44,cloudy
Chennai,2024-10-09,37.2,25.6,31.5,0.0,48,sunny
Chennai,2024-10-10,34.2,27.1,30.8,0.0,42,partly_cloudy
Chennai,2024-10-11,37.0,23.5,31.0,3.7,55,partly_cloudy
Chennai,2024-10-12,34.9,22.5,30.1,0.0,65,partly_cloudy
Chennai,2024-10-13,37.7,23.3,30.9,0.0,57,partly_cloudy
Chennai,2024-10-14,35.3,26.2,29.3,0.0,61,sunny
Chennai,2024-10-15,38.8,24.0,31.5,0.0,31,sunny
Chennai,2024-10-16,35.6,22.1,29.3,0.0,51,sunny
Chennai,2024-10-17,33.0,25.0,29.5,0.0,53,sunny
Chennai,2024-10-18,33.4,22.4,28.6,0.0,66,partly_cloudy
Chennai,2024-10-19,36.6,25.0,30.3,8.2,66,cloudy
Chennai,2024-10-20,38.2,25.0,30.4,0.0,41,partly_cloudy
Chennai,2024-10-21,36.2,26.4,31.6,0.0,70,partly_cloudy
Chennai,2024-10-22,34.0,25.4,28.6,0.0,30,sunny
Chennai,2024-10-23,32.3,21.3,28.9,0.0,57,sunny
Chennai,2024-10-24,35.4,24.7,31.4,0.0,69,partly_cloudy
Chennai,2024-10-25,33.1,24.9,29.8,0.0,67,partly_cloudy
Chennai,2024-10-26,34.3,26.5,30.3,0.0,59,partly_cloudy
Chennai,2024-10-27,36.4,24.2,30.7,0.0,61,partly_cloudy
Chennai,2024-10-28,35.5,24.1,29.3,6.3,56,sunny
Chennai,2024-10-29,37.1,24.2,31.1,0.0,37,sunny
Chennai,2024-10-30,36.0,23.5,29.5,0.0,36,sunny
Chennai,2024-10-31,33.9,23.1,30.3,0.8,54,cloudy
Chennai,2024-11-01,36.3,20.5,28.5,0.0,63,cloudy
Chennai,2024-11-02,34.7,26.3,29.7,0.0,32,cloudy
Chennai,2024-11-03,35.6,25.3,30.2,0.0,39,cloudy
Chennai,2024-11-04,33.6,24.9,30.4,0.0,48,sunny
Chennai,2024-11-05,32.4,22.7,29.3,0.0,38,partly_cloudy
Chennai,2024-11-06,33.6,24.7,29.5,0.0,64,partly_cloudy
Chennai,2024-11-07,36.3,21.1,29.0,0.0,40,partly_cloudy
Chennai,2024-11-08,34.2,22.2,29.6,0.0,36,cloudy
Chennai,2024-11-09,36.4,22.1,30.1,0.0,31,cloudy
Chennai,2024-11-10,36.3,25.1,29.7,5.5,49,cloudy
Chennai,2024-11-11,34.5,23.7,28.7,0.0,64,partly_cloudy
Chennai,2024-11-12,32.7,24.5,28.0,0.0,38,partly_cloudy
Chennai,2024-11-13,34.0,25.4,31.0,0.0,39,partly_cloudy
Chennai,2024-11-14,33.6,25.4,30.4,0.0,42,partly_cloudy
Chennai,2024-11-15,34.2,25.5,29.4,0.0,44,partly_cloudy
Chennai,2024-11-16,32.8,23.2,29.7,0.0,66,sunny
Chennai,2024-11-17,33.8,22.7,28.6,0.0,48,sunny
Chennai,2024-11-18,35.6,27.8,31.0,0.0,50,sunny
Chennai,2024-11-19,35.3,22.2,29.6,0.0,66,sunny
Chennai,2024-11-20,34.6,26.7,29.9,0.0,43,sunny
Chennai,2024-11-21,33.1,22.4,28.7,0.0,43,partly_cloudy
Chennai,2024-11-22,35.6,26.2,31.3,0.0,49,sunny
Chennai,2024-11-23,34.3,24.1,28.6,0.0,69,sunny
Chennai,2024-11-24,37.0,22.9,30.2,0.0,64,partly_cloudy
Chennai,2024-11-25,32.6,21.8,28.6,0.0,53,partly_cloudy
Chennai,2024-11-26,35.1,26.3,30.6,0.0,49,cloudy
Chennai,2024-11-27,34.7,27.3,31.6,0.0,68,partly_cloudy
Chennai,2024-11-28,35.3,27.3,30.5,0.0,33,sunny
Chennai,2024-11-29,38.1,25.1,31.1,0.0,65,partly_cloudy
Chennai,2024-11-30,38.2,24.7,30.9,0.5,38,sunny
Chennai,2024-12-01,29.2,14.5,22.1,0.0,68,cloudy
Chennai,2024-12-02,27.3,16.3,22.7,0.0,44,cloudy
Chennai,2024-12-03,25.1,13.3,20.5,0.0,36,cloudy
Chennai,2024-12-04,27.1,18.0,21.5,0.0,70,cloudy
Chennai,2024-12-05,26.8,19.7,23.1,0.0,65,sunny
Chennai,2024-12-06,28.3,16.5,20.3,0.0,54,partly_cloudy
Chennai,2024-12-07,27.7,15.7,21.7,0.0,54,sunny
Chennai,2024-12-08,28.0,15.8,21.5,0.0,41,partly_cloudy
Chennai,2024-12-09,26.2,16.2,22.9,0.0,38,partly_cloudy
Chennai,2024-12-10,27.5,15.6,23.3,8.8,60,cloudy
Chennai,2024-12-11,29.9,18.0,22.6,0.0,64,partly_cloudy
Chennai,2024-12-12,27.8,16.8,21.7,0.0,36,cloudy
Chennai,2024-12-13,25.9,17.7,22.4,0.0,36,cloudy
Chennai,2024-12-14,28.6,16.5,20.8,0.0,43,partly_cloudy
Chennai,2024-12-15,30.5,17.0,23.0,0.0,41,sunny
Chennai,2024-12-16,24.2,15.8,21.1,0.0,63,sunny
Chennai,2024-12-17,25.3,16.5,20.2,0.0,40,sunny
Chennai,2024-12-18,28.5,16.5,23.8,0.0,67,partly_cloudy
Chennai,2024-12-19,26.5,16.7,23.5,0.0,51,sunny
Chennai,2024-12-20,30.4,18.6,24.0,0.0,40,cloudy
Chennai,2024-12-21,29.2,18.1,23.5,0.0,41,cloudy
Chennai,2024-12-22,24.7,16.2,20.2,0.0,45,partly_cloudy
Chennai,2024-12-23,25.1,17.6,21.9,7.6,67,sunny
Chennai,2024-12-24,30.0,14.4,22.1,0.0,32,partly_cloudy
Chennai,2024-12-25,28.3,17.8,23.4,0.0,46,sunny
Chennai,2024-12-26,26.6,19.5,23.3,0.0,30,cloudy
Chennai,2024-12-27,28.9,18.8,22.6,0.0,52,cloudy
Chennai,2024-12-28,29.0,14.8,21.6,0.0,60,cloudy
Chennai,2024-12-29,27.5,17.6,22.0,0.0,59,sunny
Chennai,2024-12-30,26.3,18.1,22.4,0.0,60,sunny
Chennai,2024-12-31,26.8,14.4,20.9,8.3,61,cloudy
Kolkata,2022-01-01,23.0,14.2,17.9,0.0,44,sunny
Kolkata,2022-01-02,23.5,10.8,18.7,0.0,62,cloudy
Kolkata,2022-01-03,25.3,15.7,20.3,0.0,49,sunny
Kolkata,2022-01-04,25.0,16.7,19.9,0.0,34,partly_cloudy
Kolkata,2022-01-05,23.8,16.5,20.5,0.0,67,cloudy
Kolkata,2022-01-06,22.9,14.0,19.8,0.0,45,cloudy
Kolkata,2022-01-07,28.0,13.4,20.3,0.0,64,partly_cloudy
Kolkata,2022-01-08,24.6,10.2,17.0,0.0,38,sunny
Kolkata,2022-01-09,25.1,13.6,20.0,0.0,31,cloudy
Kolkata,2022-01-10,23.9,12.6,20.3,0.0,67,cloudy
Kolkata,2022-01-11,22.4,13.1,18.1,0.0,66,cloudy
Kolkata,2022-01-12,25.6,11.8,19.0,0.0,42,cloudy
Kolkata,2022-01-13,20.5,12.6,17.3,0.0,69,sunny
Kolkata,2022-01-14,21.3,11.5,17.8,0.0,42,cloudy
Kolkata,2022-01-15,26.3,14.9,18.9,0.0,46,sunny
Kolkata,2022-01-16,22.9,13.8,18.2,0.0,56,partly_cloudy
Kolkata,2022-01-17,23.0,13.4,18.1,0.0,48,sunny
Kolkata,2022-01-18,24.2,13.9,17.0,9.4,60,cloudy
Kolkata,2022-01-19,24.7,14.6,19.4,0.0,32,partly_cloudy
Kolkata,2022-01-20,22.3,11.7,17.9,0.0,49,partly_cloudy
Kolkata,2022-01-21,24.0,11.2,17.9,0.0,57,sunny
Kolkata,2022-01-22,22.8,15.2,19.1,0.0,61,partly_cloudy
Kolkata,2022-01-23,24.4,12.9,18.8,0.0,38,sunny
Kolkata,2022-01-24,24.0,11.8,17.9,9.4,39,cloudy
Kolkata,2022-01-25,25.7,13.3,20.4,0.0,30,partly_cloudy
Kolkata,2022-01-26,23.0,16.2,19.6,1.6,44,cloudy
Kolkata,2022-01-27,26.3,14.0,19.7,8.4,67,sunny
Kolkata,2022-01-28,22.7,12.7,18.8,0.0,55,sunny
Kolkata,2022-01-29,23.9,14.9,19.9,0.0,70,sunny
Kolkata,2022-01-30,26.9,16.0,19.7,0.0,34,sunny
Kolkata,2022-01-31,25.6,15.5,19.2,0.0,38,partly_cloudy
Kolkata,2022-02-01,24.8,13.4,20.2,0.0,67,cloudy
Kolkata,2022-02-02,23.8,11.6,17.3,0.0,61,cloudy
Kolkata,2022-02-03,24.3,16.1,19.9,0.0,50,partly_cloudy
Kolkata,2022-02-04,23.2,15.6,19.7,0.4,69,cloudy
Kolkata,2022-02-05,23.5,12.3,18.2,0.0,63,sunny
Kolkata,2022-02-06,25.0,17.0,20.8,0.2,60,sunny
Kolkata,2022-02-07,25.1,11.8,19.0,0.0,41,cloudy
Kolkata,2022-02-08,21.6,12.0,17.9,0.0,62,cloudy
Kolkata,2022-02-09,23.8,14.1,18.0,0.0,34,cloudy
Kolkata,2022-02-10,26.1,15.1,20.7,0.0,45,sunny
Kolkata,2022-02-11,25.9,11.7,18.5,0.0,47,partly_cloudy
Kolkata,2022-02-12,25.3,15.5,19.5,0.0,48,cloudy
Kolkata,2022-02-13,28.7,14.2,20.9,0.0,48,partly_cloudy
Kolkata,2022-02-14,26.1,14.5,19.5,0.0,56,sunny
Kolkata,2022-02-15,25.5,16.0,19.5,0.0,56,sunny
Kolkata,2022-02-16,23.4,10.0,17.9,6.0,46,partly_cloudy
Kolkata,2022-02-17,26.2,14.5,19.2,0.0,46,cloudy
Kolkata,2022-02-18,24.2,13.3,18.6,0.0,35,sunny
Kolkata,2022-02-19,23.9,13.8,18.5,0.0,68,sunny
Kolkata,2022-02-20,25.6,15.1,20.2,0.0,56,partly_cloudy
Kolkata,2022-02-21,23.7,11.7,18.3,0.0,67,partly_cloudy
Kolkata,2022-02-22,25.2,14.7,20.4,2.7,46,cloudy
Kolkata,2022-02-23,21.6,14.4,18.5,0.0,68,cloudy
Kolkata,2022-02-24,25.1,17.4,20.9,0.0,54,sunny
Kolkata,2022-02-25,25.0,14.6,18.4,9.5,70,sunny
Kolkata,2022-02-26,24.3,12.7,17.3,0.0,68,sunny
Kolkata,2022-02-27,28.5,17.5,20.6,0.0,49,sunny
Kolkata,2022-02-28,27.5,14.9,19.5,0.0,58,sunny
Kolkata,2022-03-01,40.4,25.9,32.6,0.0,33,partly_cloudy
Kolkata,2022-03-02,37.1,26.9,31.7,0.0,50,partly_cloudy
Kolkata,2022-03-03,37.4,28.4,32.0,0.0,45,sunny
Kolkata,2022-03-04,38.4,27.3,31.9,0.0,43,partly_cloudy
Kolkata,2022-03-05,38.6,28.7,34.6,0.0,51,cloudy
Kolkata,2022-03-06,35.6,27.4,31.2,0.0,63,cloudy
Kolkata,2022-03-07,42.2,30.7,35.6,0.0,67,sunny
Kolkata,2022-03-08,41.7,27.2,33.8,0.0,35,partly_cloudy
Kolkata,2022-03-09,40.3,28.5,32.7,0.0,59,partly_cloudy
Kolkata,2022-03-10,40.9,30.7,35.6,0.0,63,partly_cloudy
Kolkata,2022-03-11,40.5,29.0,32.6,0.0,51,cloudy
Kolkata,2022-03-12,41.0,31.5,35.2,0.0,64,partly_cloudy
Kolkata,2022-03-13,41.0,27.8,33.7,0.0,48,cloudy
Kolkata,2022-03-14,39.6,27.7,34.5,2.5,65,partly_cloudy
Kolkata,2022-03-15,42.4,28.6,35.1,0.0,53,partly_cloudy
Kolkata,2022-03-16,36.2,28.6,33.1,0.0,37,partly_cloudy
Kolkata,2022-03-17,38.2,26.1,33.7,0.0,70,cloudy
Kolkata,2022-03-18,37.5,27.4,32.0,0.0,33,cloudy
Kolkata,2022-03-19,39.0,28.7,32.1,0.0,52,sunny
Kolkata,2022-03-20,36.9,29.1,33.0,0.0,58,cloudy
Kolkata,2022-03-21,36.8,29.1,33.6,4.9,69,partly_cloudy
Kolkata,2022-03-22,35.7,23.8,30.8,0.0,50,sunny
Kolkata,2022-03-23,36.3,27.7,32.6,0.0,37,sunny
Kolkata,2022-03-24,33.9,24.7,30.3,0.0,33,cloudy
Kolkata,2022-03-25,38.3,27.1,32.9,0.0,37,partly_cloudy
Kolkata,2022-03-26,36.6,27.4,30.5,0.0,68,partly_cloudy
Kolkata,2022-03-27,39.8,26.8,32.7,0.0,30,partly_cloudy
Kolkata,2022-03-28,36.8,27.5,31.7,0.0,57,sunny
Kolkata,2022-03-29,39.3,30.1,34.1,0.0,63,sunny
Kolkata,2022-03-30,35.2,27.1,31.4,0.0,60,sunny
Kolkata,2022-03-31,37.3,29.3,33.3,4.5,60,partly_cloudy
Kolkata,2022-04-01,39.4,31.7,35.8,0.0,34,sunny
Kolkata,2022-04-02,38.9,26.7,34.4,0.0,58,sunny
Kolkata,2022-04-03,37.7,27.0,32.7,0.0,34,cloudy
Kolkata,2022-04-04,41.4,27.2,35.0,0.0,57,sunny
Kolkata,2022-04-05,36.3,25.1,30.9,0.0,36,cloudy
Kolkata,2022-04-06,37.3,23.4,30.2,3.1,30,cloudy
Kolkata,2022-04-07,39.5,31.6,35.7,0.0,50,cloudy
Kolkata,2022-04-08,37.1,26.2,31.5,0.0,36,cloudy
Kolkata,2022-04-09,39.3,31.1,34.4,0.0,53,partly_cloudy
Kolkata,2022-04-10,33.4,26.9,30.2,0.0,68,cloudy
Kolkata,2022-04-11,36.3,24.8,32.5,0.0,39,partly_cloudy
Kolkata,2022-04-12,37.4,24.0,31.2,0.0,37,sunny
Kolkata,2022-04-13,38.9,31.4,34.5,0.0,33,cloudy
Kolkata,2022-04-14,40.5,32.6,36.0,0.0,39,cloudy
Kolkata,2022-04-15,42.3,31.1,35.1,0.0,49,partly_cloudy
Kolkata,2022-04-16,40.1,32.0,35.6,0.0,47,cloudy
Kolkata,2022-04-17,38.2,24.8,31.1,0.0,48,partly_cloudy
Kolkata,2022-04-18,37.8,25.7,30.7,0.0,43,cloudy
Kolkata,2022-04-19,37.7,28.5,33.2,9.0,58,sunny
Kolkata,2022-04-20,37.8,28.7,33.8,7.7,36,partly_cloudy
Kolkata,2022-04-21,36.4,24.3,31.7,0.0,33,sunny
Kolkata,2022-04-22,43.8,31.4,35.8,0.0,38,cloudy
Kolkata,2022-04-23,38.1,26.7,33.3,0.0,38,partly_cloudy
Kolkata,2022-04-24,33.9,23.2,30.2,0.0,47,partly_cloudy
Kolkata,2022-04-25,35.7,28.6,32.6,6.1,43,sunny
Kolkata,2022-04-26,34.1,23.0,30.6,3.5,47,partly_cloudy
Kolkata,2022-04-27,39.8,26.0,32.5,0.0,54,sunny
Kolkata,2022-04-28,38.2,29.5,34.9,0.0,48,sunny
Kolkata,2022-04-29,36.6,25.5,31.7,0.0,64,cloudy
Kolkata,2022-04-30,34.5,22.4,30.4,0.0,39,cloudy
Kolkata,2022-05-01,38.5,30.6,35.3,0.0,31,partly_cloudy
Kolkata,2022-05-02,39.2,25.8,31.5,0.0,45,partly_cloudy
Kolkata,2022-05-03,36.5,25.1,31.2,0.0,42,partly_cloudy
Kolkata,2022-05-04,41.4,30.3,35.9,0.0,53,partly_cloudy
Kolkata,2022-05-05,41.3,28.4,34.1,0.0,37,cloudy
Kolkata,2022-05-06,39.3,25.3,33.1,0.0,39,partly_cloudy
Kolkata,2022-05-07,38.2,27.0,31.1,0.0,53,partly_cloudy
Kolkata,2022-05-08,39.0,27.2,34.3,0.0,33,partly_cloudy
Kolkata,2022-05-09,40.0,30.6,34.2,0.0,38,cloudy
Kolkata,2022-05-10,43.1,29.4,35.4,7.8,63,sunny
Kolkata,2022-05-11,41.2,31.1,35.5,0.0,68,cloudy
Kolkata,2022-05-12,38.8,29.1,35.3,0.0,66,cloudy
Kolkata,2022-05-13,37.2,29.1,32.9,4.1,59,partly_cloudy
Kolkata,2022-05-14,40.8,29.9,33.7,0.0,61,cloudy
Kolkata,2022-05-15,37.6,24.7,32.0,0.0,45,partly_cloudy
Kolkata,2022-05-16,38.5,29.6,34.3,0.0,40,sunny
Kolkata,2022-05-17,36.6,24.6,32.4,0.0,35,cloudy
Kolkata,2022-05-18,38.9,27.6,33.2,0.0,50,cloudy
Kolkata,2022-05-19,37.3,29.3,33.0,0.0,38,sunny
Kolkata,2022-05-20,37.5,26.5,30.4,0.0,57,partly_cloudy
Kolkata,2022-05-21,38.1,23.9,31.7,0.0,51,partly_cloudy
Kolkata,2022-05-22,41.6,30.3,33.9,0.0,55,partly_cloudy
Kolkata,2022-05-23,33.8,25.0,30.4,0.0,39,cloudy
Kolkata,2022-05-24,37.1,25.2,33.0,0.0,60,sunny
Kolkata,2022-05-25,35.0,25.4,30.1,0.0,70,partly_cloudy
Kolkata,2022-05-26,36.7,27.7,33.2,0.0,57,sunny
Kolkata,2022-05-27,37.6,25.1,31.1,0.0,66,cloudy
Kolkata,2022-05-28,41.1,30.7,34.4,0.0,54,sunny
Kolkata,2022-05-29,40.0,24.7,32.1,0.0,70,partly_cloudy
Kolkata,2022-05-30,40.4,28.3,33.5,0.0,31,partly_cloudy
Kolkata,2022-05-31,37.3,25.2,30.6,0.0,55,sunny
Kolkata,2022-06-01,29.9,20.0,23.2,7.8,77,rainy
Kolkata,2022-06-02,31.7,20.7,26.9,33.0,40,rainy
Kolkata,2022-06-03,34.8,24.7,27.7,0.0,41,sunny
Kolkata,2022-06-04,35.0,21.7,27.6,7.7,90,rainy
Kolkata,2022-06-05,30.3,19.1,23.9,0.0,85,sunny
Kolkata,2022-06-06,31.7,16.5,23.7,0.0,93,cloudy
Kolkata,2022-06-07,32.8,20.1,24.8,32.0,79,rainy
Kolkata,2022-06-08,32.6,21.5,25.6,28.6,84,rainy
Kolkata,2022-06-09,31.6,21.4,27.3,37.7,58,rainy
Kolkata,2022-06-10,29.4,21.7,25.1,24.5,56,rainy
Kolkata,2022-06-11,30.2,18.0,24.7,0.0,72,sunny
Kolkata,2022-06-12,32.1,21.2,24.7,34.3,61,rainy
Kolkata,2022-06-13,32.8,21.7,25.5,0.0,94,sunny
Kolkata,2022-06-14,30.1,18.7,26.4,29.2,77,rainy
Kolkata,2022-06-15,30.4,18.1,23.3,0.0,86,sunny
Kolkata,2022-06-16,30.2,17.4,24.4,6.1,49,rainy
Kolkata,2022-06-17,33.4,22.1,26.8,42.9,74,rainy
Kolkata,2022-06-18,29.8,21.9,25.4,0.0,54,cloudy
Kolkata,2022-06-19,28.8,16.4,22.1,45.4,66,rainy
Kolkata,2022-06-20,33.5,20.6,27.8,35.3,64,rainy
Kolkata,2022-06-21,27.2,15.3,22.4,0.0,72,sunny
Kolkata,2022-06-22,30.2,21.4,26.1,16.3,63,rainy
Kolkata,2022-06-23,33.8,21.4,26.2,27.8,57,rainy
Kolkata,2022-06-24,26.3,18.6,22.2,0.0,59,sunny
Kolkata,2022-06-25,27.8,15.2,22.2,34.5,43,rainy
Kolkata,2022-06-26,29.7,16.8,23.9,16.6,85,rainy
Kolkata,2022-06-27,29.9,19.8,26.6,0.0,78,sunny
Kolkata,2022-06-28,31.0,19.1,23.5,0.0,87,cloudy
Kolkata,2022-06-29,25.8,17.0,22.1,0.0,83,sunny
Kolkata,2022-06-30,32.5,20.3,26.0,0.0,60,sunny
Kolkata,2022-07-01,28.5,15.8,22.5,0.0,50,cloudy
Kolkata,2022-07-02,31.0,17.7,25.6,5.3,69,rainy
Kolkata,2022-07-03,30.9,21.0,27.2,43.6,73,rainy
Kolkata,2022-07-04,27.8,20.6,24.6,45.1,63,rainy
Kolkata,2022-07-05,30.5,15.9,23.1,29.2,56,rainy
Kolkata,2022-07-06,32.0,19.5,26.8,0.0,44,sunny
Kolkata,2022-07-07,32.8,23.5,27.6,0.0,43,cloudy
Kolkata,2022-07-08,29.1,14.9,22.6,16.4,48,rainy
Kolkata,2022-07-09,30.0,19.0,25.4,21.7,64,rainy
Kolkata,2022-07-10,32.0,23.1,26.3,23.8,54,rainy
Kolkata,2022-07-11,31.3,19.8,26.9,36.5,47,rainy
Kolkata,2022-07-12,28.5,18.1,24.8,0.0,43,sunny
Kolkata,2022-07-13,31.3,22.3,27.5,17.7,62,rainy
Kolkata,2022-07-14,26.1,19.7,22.8,0.0,86,cloudy
Kolkata,2022-07-15,26.1,17.1,22.7,22.6,60,rainy
Kolkata,2022-07-16,34.0,22.5,26.9,10.7,79,rainy
Kolkata,2022-07-17,27.6,21.2,24.6,21.2,88,rainy
Kolkata,2022-07-18,32.3,18.2,25.9,32.5,51,rainy
Kolkata,2022-07-19,32.8,23.5,27.7,0.0,59,cloudy
Kolkata,2022-07-20,30.6,19.2,24.0,0.0,71,cloudy
Kolkata,2022-07-21,27.0,19.6,24.0,10.9,70,rainy
Kolkata,2022-07-22,30.2,16.5,24.0,0.0,55,cloudy
Kolkata,2022-07-23,31.1,22.0,25.7,0.0,57,sunny
Kolkata,2022-07-24,31.7,17.4,24.6,37.0,56,rainy
Kolkata,2022-07-25,28.0,19.4,23.6,0.0,90,sunny
Kolkata,2022-07-26,33.2,21.7,25.3,0.0,88,sunny
Kolkata,2022-07-27,33.6,22.7,27.2,0.0,83,cloudy
Kolkata,2022-07-28,30.9,19.1,24.9,0.0,87,sunny
Kolkata,2022-07-29,28.6,19.6,24.7,14.8,46,rainy
Kolkata,2022-07-30,29.1,19.7,25.3,15.2,59,rainy
Kolkata,2022-07-31,28.5,17.8,25.3,26.0,74,rainy
Kolkata,2022-08-01,28.4,15.8,23.7,0.0,44,cloudy
Kolkata,2022-08-02,30.8,21.1,26.1,20.7,62,rainy
Kolkata,2022-08-03,29.8,18.3,23.2,34.3,94,rainy
Kolkata,2022-08-04,30.8,19.6,24.9,7.0,41,rainy
Kolkata,2022-08-05,27.8,19.4,23.8,18.0,50,rainy
Kolkata,2022-08-06,29.5,15.4,23.1,44.4,92,rainy
Kolkata,2022-08-07,29.7,18.9,24.0,0.0,43,sunny
Kolkata,2022-08-08,32.6,20.3,24.6,14.9,40,rainy
Kolkata,2022-08-09,30.3,19.6,22.8,0.0,47,sunny
Kolkata,2022-08-10,31.5,20.3,25.0,37.0,89,rainy
Kolkata,2022-08-11,34.1,23.5,27.1,0.0,50,cloudy
Kolkata,2022-08-12,31.6,22.1,27.0,39.6,52,rainy
Kolkata,2022-08-13,28.2,18.8,25.1,0.0,51,sunny
Kolkata,2022-08-14,32.8,20.9,25.1,0.0,90,cloudy
Kolkata,2022-08-15,31.4,20.3,27.2,13.1,45,rainy
Kolkata,2022-08-16,30.3,15.6,23.6,0.0,87,sunny
Kolkata,2022-08-17,34.9,24.0,27.5,0.0,48,cloudy
Kolkata,2022-08-18,26.8,17.4,23.4,23.6,86,rainy
Kolkata,2022-08-19,30.0,19.8,23.2,0.0,75,cloudy
Kolkata,2022-08-20,28.1,20.0,25.0,42.0,86,rainy
Kolkata,2022-08-21,31.0,21.6,25.6,34.8,91,rainy
Kolkata,2022-08-22,32.9,21.7,26.3,0.0,58,cloudy
Kolkata,2022-08-23,28.0,15.1,23.0,36.9,64,rainy
Kolkata,2022-08-24,29.8,19.4,24.4,8.3,84,rainy
Kolkata,2022-08-25,29.6,17.5,22.1,0.0,86,cloudy
Kolkata,2022-08-26,29.6,18.4,22.8,0.0,50,cloudy
Kolkata,2022-08-27,31.4,21.6,26.0,13.5,68,rainy
Kolkata,2022-08-28,33.0,20.5,27.5,39.0,95,rainy
Kolkata,2022-08-29,30.8,19.3,26.1,17.2,93,rainy
Kolkata,2022-08-30,28.8,19.7,23.4,14.2,60,rainy
Kolkata,2022-08-31,30.6,22.3,25.9,10.8,55,rainy
Kolkata,2022-09-01,26.8,14.6,22.0,43.1,70,rainy
Kolkata,2022-09-02,30.0,17.5,23.9,27.6,40,rainy
Kolkata,2022-09-03,26.8,17.3,22.8,5.2,75,rainy
Kolkata,2022-09-04,28.8,19.9,25.2,16.1,46,rainy
Kolkata,2022-09-05,29.9,22.5,26.7,17.3,87,rainy
Kolkata,2022-09-06,30.4,15.6,22.7,34.7,48,rainy
Kolkata,2022-09-07,29.1,15.2,23.0,10.6,67,rainy
Kolkata,2022-09-08,27.3,16.0,24.0,0.0,75,sunny
Kolkata,2022-09-09,32.6,22.9,27.7,0.0,44,sunny
Kolkata,2022-09-10,32.6,20.9,26.2,43.5,79,rainy
Kolkata,2022-09-11,33.4,22.3,27.7,35.3,69,rainy
Kolkata,2022-09-12,30.0,18.5,23.1,17.7,40,rainy
Kolkata,2022-09-13,28.3,16.2,22.7,30.6,60,rainy
Kolkata,2022-09-14,28.4,15.9,23.4,0.0,60,cloudy
Kolkata,2022-09-15,33.9,24.1,27.2,0.0,56,cloudy
Kolkata,2022-09-16,33.8,22.5,26.3,0.0,84,cloudy
Kolkata,2022-09-17,32.2,21.4,28.0,0.0,73,sunny
Kolkata,2022-09-18,30.4,19.0,26.9,36.3,71,rainy
Kolkata,2022-09-19,33.4,22.3,25.9,23.9,48,rainy
Kolkata,2022-09-20,27.8,19.3,24.2,44.0,84,rainy
Kolkata,2022-09-21,29.0,22.2,25.6,0.0,87,cloudy
Kolkata,2022-09-22,31.9,18.7,25.1,6.9,67,rainy
Kolkata,2022-09-23,30.7,21.5,26.5,8.9,45,rainy
Kolkata,2022-09-24,29.2,15.2,23.2,14.9,73,rainy
Kolkata,2022-09-25,30.0,16.6,22.9,26.4,66,rainy
Kolkata,2022-09-26,27.1,17.8,23.4,9.6,81,rainy
Kolkata,2022-09-27,26.9,19.6,23.0,0.0,83,sunny
Kolkata,2022-09-28,30.2,18.9,23.8,30.7,86,rainy
Kolkata,2022-09-29,26.8,20.3,23.6,0.0,42,sunny
Kolkata,2022-09-30,30.4,19.8,25.5,0.0,67,cloudy
Kolkata,2022-10-01,33.5,24.4,28.4,0.0,37,partly_cloudy
Kolkata,2022-10-02,29.9,19.1,26.3,0.0,34,partly_cloudy
Kolkata,2022-10-03,30.4,19.5,27.0,0.0,66,sunny
Kolkata,2022-10-04,30.8,21.0,25.3,0.0,37,sunny
Kolkata,2022-10-05,34.5,24.6,27.7,0.0,63,cloudy
Kolkata,2022-10-06,29.0,20.0,25.2,0.0,68,sunny
Kolkata,2022-10-07,33.8,21.2,27.2,0.0,32,sunny
Kolkata,2022-10-08,35.1,20.6,28.3,0.0,68,sunny
Kolkata,2022-10-09,32.4,22.9,28.3,0.0,34,partly_cloudy
Kolkata,2022-10-10,31.0,19.3,26.9,0.0,39,cloudy
Kolkata,2022-10-11,30.9,22.2,26.0,0.0,34,cloudy
Kolkata,2022-10-12,29.4,18.0,25.9,0.0,58,cloudy
Kolkata,2022-10-13,34.7,19.8,27.5,0.0,42,partly_cloudy
Kolkata,2022-10-14,31.8,20.4,25.2,0.0,42,cloudy
Kolkata,2022-10-15,29.8,18.6,25.6,0.0,57,sunny
Kolkata,2022-10-16,30.6,17.7,25.1,0.0,70,partly_cloudy
Kolkata,2022-10-17,30.9,19.7,27.5,0.0,66,partly_cloudy
Kolkata,2022-10-18,36.5,24.1,28.9,0.0,53,sunny
Kolkata,2022-10-19,31.4,24.0,28.2,0.0,39,cloudy
Kolkata,2022-10-20,32.7,22.2,27.9,0.0,52,partly_cloudy
Kolkata,2022-10-21,31.8,23.9,28.5,0.0,39,cloudy
Kolkata,2022-10-22,29.5,19.5,25.5,0.0,47,partly_cloudy
Kolkata,2022-10-23,32.2,21.5,27.0,0.0,60,sunny
Kolkata,2022-10-24,34.0,22.8,27.4,0.0,47,partly_cloudy
Kolkata,2022-10-25,32.1,22.7,26.2,5.9,69,partly_cloudy
Kolkata,2022-10-26,32.2,23.2,28.6,0.0,53,cloudy
Kolkata,2022-10-27,28.9,20.6,25.2,0.0,70,sunny
Kolkata,2022-10-28,32.0,21.7,25.5,0.0,55,cloudy
Kolkata,2022-10-29,29.5,22.7,26.0,0.0,48,sunny
Kolkata,2022-10-30,31.8,19.6,26.8,0.0,65,cloudy
Kolkata,2022-10-31,31.5,21.9,27.8,0.0,66,partly_cloudy
Kolkata,2022-11-01,34.3,23.0,28.8,0.0,33,sunny
Kolkata,2022-11-02,31.1,22.2,27.9,0.0,48,cloudy
Kolkata,2022-11-03,31.6,21.3,28.4,0.0,55,partly_cloudy
Kolkata,2022-11-04,31.3,21.2,25.5,0.0,44,partly_cloudy
Kolkata,2022-11-05,31.9,22.1,27.3,0.0,32,sunny
Kolkata,2022-11-06,33.6,18.1,25.8,3.8,38,partly_cloudy
Kolkata,2022-11-07,36.5,21.1,28.6,0.0,64,partly_cloudy
Kolkata,2022-11-08,33.0,23.3,27.5,0.0,53,partly_cloudy
Kolkata,2022-11-09,33.8,24.6,27.8,7.1,33,partly_cloudy
Kolkata,2022-11-10,35.7,24.7,28.5,0.0,43,partly_cloudy
Kolkata,2022-11-11,30.5,21.6,26.7,0.0,52,cloudy
Kolkata,2022-11-12,31.5,18.1,25.4,0.0,39,cloudy
Kolkata,2022-11-13,35.0,25.1,28.2,0.0,44,partly_cloudy
Kolkata,2022-11-14,30.0,19.2,26.2,0.0,34,sunny
Kolkata,2022-11-15,33.6,21.1,27.2,0.0,33,cloudy
Kolkata,2022-11-16,30.6,21.2,26.3,0.0,41,sunny
Kolkata,2022-11-17,34.7,24.5,28.7,0.0,61,cloudy
Kolkata,2022-11-18,31.7,20.1,27.6,0.0,34,partly_cloudy
Kolkata,2022-11-19,32.4,22.8,26.9,0.0,63,partly_cloudy
Kolkata,2022-11-20,34.9,23.2,27.9,0.0,44,cloudy
Kolkata,2022-11-21,33.9,21.9,27.7,0.0,41,cloudy
Kolkata,2022-11-22,33.1,21.8,27.0,0.0,43,sunny
Kolkata,2022-11-23,32.8,23.3,28.8,0.0,70,sunny
Kolkata,2022-11-24,33.8,24.3,27.9,7.9,57,partly_cloudy
Kolkata,2022-11-25,32.3,20.0,26.2,0.0,54,cloudy
Kolkata,2022-11-26,34.0,21.9,27.0,0.0,56,partly_cloudy
Kolkata,2022-11-27,34.4,22.6,27.2,0.0,69,partly_cloudy
Kolkata,2022-11-28,32.1,22.9,27.0,0.0,58,partly_cloudy
Kolkata,2022-11-29,31.8,22.1,26.9,0.0,64,sunny
Kolkata,2022-11-30,32.2,22.8,27.0,0.0,51,cloudy
Kolkata,2022-12-01,22.9,12.5,19.1,0.0,64,sunny
Kolkata,2022-12-02,22.2,11.1,17.0,0.0,37,cloudy
Kolkata,2022-12-03,26.4,14.5,18.8,0.8,40,partly_cloudy
Kolkata,2022-12-04,22.2,14.8,18.2,0.0,40,sunny
Kolkata,2022-12-05,20.9,9.7,17.2,0.0,37,sunny
Kolkata,2022-12-06,21.6,11.3,17.5,1.4,47,sunny
Kolkata,2022-12-07,21.6,12.5,18.1,0.0,63,cloudy
Kolkata,2022-12-08,26.1,12.4,20.4,1.8,32,cloudy
Kolkata,2022-12-09,24.7,15.7,19.2,0.0,63,partly_cloudy
Kolkata,2022-12-10,26.9,11.7,19.5,0.0,51,cloudy
Kolkata,2022-12-11,20.4,11.9,17.4,0.0,42,cloudy
Kolkata,2022-12-12,28.0,17.4,21.0,0.0,35,sunny
Kolkata,2022-12-13,23.3,10.6,18.0,0.0,69,partly_cloudy
Kolkata,2022-12-14,25.5,10.8,18.0,2.8,66,sunny
Kolkata,2022-12-15,21.7,14.0,18.6,0.0,60,sunny
Kolkata,2022-12-16,23.0,16.0,19.5,0.0,58,sunny
Kolkata,2022-12-17,23.4,9.9,17.9,0.0,70,partly_cloudy
Kolkata,2022-12-18,24.6,15.6,19.7,0.0,45,partly_cloudy
Kolkata,2022-12-19,26.7,16.8,20.6,0.0,47,partly_cloudy
Kolkata,2022-12-20,23.0,16.9,19.9,0.0,58,cloudy
Kolkata,2022-12-21,23.3,10.2,17.0,0.0,52,cloudy
Kolkata,2022-12-22,22.5,13.9,17.9,0.0,51,sunny
Kolkata,2022-12-23,22.4,14.0,17.5,0.0,45,partly_cloudy
Kolkata,2022-12-24,25.7,11.3,18.0,5.2,65,partly_cloudy
Kolkata,2022-12-25,24.4,13.0,20.3,0.0,68,cloudy
Kolkata,2022-12-26,25.4,14.9,18.0,0.0,67,sunny
Kolkata,2022-12-27,24.5,10.6,17.6,0.0,37,cloudy
Kolkata,2022-12-28,27.6,14.9,20.0,0.0,55,sunny
Kolkata,2022-12-29,25.9,11.3,18.1,0.0,60,sunny
Kolkata,2022-12-30,23.9,13.2,19.7,0.0,62,sunny
Kolkata,2022-12-31,23.3,11.8,18.8,0.0,69,cloudy
Kolkata,2023-01-01,24.5,13.2,20.7,0.0,60,cloudy
Kolkata,2023-01-02,23.2,12.4,18.8,0.0,57,sunny
Kolkata,2023-01-03,24.4,14.2,20.2,4.9,41,sunny
Kolkata,2023-01-04,25.6,14.2,20.5,0.0,45,cloudy
Kolkata,2023-01-05,23.3,15.6,20.3,0.0,51,partly_cloudy
Kolkata,2023-01-06,21.3,10.9,17.0,0.0,44,cloudy
Kolkata,2023-01-07,24.4,11.8,17.3,0.0,43,cloudy
Kolkata,2023-01-08,22.8,11.6,18.3,0.0,52,sunny
Kolkata,2023-01-09,24.9,12.6,17.4,0.0,32,cloudy
Kolkata,2023-01-10,24.2,13.5,18.0,0.0,54,sunny
Kolkata,2023-01-11,22.9,10.8,18.7,2.6,55,sunny
Kolkata,2023-01-12,25.2,10.6,17.6,0.0,56,partly_cloudy
Kolkata,2023-01-13,21.6,10.6,17.1,3.9,48,partly_cloudy
Kolkata,2023-01-14,24.3,15.1,19.6,0.0,65,sunny
Kolkata,2023-01-15,22.2,12.1,17.2,0.0,34,sunny
Kolkata,2023-01-16,23.6,15.0,20.4,0.0,69,sunny
Kolkata,2023-01-17,25.2,13.6,17.3,0.0,37,sunny
Kolkata,2023-01-18,24.8,12.5,18.2,0.0,66,sunny
Kolkata,2023-01-19,27.4,14.9,20.1,0.0,61,partly_cloudy
Kolkata,2023-01-20,24.4,13.1,19.1,0.0,55,sunny
Kolkata,2023-01-21,25.8,10.7,17.9,0.0,35,sunny
Kolkata,2023-01-22,23.7,12.5,19.2,0.0,64,sunny
Kolkata,2023-01-23,22.5,9.6,17.5,0.0,55,cloudy
Kolkata,2023-01-24,24.1,14.6,18.2,0.0,34,partly_cloudy
Kolkata,2023-01-25,24.3,12.5,17.6,0.0,30,cloudy
Kolkata,2023-01-26,24.0,14.4,18.2,0.0,50,cloudy
Kolkata,2023-01-27,26.6,12.2,19.5,0.0,43,cloudy
Kolkata,2023-01-28,24.9,11.4,17.7,5.0,45,partly_cloudy
Kolkata,2023-01-29,24.3,14.1,18.5,7.6,57,cloudy
Kolkata,2023-01-30,26.5,16.2,19.5,0.0,70,cloudy
Kolkata,2023-01-31,25.6,13.0,18.5,0.0,44,cloudy
Kolkata,2023-02-01,22.6,14.7,18.8,0.0,58,cloudy
Kolkata,2023-02-02,26.4,14.7,19.5,0.0,49,partly_cloudy
Kolkata,2023-02-03,25.3,12.4,19.5,0.0,43,partly_cloudy
Kolkata,2023-02-04,26.1,15.6,20.2,0.0,42,cloudy
Kolkata,2023-02-05,23.5,15.2,18.5,7.7,59,sunny
Kolkata,2023-02-06,25.5,11.5,18.3,0.0,57,sunny
Kolkata,2023-02-07,26.0,12.8,19.7,0.0,40,partly_cloudy
Kolkata,2023-02-08,21.9,10.3,18.1,0.0,31,cloudy
Kolkata,2023-02-09,20.5,13.6,17.1,0.0,32,partly_cloudy
Kolkata,2023-02-10,26.1,11.5,18.8,0.0,54,partly_cloudy
Kolkata,2023-02-11,25.4,13.8,19.0,0.0,59,sunny
Kolkata,2023-02-12,28.2,15.1,20.5,0.0,31,sunny
Kolkata,2023-02-13,23.7,12.0,18.9,0.0,44,partly_cloudy
Kolkata,2023-02-14,23.6,13.8,20.1,0.0,65,sunny
Kolkata,2023-02-15,26.6,13.9,20.2,0.0,69,cloudy
Kolkata,2023-02-16,24.3,10.8,18.0,4.0,70,partly_cloudy
Kolkata,2023-02-17,27.8,17.3,20.4,0.0,64,partly_cloudy
Kolkata,2023-02-18,23.6,12.7,17.6,0.0,58,partly_cloudy
Kolkata,2023-02-19,22.3,12.0,19.0,0.0,32,sunny
Kolkata,2023-02-20,24.5,12.4,19.9,0.0,65,cloudy
Kolkata,2023-02-21,23.7,13.3,19.8,0.0,46,partly_cloudy
Kolkata,2023-02-22,25.4,14.5,19.6,0.0,60,cloudy
Kolkata,2023-02-23,23.5,11.4,18.5,0.0,31,cloudy
Kolkata,2023-02-24,23.8,12.6,18.9,0.0,58,cloudy
Kolkata,2023-02-25,27.6,16.5,20.3,0.0,37,sunny
Kolkata,2023-02-26,24.7,14.8,20.3,0.0,40,sunny
Kolkata,2023-02-27,22.9,10.8,17.7,0.0,51,partly_cloudy
Kolkata,2023-02-28,23.3,12.2,17.6,0.0,47,sunny
Kolkata,2023-03-01,40.2,26.6,33.3,0.0,59,partly_cloudy
Kolkata,2023-03-02,38.2,26.2,31.9,0.0,41,sunny
Kolkata,2023-03-03,37.3,22.7,30.1,0.0,59,cloudy
Kolkata,2023-03-04,38.2,27.5,33.4,8.9,54,partly_cloudy
Kolkata,2023-03-05,38.5,26.2,30.6,0.0,58,cloudy
Kolkata,2023-03-06,35.0,25.9,31.1,0.0,43,cloudy
Kolkata,2023-03-07,35.3,27.8,32.1,2.1,51,sunny
Kolkata,2023-03-08,41.7,30.6,33.7,0.0,62,partly_cloudy
Kolkata,2023-03-09,40.1,30.3,34.8,0.0,49,partly_cloudy
Kolkata,2023-03-10,39.0,28.1,32.5,0.0,69,partly_cloudy
Kolkata,2023-03-11,36.9,26.4,30.6,0.0,33,sunny
Kolkata,2023-03-12,37.0,23.6,30.2,0.0,62,sunny
Kolkata,2023-03-13,37.8,25.1,32.2,0.0,65,sunny
Kolkata,2023-03-14,40.5,30.1,33.6,0.0,67,cloudy
Kolkata,2023-03-15,38.4,30.4,33.9,0.0,69,cloudy
Kolkata,2023-03-16,40.7,29.6,33.4,0.0,39,sunny
Kolkata,2023-03-17,38.4,29.8,34.2,0.0,59,sunny
Kolkata,2023-03-18,38.0,26.6,32.5,2.7,41,cloudy
Kolkata,2023-03-19,43.8,29.2,35.9,0.0,30,partly_cloudy
Kolkata,2023-03-20,40.1,31.0,35.8,0.0,52,sunny
Kolkata,2023-03-21,41.7,30.1,35.6,0.0,63,partly_cloudy
Kolkata,2023-03-22,42.5,31.5,35.2,0.0,34,sunny
Kolkata,2023-03-23,36.5,23.5,31.2,0.0,41,sunny
Kolkata,2023-03-24,37.6,26.1,33.9,0.0,33,cloudy
Kolkata,2023-03-25,37.5,24.5,32.4,0.0,37,sunny
Kolkata,2023-03-26,38.3,28.5,33.4,0.0,50,cloudy
Kolkata,2023-03-27,38.9,30.7,34.7,0.0,33,sunny
Kolkata,2023-03-28,38.2,27.2,34.0,0.0,53,sunny
Kolkata,2023-03-29,42.0,30.3,34.9,0.0,49,sunny
Kolkata,2023-03-30,38.3,25.7,32.4,0.0,68,partly_cloudy
Kolkata,2023-03-31,37.4,27.4,30.9,0.0,55,partly_cloudy
Kolkata,2023-04-01,39.3,31.1,36.0,0.0,40,cloudy
Kolkata,2023-04-02,43.3,29.4,35.6,0.0,69,partly_cloudy
Kolkata,2023-04-03,36.1,26.1,32.5,0.0,60,cloudy
Kolkata,2023-04-04,40.6,29.5,34.7,8.1,35,partly_cloudy
Kolkata,2023-04-05,34.5,26.6,30.3,0.0,38,cloudy
Kolkata,2023-04-06,40.7,27.2,33.5,0.0,63,cloudy
Kolkata,2023-04-07,37.5,28.9,33.5,0.0,45,partly_cloudy
Kolkata,2023-04-08,39.0,26.8,32.7,0.0,45,cloudy
Kolkata,2023-04-09,35.2,25.1,30.4,0.0,67,partly_cloudy
Kolkata,2023-04-10,34.5,23.8,30.5,0.0,30,partly_cloudy
Kolkata,2023-04-11,33.5,27.3,30.4,0.0,47,cloudy
Kolkata,2023-04-12,41.3,28.9,33.3,0.0,55,partly_cloudy
Kolkata,2023-04-13,41.5,30.2,35.8,0.0,62,sunny
Kolkata,2023-04-14,38.5,26.6,34.1,0.0,46,cloudy
Kolkata,2023-04-15,37.4,27.6,32.5,0.0,62,partly_cloudy
Kolkata,2023-04-16,39.9,29.7,33.1,0.0,48,partly_cloudy
Kolkata,2023-04-17,39.0,28.1,31.1,0.0,33,partly_cloudy
Kolkata,2023-04-18,39.5,29.3,33.7,0.0,47,partly_cloudy
Kolkata,2023-04-19,38.4,25.6,32.2,0.0,59,cloudy
Kolkata,2023-04-20,36.3,24.2,31.6,0.0,57,cloudy
Kolkata,2023-04-21,40.4,31.3,34.7,0.0,69,cloudy
Kolkata,2023-04-22,36.4,24.7,30.1,0.0,65,cloudy
Kolkata,2023-04-23,39.4,28.3,33.0,0.9,57,cloudy
Kolkata,2023-04-24,41.2,27.5,35.0,0.0,34,partly_cloudy
Kolkata,2023-04-25,37.5,24.7,32.4,0.0,65,cloudy
Kolkata,2023-04-26,35.3,23.1,30.9,0.0,42,cloudy
Kolkata,2023-04-27,40.8,31.9,35.9,0.0,30,sunny
Kolkata,2023-04-28,35.5,26.1,30.5,0.0,64,cloudy
Kolkata,2023-04-29,39.1,30.2,35.1,0.0,36,partly_cloudy
Kolkata,2023-04-30,39.2,31.1,35.8,0.0,49,partly_cloudy
Kolkata,2023-05-01,37.5,27.0,33.3,0.0,33,partly_cloudy
Kolkata,2023-05-02,38.2,27.8,30.9,0.0,69,sunny
Kolkata,2023-05-03,38.1,27.0,34.7,0.0,54,sunny
Kolkata,2023-05-04,40.9,26.4,33.9,0.0,33,sunny
Kolkata,2023-05-05,43.5,28.2,35.6,1.6,56,sunny
Kolkata,2023-05-06,34.7,27.6,31.5,0.0,66,partly_cloudy
Kolkata,2023-05-07,40.8,28.3,35.8,0.0,41,cloudy
Kolkata,2023-05-08,39.7,27.9,32.6,0.0,35,partly_cloudy
Kolkata,2023-05-09,42.3,29.6,34.9,0.0,59,sunny
Kolkata,2023-05-10,38.2,29.5,32.8,0.0,67,sunny
Kolkata,2023-05-11,35.8,26.8,30.6,0.0,51,partly_cloudy
Kolkata,2023-05-12,38.1,27.6,33.2,0.0,40,sunny
Kolkata,2023-05-13,40.9,30.3,35.6,0.0,66,partly_cloudy
Kolkata,2023-05-14,37.7,24.7,32.6,0.0,42,partly_cloudy
Kolkata,2023-05-15,34.6,25.5,30.9,0.0,65,partly_cloudy
Kolkata,2023-05-16,36.0,25.8,30.4,0.0,31,sunny
Kolkata,2023-05-17,34.3,24.4,30.9,0.0,37,partly_cloudy
Kolkata,2023-05-18,36.6,25.4,32.2,0.0,46,cloudy
Kolkata,2023-05-19,39.5,28.4,34.0,0.0,67,partly_cloudy
Kolkata,2023-05-20,34.5,23.9,31.2,0.0,33,cloudy
Kolkata,2023-05-21,37.3,28.8,32.5,0.0,48,cloudy
Kolkata,2023-05-22,37.7,26.3,32.0,1.1,36,sunny
Kolkata,2023-05-23,39.0,28.7,32.5,0.0,56,sunny
Kolkata,2023-05-24,41.2,31.1,34.1,0.0,45,cloudy
Kolkata,2023-05-25,36.3,26.8,32.7,0.0,69,partly_cloudy
Kolkata,2023-05-26,42.1,28.2,34.4,0.0,36,cloudy
Kolkata,2023-05-27,38.3,25.8,31.2,0.0,48,partly_cloudy
Kolkata,2023-05-28,36.5,28.7,33.2,0.0,30,cloudy
Kolkata,2023-05-29,36.7,28.5,33.3,0.0,54,partly_cloudy
Kolkata,2023-05-30,39.6,27.9,34.7,0.0,57,partly_cloudy
Kolkata,2023-05-31,38.1,24.5,31.8,0.0,47,cloudy
Kolkata,2023-06-01,31.7,23.6,27.4,41.3,44,rainy
Kolkata,2023-06-02,32.5,17.3,24.9,0.0,86,sunny
Kolkata,2023-06-03,28.3,16.5,23.8,39.4,57,rainy
Kolkata,2023-06-04,33.3,21.4,26.9,0.0,57,cloudy
Kolkata,2023-06-05,26.9,15.3,22.8,37.8,52,rainy
Kolkata,2023-06-06,29.2,18.1,22.8,47.7,56,rainy
Kolkata,2023-06-07,26.8,17.4,22.2,0.0,66,sunny
Kolkata,2023-06-08,34.2,21.5,26.7,27.0,59,rainy
Kolkata,2023-06-09,32.6,20.4,26.7,7.0,88,rainy
Kolkata,2023-06-10,32.4,21.4,27.5,0.0,58,sunny
Kolkata,2023-06-11,31.5,23.1,27.7,5.9,68,rainy
Kolkata,2023-06-12,34.3,23.5,27.3,17.8,89,rainy
Kolkata,2023-06-13,31.1,21.3,24.6,0.0,51,sunny
Kolkata,2023-06-14,32.2,21.4,25.5,46.8,43,rainy
Kolkata,2023-06-15,27.6,19.3,23.6,0.0,44,cloudy
Kolkata,2023-06-16,31.2,21.7,27.3,39.2,83,rainy
Kolkata,2023-06-17,28.6,18.2,23.4,0.0,54,cloudy
Kolkata,2023-06-18,29.4,17.7,24.6,48.3,50,rainy
Kolkata,2023-06-19,28.8,19.6,24.3,45.9,81,rainy
Kolkata,2023-06-20,30.2,16.4,22.4,13.4,56,rainy
Kolkata,2023-06-21,35.3,20.6,27.7,20.5,73,rainy
Kolkata,2023-06-22,33.7,22.1,27.8,19.2,95,rainy
Kolkata,2023-06-23,29.0,18.9,22.1,0.0,50,sunny
Kolkata,2023-06-24,31.4,22.1,27.8,37.9,45,rainy
Kolkata,2023-06-25,31.3,22.8,27.3,0.0,58,cloudy
Kolkata,2023-06-26,31.1,18.5,25.7,44.2,65,rainy
Kolkata,2023-06-27,32.9,21.4,26.6,29.2,63,rainy
Kolkata,2023-06-28,33.0,19.5,26.9,0.0,83,cloudy
Kolkata,2023-06-29,29.9,16.0,22.3,0.0,60,sunny
Kolkata,2023-06-30,26.5,15.4,22.0,0.0,42,sunny
Kolkata,2023-07-01,31.7,23.3,27.0,0.0,91,sunny
Kolkata,2023-07-02,31.4,21.5,26.2,0.0,84,cloudy
Kolkata,2023-07-03,31.1,17.4,24.8,0.0,58,cloudy
Kolkata,2023-07-04,29.9,21.0,24.1,17.0,77,rainy
Kolkata,2023-07-05,30.5,17.9,23.3,0.0,90,sunny
Kolkata,2023-07-06,31.2,21.0,24.5,0.0,84,sunny
Kolkata,2023-07-07,31.0,16.6,23.1,0.0,81,cloudy
Kolkata,2023-07-08,34.3,22.3,27.5,16.8,49,rainy
Kolkata,2023-07-09,28.8,15.0,22.2,24.0,75,rainy
Kolkata,2023-07-10,27.7,15.1,22.8,0.0,49,cloudy
Kolkata,2023-07-11,27.3,17.4,22.2,28.3,58,rainy
Kolkata,2023-07-12,28.0,18.3,24.7,0.0,82,sunny
Kolkata,2023-07-13,27.4,17.5,22.8,0.0,62,sunny
Kolkata,2023-07-14,27.8,17.2,22.9,31.0,43,rainy
Kolkata,2023-07-15,30.6,20.9,26.3,19.9,56,rainy
Kolkata,2023-07-16,33.1,22.6,26.0,0.0,94,sunny
Kolkata,2023-07-17,27.0,18.9,23.9,24.7,95,rainy
Kolkata,2023-07-18,30.9,21.9,26.1,0.0,68,cloudy
Kolkata,2023-07-19,29.9,15.9,22.8,34.6,55,rainy
Kolkata,2023-07-20,27.0,16.0,22.8,12.4,59,rainy
Kolkata,2023-07-21,28.2,18.9,25.0,0.0,64,cloudy
Kolkata,2023-07-22,29.3,15.0,22.3,0.0,61,sunny
Kolkata,2023-07-23,32.4,21.2,27.0,31.2,45,rainy
Kolkata,2023-07-24,31.0,19.9,26.1,0.0,88,cloudy
Kolkata,2023-07-25,28.2,18.6,23.7,0.0,77,sunny
Kolkata,2023-07-26,35.0,21.9,28.0,9.4,89,rainy
Kolkata,2023-07-27,33.6,19.7,26.7,36.6,88,rainy
Kolkata,2023-07-28,33.3,22.2,26.9,13.0,72,rainy
Kolkata,2023-07-29,30.0,18.9,26.5,0.0,67,sunny
Kolkata,2023-07-30,32.2,21.4,26.6,0.0,82,cloudy
Kolkata,2023-07-31,34.8,19.8,27.0,19.3,56,rainy
Kolkata,2023-08-01,31.5,17.9,23.9,0.0,75,sunny
Kolkata,2023-08-02,30.6,23.7,26.7,36.8,88,rainy
Kolkata,2023-08-03,30.7,20.2,24.6,0.0,48,sunny
Kolkata,2023-08-04,30.9,20.1,26.6,0.0,85,cloudy
Kolkata,2023-08-05,28.5,18.7,22.2,17.3,50,rainy
Kolkata,2023-08-06,34.3,22.3,26.8,5.3,42,rainy
Kolkata,2023-08-07,28.4,19.8,24.4,17.3,75,rainy
Kolkata,2023-08-08,34.5,21.6,26.8,0.0,83,sunny
Kolkata,2023-08-09,33.1,21.4,27.6,0.0,52,cloudy
Kolkata,2023-08-10,31.9,22.6,25.8,14.0,72,rainy
Kolkata,2023-08-11,27.5,14.8,22.2,38.1,78,rainy
Kolkata,2023-08-12,30.7,22.9,26.1,0.0,53,sunny
Kolkata,2023-08-13,29.8,16.9,22.3,22.7,62,rainy
Kolkata,2023-08-14,31.6,17.6,25.4,12.1,67,rainy
Kolkata,2023-08-15,32.2,22.5,27.3,0.0,78,cloudy
Kolkata,2023-08-16,31.5,23.4,26.6,10.0,92,rainy
Kolkata,2023-08-17,27.9,16.7,24.3,32.6,95,rainy
Kolkata,2023-08-18,34.1,22.3,27.3,0.0,49,cloudy
Kolkata,2023-08-19,30.4,20.0,26.5,8.6,84,rainy
Kolkata,2023-08-20,28.1,17.0,24.3,46.6,65,rainy
Kolkata,2023-08-21,29.9,20.4,24.7,0.0,88,cloudy
Kolkata,2023-08-22,29.7,21.6,25.1,37.6,85,rainy
Kolkata,2023-08-23,32.9,20.7,25.7,0.0,77,sunny
Kolkata,2023-08-24,28.9,17.3,24.2,0.0,83,cloudy
Kolkata,2023-08-25,29.7,19.5,26.0,22.2,58,rainy
Kolkata,2023-08-26,34.3,20.0,27.2,10.9,61,rainy
Kolkata,2023-08-27,29.8,20.3,23.6,0.0,55,sunny
Kolkata,2023-08-28,30.9,18.8,23.5,26.6,89,rainy
Kolkata,2023-08-29,26.9,19.6,23.5,31.1,67,rainy
Kolkata,2023-08-30,27.9,15.1,23.0,0.0,65,sunny
Kolkata,2023-08-31,28.6,18.1,24.7,0.0,82,cloudy
Kolkata,2023-09-01,28.9,19.5,24.6,0.0,86,sunny
Kolkata,2023-09-02,31.5,20.1,26.8,0.0,91,cloudy
Kolkata,2023-09-03,33.9,19.3,25.9,41.1,71,rainy
Kolkata,2023-09-04,32.5,21.9,26.7,0.0,64,cloudy
Kolkata,2023-09-05,32.5,19.1,26.4,14.4,85,rainy
Kolkata,2023-09-06,31.8,19.3,26.4,0.0,56,sunny
Kolkata,2023-09-07,29.9,16.4,22.4,31.6,66,rainy
Kolkata,2023-09-08,26.2,18.6,22.9,13.9,42,rainy
Kolkata,2023-09-09,27.4,19.7,22.8,43.0,78,rainy
Kolkata,2023-09-10,32.2,20.8,25.8,23.9,45,rainy
Kolkata,2023-09-11,28.9,19.1,24.4,8.9,65,rainy
Kolkata,2023-09-12,26.2,19.5,23.1,38.6,89,rainy
Kolkata,2023-09-13,27.7,16.0,22.3,0.0,86,cloudy
Kolkata,2023-09-14,32.7,22.1,25.3,30.3,75,rainy
Kolkata,2023-09-15,33.7,24.5,27.8,0.0,74,sunny
Kolkata,2023-09-16,34.9,19.3,27.1,17.3,81,rainy
Kolkata,2023-09-17,35.6,21.9,28.0,0.0,65,sunny
Kolkata,2023-09-18,30.9,18.8,25.2,0.0,78,sunny
Kolkata,2023-09-19,31.3,21.1,25.3,13.3,65,rainy
Kolkata,2023-09-20,32.8,20.7,27.2,0.0,41,cloudy
Kolkata,2023-09-21,31.1,21.8,25.0,0.0,78,sunny
Kolkata,2023-09-22,29.5,17.2,24.5,0.0,62,cloudy
Kolkata,2023-09-23,27.7,19.7,24.2,26.2,50,rainy
Kolkata,2023-09-24,31.6,20.0,27.9,19.3,44,rainy
Kolkata,2023-09-25,29.2,19.2,25.7,24.5,60,rainy
Kolkata,2023-09-26,28.7,18.3,23.7,0.0,84,cloudy
Kolkata,2023-09-27,31.9,22.6,27.1,0.0,52,sunny
Kolkata,2023-09-28,30.2,18.8,22.3,40.0,53,rainy
Kolkata,2023-09-29,31.6,22.6,26.8,0.0,79,sunny
Kolkata,2023-09-30,32.6,21.1,26.4,0.0,77,sunny
Kolkata,2023-10-01,30.8,19.8,25.3,0.0,43,sunny
Kolkata,2023-10-02,32.7,23.2,28.1,0.0,48,cloudy
Kolkata,2023-10-03,33.6,24.1,28.4,0.0,41,cloudy
Kolkata,2023-10-04,34.4,23.3,28.2,0.0,50,partly_cloudy
Kolkata,2023-10-05,32.5,22.4,26.3,1.6,50,partly_cloudy
Kolkata,2023-10-06,32.4,23.3,26.9,0.0,31,cloudy
Kolkata,2023-10-07,33.2,20.3,27.7,0.0,40,partly_cloudy
Kolkata,2023-10-08,34.3,22.5,28.8,0.0,46,sunny
Kolkata,2023-10-09,30.4,19.1,27.1,0.0,63,partly_cloudy
Kolkata,2023-10-10,34.7,23.1,27.4,0.0,64,cloudy
Kolkata,2023-10-11,34.9,21.2,27.5,0.0,44,sunny
Kolkata,2023-10-12,30.6,22.4,27.1,0.0,42,cloudy
Kolkata,2023-10-13,36.5,24.4,28.8,4.4,63,sunny
Kolkata,2023-10-14,32.1,19.3,26.7,7.4,51,partly_cloudy
Kolkata,2023-10-15,33.6,23.3,27.3,0.0,61,sunny
Kolkata,2023-10-16,34.5,19.3,26.7,0.0,41,cloudy
Kolkata,2023-10-17,33.8,23.0,26.8,0.0,50,cloudy
Kolkata,2023-10-18,33.5,21.7,28.3,0.0,34,partly_cloudy
Kolkata,2023-10-19,32.3,20.9,27.3,0.0,63,cloudy
Kolkata,2023-10-20,34.7,23.8,28.1,0.0,56,cloudy
Kolkata,2023-10-21,31.5,21.7,27.9,0.0,67,cloudy
Kolkata,2023-10-22,34.2,23.1,27.9,0.0,39,cloudy
Kolkata,2023-10-23,33.5,21.1,27.3,0.0,58,sunny
Kolkata,2023-10-24,30.6,18.4,26.2,0.0,66,sunny
Kolkata,2023-10-25,32.8,19.6,25.7,0.0,67,cloudy
Kolkata,2023-10-26,29.3,19.9,25.5,0.0,44,sunny
Kolkata,2023-10-27,32.8,25.8,28.9,0.0,54,cloudy
Kolkata,2023-10-28,30.8,23.8,26.8,0.0,34,cloudy
Kolkata,2023-10-29,35.8,21.1,28.4,0.0,55,sunny
Kolkata,2023-10-30,29.6,21.1,25.5,0.0,32,cloudy
Kolkata,2023-10-31,33.1,23.0,26.4,0.0,55,cloudy
Kolkata,2023-11-01,33.1,19.5,25.9,0.0,62,sunny
Kolkata,2023-11-02,32.2,23.6,27.2,0.0,65,partly_cloudy
Kolkata,2023-11-03,35.9,23.8,28.4,0.0,54,cloudy
Kolkata,2023-11-04,31.8,21.4,25.1,0.0,61,partly_cloudy
Kolkata,2023-11-05,34.0,25.0,28.2,0.0,34,sunny
Kolkata,2023-11-06,31.0,21.9,27.9,7.1,58,partly_cloudy
Kolkata,2023-11-07,30.5,20.9,27.0,0.0,44,sunny
Kolkata,2023-11-08,33.6,23.6,28.0,0.0,48,sunny
Kolkata,2023-11-09,36.4,25.0,28.8,4.8,33,sunny
Kolkata,2023-11-10,35.4,23.9,27.7,0.0,42,partly_cloudy
Kolkata,2023-11-11,29.0,20.6,25.1,0.0,33,sunny
Kolkata,2023-11-12,30.2,22.0,25.1,0.0,47,cloudy
Kolkata,2023-11-13,36.2,20.8,28.5,3.4,47,cloudy
Kolkata,2023-11-14,31.1,20.7,25.7,0.0,46,partly_cloudy
Kolkata,2023-11-15,32.6,23.5,28.1,0.0,52,partly_cloudy
Kolkata,2023-11-16,32.8,23.2,27.1,0.0,30,partly_cloudy
Kolkata,2023-11-17,35.7,25.2,28.3,0.0,32,sunny
Kolkata,2023-11-18,32.1,18.9,25.9,0.0,46,cloudy
Kolkata,2023-11-19,31.6,23.3,26.7,0.0,35,sunny
Kolkata,2023-11-20,32.2,23.5,28.2,0.0,59,sunny
Kolkata,2023-11-21,32.1,22.4,29.0,0.0,48,partly_cloudy
Kolkata,2023-11-22,33.2,24.3,28.0,0.0,39,sunny
Kolkata,2023-11-23,29.9,20.8,25.2,0.0,36,cloudy
Kolkata,2023-11-24,33.7,24.5,28.5,0.0,51,cloudy
Kolkata,2023-11-25,34.1,21.1,26.4,0.0,42,sunny
Kolkata,2023-11-26,32.9,23.9,28.2,0.0,54,sunny
Kolkata,2023-11-27,30.9,19.4,25.7,0.0,39,sunny
Kolkata,2023-11-28,34.8,23.5,28.3,0.0,60,sunny
Kolkata,2023-11-29,30.4,22.1,25.4,0.1,50,partly_cloudy
Kolkata,2023-11-30,32.5,19.5,26.7,1.0,60,cloudy
Kolkata,2023-12-01,26.2,14.9,19.2,0.0,65,cloudy
Kolkata,2023-12-02,22.9,11.8,18.9,0.0,65,partly_cloudy
Kolkata,2023-12-03,23.2,15.2,19.1,0.0,51,partly_cloudy
Kolkata,2023-12-04,25.7,13.7,20.3,0.0,43,sunny
Kolkata,2023-12-05,23.4,14.6,18.3,0.0,64,cloudy
Kolkata,2023-12-06,26.4,15.6,19.6,0.0,70,cloudy
Kolkata,2023-12-07,22.9,11.1,18.1,0.0,32,sunny
Kolkata,2023-12-08,22.5,10.7,17.8,0.0,42,cloudy
Kolkata,2023-12-09,24.9,15.1,19.6,0.0,57,sunny
Kolkata,2023-12-10,27.0,15.2,20.1,0.0,53,sunny
Kolkata,2023-12-11,23.3,13.9,19.7,0.0,31,cloudy
Kolkata,2023-12-12,22.1,13.8,17.1,0.0,61,cloudy
Kolkata,2023-12-13,26.8,16.6,20.7,0.0,61,sunny
Kolkata,2023-12-14,21.8,12.6,18.0,0.0,39,sunny
Kolkata,2023-12-15,26.6,11.4,19.0,0.0,38,cloudy
Kolkata,2023-12-16,24.9,13.8,19.2,0.0,60,partly_cloudy
Kolkata,2023-12-17,21.8,13.0,18.0,0.0,33,cloudy
Kolkata,2023-12-18,27.8,13.6,20.1,0.0,37,cloudy
Kolkata,2023-12-19,27.7,16.4,20.7,0.0,39,cloudy
Kolkata,2023-12-20,24.6,12.9,18.1,0.0,70,partly_cloudy
Kolkata,2023-12-21,25.3,12.6,19.8,0.0,38,partly_cloudy
Kolkata,2023-12-22,22.9,10.1,17.9,0.0,53,partly_cloudy
Kolkata,2023-12-23,22.0,11.8,17.2,0.0,65,cloudy
Kolkata,2023-12-24,22.8,12.3,17.5,4.8,36,cloudy
Kolkata,2023-12-25,23.1,12.4,18.1,0.0,38,sunny
Kolkata,2023-12-26,23.6,14.0,17.8,0.0,56,cloudy
Kolkata,2023-12-27,26.2,14.6,20.0,0.0,53,cloudy
Kolkata,2023-12-28,24.5,13.7,17.6,0.0,48,sunny
Kolkata,2023-12-29,24.5,14.9,19.2,8.1,60,sunny
Kolkata,2023-12-30,26.3,15.5,19.6,0.0,63,sunny
Kolkata,2023-12-31,24.0,13.9,20.9,0.0,52,cloudy
Kolkata,2024-01-01,24.7,12.5,17.2,0.0,62,partly_cloudy
Kolkata,2024-01-02,26.6,14.1,19.8,0.0,59,partly_cloudy
Kolkata,2024-01-03,25.9,16.2,20.5,0.0,55,partly_cloudy
Kolkata,2024-01-04,22.8,12.2,17.5,0.0,52,sunny
Kolkata,2024-01-05,26.5,14.5,20.2,0.0,50,cloudy
Kolkata,2024-01-06,26.6,13.5,19.2,0.0,51,sunny
Kolkata,2024-01-07,24.5,13.5,19.8,9.1,56,sunny
Kolkata,2024-01-08,27.2,13.1,20.4,0.0,34,partly_cloudy
Kolkata,2024-01-09,20.5,13.8,17.4,0.0,57,sunny
Kolkata,2024-01-10,23.7,12.8,19.5,0.0,42,partly_cloudy
Kolkata,2024-01-11,24.4,10.6,17.4,0.0,68,partly_cloudy
Kolkata,2024-01-12,25.1,11.5,17.5,0.0,66,cloudy
Kolkata,2024-01-13,22.0,13.7,17.8,0.0,56,partly_cloudy
Kolkata,2024-01-14,22.3,14.0,17.9,0.0,41,sunny
Kolkata,2024-01-15,25.7,12.3,17.9,0.0,65,cloudy
Kolkata,2024-01-16,26.5,15.5,19.3,0.0,49,cloudy
Kolkata,2024-01-17,21.0,13.4,17.0,0.0,65,partly_cloudy
Kolkata,2024-01-18,23.5,10.5,18.3,0.0,36,sunny
Kolkata,2024-01-19,26.3,17.4,20.8,0.0,55,partly_cloudy
Kolkata,2024-01-20,24.6,16.9,20.0,0.0,51,cloudy
Kolkata,2024-01-21,27.1,13.3,19.4,0.0,35,partly_cloudy
Kolkata,2024-01-22,24.8,13.3,20.5,0.0,51,sunny
Kolkata,2024-01-23,24.5,13.3,17.4,0.0,46,partly_cloudy
Kolkata,2024-01-24,23.8,10.3,18.3,0.0,68,partly_cloudy
Kolkata,2024-01-25,21.9,15.0,18.8,5.3,36,cloudy
Kolkata,2024-01-26,24.0,14.1,18.0,0.0,60,cloudy
Kolkata,2024-01-27,22.6,12.3,17.8,8.4,54,partly_cloudy
Kolkata,2024-01-28,27.4,15.5,20.3,0.0,44,partly_cloudy
Kolkata,2024-01-29,23.1,12.1,19.9,0.0,55,sunny
Kolkata,2024-01-30,24.1,10.8,18.7,0.0,49,partly_cloudy
Kolkata,2024-01-31,22.8,13.0,17.6,0.0,38,cloudy
Kolkata,2024-02-01,24.6,9.7,17.1,9.2,53,partly_cloudy
Kolkata,2024-02-02,28.3,17.3,20.4,0.0,50,sunny
Kolkata,2024-02-03,23.1,10.3,17.9,0.0,38,partly_cloudy
Kolkata,2024-02-04,25.5,17.1,20.3,0.0,41,partly_cloudy
Kolkata,2024-02-05,24.8,12.4,19.9,0.0,61,cloudy
Kolkata,2024-02-06,25.3,13.9,18.1,0.0,53,cloudy
Kolkata,2024-02-07,20.5,9.7,17.4,0.0,39,partly_cloudy
Kolkata,2024-02-08,23.4,12.1,19.5,2.8,40,partly_cloudy
Kolkata,2024-02-09,21.4,11.7,18.1,0.0,55,sunny
Kolkata,2024-02-10,25.8,12.0,19.9,0.0,68,cloudy
Kolkata,2024-02-11,24.5,13.1,19.6,0.0,60,partly_cloudy
Kolkata,2024-02-12,21.6,13.8,17.9,0.0,32,sunny
Kolkata,2024-02-13,26.7,14.7,19.9,0.0,58,sunny
Kolkata,2024-02-14,28.3,15.7,20.8,0.0,36,partly_cloudy
Kolkata,2024-02-15,23.7,10.9,17.1,0.0,49,partly_cloudy
Kolkata,2024-02-16,25.4,12.9,19.9,0.0,51,cloudy
Kolkata,2024-02-17,23.9,13.1,18.9,0.0,51,cloudy
Kolkata,2024-02-18,23.3,15.0,19.8,0.0,44,sunny
Kolkata,2024-02-19,26.8,13.8,20.0,0.0,49,sunny
Kolkata,2024-02-20,25.1,10.8,18.3,0.0,41,partly_cloudy
Kolkata,2024-02-21,24.8,15.5,18.8,0.0,70,sunny
Kolkata,2024-02-22,22.7,13.3,19.6,4.6,65,sunny
Kolkata,2024-02-23,24.5,14.1,19.8,0.0,60,partly_cloudy
Kolkata,2024-02-24,21.4,13.2,18.2,0.0,69,partly_cloudy
Kolkata,2024-02-25,23.8,13.8,20.0,0.0,67,partly_cloudy
Kolkata,2024-02-26,23.8,11.9,19.9,8.0,51,cloudy
Kolkata,2024-02-27,26.3,13.1,19.2,0.0,54,cloudy
Kolkata,2024-02-28,23.1,12.5,19.1,0.0,43,partly_cloudy
Kolkata,2024-02-29,26.0,16.5,19.6,0.0,35,cloudy
Kolkata,2024-03-01,40.5,27.9,35.3,0.0,68,cloudy
Kolkata,2024-03-02,37.4,26.5,34.1,0.0,42,sunny
Kolkata,2024-03-03,38.0,23.7,31.3,0.0,43,cloudy
Kolkata,2024-03-04,43.1,32.3,35.4,0.0,37,cloudy
Kolkata,2024-03-05,38.2,26.8,31.0,0.0,39,partly_cloudy
Kolkata,2024-03-06,39.9,31.0,35.5,0.0,60,partly_cloudy
Kolkata,2024-03-07,39.8,30.7,34.3,0.0,53,sunny
Kolkata,2024-03-08,38.3,26.2,30.7,0.0,60,partly_cloudy
Kolkata,2024-03-09,37.6,31.0,34.2,2.1,54,partly_cloudy
Kolkata,2024-03-10,42.1,29.0,35.9,0.0,39,cloudy
Kolkata,2024-03-11,38.1,30.4,33.7,6.6,57,partly_cloudy
Kolkata,2024-03-12,40.3,27.9,34.6,0.0,38,partly_cloudy
Kolkata,2024-03-13,40.5,31.5,35.9,0.0,65,partly_cloudy
Kolkata,2024-03-14,39.7,29.6,34.1,0.0,61,partly_cloudy
Kolkata,2024-03-15,36.1,24.5,32.3,0.0,42,cloudy
Kolkata,2024-03-16,39.9,27.0,33.5,0.0,33,partly_cloudy
Kolkata,2024-03-17,41.6,26.5,33.9,0.0,43,cloudy
Kolkata,2024-03-18,38.4,27.4,34.5,0.0,68,partly_cloudy
Kolkata,2024-03-19,37.7,30.6,34.6,0.0,69,cloudy
Kolkata,2024-03-20,42.7,29.9,35.3,0.0,34,sunny
Kolkata,2024-03-21,37.0,24.4,32.3,0.0,51,sunny
Kolkata,2024-03-22,36.8,24.1,31.3,0.0,50,partly_cloudy
Kolkata,2024-03-23,39.0,26.7,33.0,0.0,61,sunny
Kolkata,2024-03-24,40.2,29.9,34.4,0.0,48,partly_cloudy
Kolkata,2024-03-25,35.9,28.2,32.9,0.0,69,cloudy
Kolkata,2024-03-26,41.6,29.2,34.7,0.0,64,sunny
Kolkata,2024-03-27,38.6,28.9,35.1,0.0,66,partly_cloudy
Kolkata,2024-03-28,35.3,28.4,31.9,0.0,33,sunny
Kolkata,2024-03-29,39.9,26.5,34.2,0.0,53,partly_cloudy
Kolkata,2024-03-30,34.1,24.0,30.1,0.0,50,partly_cloudy
Kolkata,2024-03-31,37.8,24.7,30.2,0.0,55,partly_cloudy
Kolkata,2024-04-01,36.8,29.4,32.9,0.0,51,cloudy
Kolkata,2024-04-02,37.1,28.8,31.9,0.0,42,partly_cloudy
Kolkata,2024-04-03,36.6,29.9,32.9,0.4,49,sunny
Kolkata,2024-04-04,42.4,29.5,35.8,0.0,51,cloudy
Kolkata,2024-04-05,39.9,27.4,32.9,0.0,54,cloudy
Kolkata,2024-04-06,38.7,27.9,32.8,5.3,52,sunny
Kolkata,2024-04-07,34.4,25.5,30.8,5.6,65,cloudy
Kolkata,2024-04-08,41.2,32.4,35.6,0.0,64,cloudy
Kolkata,2024-04-09,43.6,32.6,36.0,0.0,46,cloudy
Kolkata,2024-04-10,41.2,31.5,35.4,0.0,46,partly_cloudy
Kolkata,2024-04-11,39.8,29.4,35.4,7.6,34,cloudy
Kolkata,2024-04-12,36.3,26.4,33.1,4.4,70,sunny
Kolkata,2024-04-13,36.3,24.3,30.9,0.0,66,partly_cloudy
Kolkata,2024-04-14,37.5,28.8,32.7,0.0,32,sunny
Kolkata,2024-04-15,38.5,25.1,30.6,0.0,44,partly_cloudy
Kolkata,2024-04-16,37.7,27.7,31.5,0.0,63,partly_cloudy
Kolkata,2024-04-17,40.6,28.9,34.9,0.0,63,cloudy
Kolkata,2024-04-18,41.0,31.9,35.1,0.0,43,cloudy
Kolkata,2024-04-19,38.6,28.3,32.6,0.0,44,cloudy
Kolkata,2024-04-20,36.0,23.7,30.9,0.0,42,sunny
Kolkata,2024-04-21,39.9,28.5,35.2,0.0,38,sunny
Kolkata,2024-04-22,37.7,25.1,30.6,0.0,50,sunny
Kolkata,2024-04-23,36.7,27.5,31.0,0.0,34,sunny
Kolkata,2024-04-24,35.3,25.8,31.4,7.5,51,sunny
Kolkata,2024-04-25,37.9,26.1,33.1,0.0,39,partly_cloudy
Kolkata,2024-04-26,34.9,27.1,31.2,0.0,44,sunny
Kolkata,2024-04-27,36.4,23.9,31.8,0.0,49,sunny
Kolkata,2024-04-28,36.4,26.3,32.5,0.0,65,partly_cloudy
Kolkata,2024-04-29,40.3,29.9,33.7,0.0,61,sunny
Kolkata,2024-04-30,36.8,25.5,32.3,9.4,31,cloudy
Kolkata,2024-05-01,38.9,28.1,33.9,0.0,59,sunny
Kolkata,2024-05-02,43.5,28.2,36.0,0.0,57,cloudy
Kolkata,2024-05-03,38.3,27.8,35.1,0.0,62,partly_cloudy
Kolkata,2024-05-04,37.8,26.9,33.5,0.0,33,sunny
Kolkata,2024-05-05,38.1,28.7,34.7,0.0,45,partly_cloudy
Kolkata,2024-05-06,41.5,30.6,35.9,0.0,49,cloudy
Kolkata,2024-05-07,40.1,28.3,33.8,0.0,56,cloudy
Kolkata,2024-05-08,38.9,28.4,34.2,0.0,59,partly_cloudy
Kolkata,2024-05-09,39.0,27.1,33.7,0.0,53,sunny
Kolkata,2024-05-10,38.7,30.0,34.5,0.0,63,sunny
Kolkata,2024-05-11,36.9,27.1,32.2,0.0,63,sunny
Kolkata,2024-05-12,41.9,27.6,35.4,0.0,32,sunny
Kolkata,2024-05-13,37.8,26.7,30.8,0.5,37,cloudy
Kolkata,2024-05-14,39.3,27.0,33.3,3.2,36,cloudy
Kolkata,2024-05-15,35.4,27.3,31.6,0.5,62,sunny
Kolkata,2024-05-16,36.2,28.5,32.4,0.0,30,partly_cloudy
Kolkata,2024-05-17,40.7,31.2,34.7,0.0,41,cloudy
Kolkata,2024-05-18,42.7,31.4,35.7,0.0,31,partly_cloudy
Kolkata,2024-05-19,39.8,29.6,34.4,0.0,51,partly_cloudy
Kolkata,2024-05-20,39.7,31.0,35.9,0.0,50,partly_cloudy
Kolkata,2024-05-21,39.1,28.8,34.5,0.0,56,cloudy
Kolkata,2024-05-22,35.8,26.3,32.4,0.0,54,sunny
Kolkata,2024-05-23,34.6,24.1,30.8,0.0,42,cloudy
Kolkata,2024-05-24,39.4,29.6,35.2,0.0,49,partly_cloudy
Kolkata,2024-05-25,36.0,26.1,32.3,0.0,68,sunny
Kolkata,2024-05-26,38.1,25.8,32.9,0.0,63,partly_cloudy
Kolkata,2024-05-27,34.6,23.4,31.3,0.0,60,partly_cloudy
Kolkata,2024-05-28,40.0,25.6,33.4,0.0,43,sunny
Kolkata,2024-05-29,39.1,27.8,34.3,0.0,49,cloudy
Kolkata,2024-05-30,39.5,28.7,35.2,0.0,62,sunny
Kolkata,2024-05-31,40.5,28.3,36.0,0.0,53,cloudy
Kolkata,2024-06-01,28.7,18.1,23.2,0.0,91,sunny
Kolkata,2024-06-02,34.2,19.9,26.5,43.7,42,rainy
Kolkata,2024-06-03,29.1,18.2,22.4,49.8,46,rainy
Kolkata,2024-06-04,31.7,19.7,24.7,0.0,78,sunny
Kolkata,2024-06-05,32.6,19.2,24.9,28.6,56,rainy
Kolkata,2024-06-06,32.6,23.4,27.7,0.0,53,cloudy
Kolkata,2024-06-07,33.4,22.0,27.4,0.0,63,sunny
Kolkata,2024-06-08,33.8,23.3,27.3,27.6,90,rainy
Kolkata,2024-06-09,31.0,21.2,25.7,0.0,95,cloudy
Kolkata,2024-06-10,32.3,20.8,27.9,19.9,70,rainy
Kolkata,2024-06-11,31.4,19.7,27.3,0.0,88,sunny
Kolkata,2024-06-12,29.0,18.1,24.3,11.0,93,rainy
Kolkata,2024-06-13,28.6,16.3,22.7,11.1,86,rainy
Kolkata,2024-06-14,27.2,19.0,23.1,9.2,72,rainy
Kolkata,2024-06-15,25.7,16.6,22.2,0.0,84,cloudy
Kolkata,2024-06-16,33.4,21.3,27.3,42.7,50,rainy
Kolkata,2024-06-17,35.3,23.0,27.3,35.1,86,rainy
Kolkata,2024-06-18,31.8,19.7,26.7,0.0,45,sunny
Kolkata,2024-06-19,30.1,19.8,24.2,0.0,49,cloudy
Kolkata,2024-06-20,27.9,18.8,23.3,0.0,87,sunny
Kolkata,2024-06-21,30.2,18.7,22.7,6.8,64,rainy
Kolkata,2024-06-22,34.4,21.2,27.3,44.5,55,rainy
Kolkata,2024-06-23,28.0,17.8,23.8,36.8,61,rainy
Kolkata,2024-06-24,29.3,17.9,22.1,0.0,40,sunny
Kolkata,2024-06-25,28.6,21.4,25.2,0.0,57,cloudy
Kolkata,2024-06-26,30.7,24.0,27.4,29.5,41,rainy
Kolkata,2024-06-27,28.9,18.2,23.6,0.0,63,cloudy
Kolkata,2024-06-28,31.8,21.1,25.1,18.5,74,rainy
Kolkata,2024-06-29,35.2,20.5,27.4,0.0,55,cloudy
Kolkata,2024-06-30,33.8,19.5,26.7,14.9,83,rainy
Kolkata,2024-07-01,28.6,17.0,23.0,6.7,40,rainy
Kolkata,2024-07-02,33.4,20.7,27.1,0.0,75,sunny
Kolkata,2024-07-03,29.7,17.0,24.6,23.2,63,rainy
Kolkata,2024-07-04,34.0,22.3,27.7,24.3,93,rainy
Kolkata,2024-07-05,31.3,16.2,23.8,0.0,40,sunny
Kolkata,2024-07-06,31.9,21.9,28.0,0.0,48,sunny
Kolkata,2024-07-07,31.1,22.8,25.8,50.0,60,rainy
Kolkata,2024-07-08,29.7,17.6,22.3,19.7,66,rainy
Kolkata,2024-07-09,35.7,21.2,27.9,41.8,71,rainy
Kolkata,2024-07-10,26.4,18.0,22.8,40.0,46,rainy
Kolkata,2024-07-11,29.7,21.8,26.4,6.9,49,rainy
Kolkata,2024-07-12,31.0,17.6,23.4,29.3,93,rainy
Kolkata,2024-07-13,32.0,20.9,25.9,14.0,67,rainy
Kolkata,2024-07-14,32.8,20.3,27.4,42.7,90,rainy
Kolkata,2024-07-15,31.6,22.6,27.8,15.5,62,rainy
Kolkata,2024-07-16,30.2,16.1,23.9,0.0,53,sunny
Kolkata,2024-07-17,29.2,17.0,22.4,48.7,46,rainy
Kolkata,2024-07-18,28.2,16.1,23.0,34.6,62,rainy
Kolkata,2024-07-19,28.9,18.8,24.4,27.6,41,rainy
Kolkata,2024-07-20,28.0,17.0,22.6,10.1,45,rainy
Kolkata,2024-07-21,34.4,22.9,27.5,0.0,89,sunny
Kolkata,2024-07-22,29.1,19.3,25.8,0.0,76,cloudy
Kolkata,2024-07-23,32.7,19.8,26.3,34.2,95,rainy
Kolkata,2024-07-24,28.9,16.7,22.4,32.1,49,rainy
Kolkata,2024-07-25,35.4,22.9,27.5,16.2,57,rainy
Kolkata,2024-07-26,34.7,19.3,26.8,0.0,94,cloudy
Kolkata,2024-07-27,32.9,20.5,25.2,0.0,67,sunny
Kolkata,2024-07-28,32.8,21.2,28.0,0.0,71,cloudy
Kolkata,2024-07-29,33.8,22.2,26.3,49.8,87,rainy
Kolkata,2024-07-30,32.1,18.0,25.1,48.8,92,rainy
Kolkata,2024-07-31,29.5,19.9,23.7,10.8,93,rainy
Kolkata,2024-08-01,33.6,23.3,27.9,0.0,70,cloudy
Kolkata,2024-08-02,30.8,22.1,26.5,6.2,90,rainy
Kolkata,2024-08-03,31.9,21.3,25.0,0.0,68,sunny
Kolkata,2024-08-04,30.1,23.3,26.6,11.4,69,rainy
Kolkata,2024-08-05,29.0,15.4,22.7,16.9,52,rainy
Kolkata,2024-08-06,28.0,17.5,24.4,6.1,85,rainy
Kolkata,2024-08-07,27.7,20.0,23.4,0.0,43,sunny
Kolkata,2024-08-08,35.2,20.3,27.8,0.0,45,sunny
Kolkata,2024-08-09,31.0,22.3,25.9,0.0,48,cloudy
Kolkata,2024-08-10,27.9,20.1,23.8,0.0,85,cloudy
Kolkata,2024-08-11,28.5,18.7,23.3,46.0,60,rainy
Kolkata,2024-08-12,29.1,19.4,23.9,27.2,67,rainy
Kolkata,2024-08-13,29.8,16.4,24.0,30.9,48,rainy
Kolkata,2024-08-14,26.4,19.9,23.2,22.8,50,rainy
Kolkata,2024-08-15,32.4,20.3,26.7,0.0,72,cloudy
Kolkata,2024-08-16,31.6,16.6,24.1,0.0,93,cloudy
Kolkata,2024-08-17,28.3,19.3,24.4,25.1,82,rainy
Kolkata,2024-08-18,34.6,20.5,27.8,34.1,89,rainy
Kolkata,2024-08-19,30.7,19.8,27.3,47.0,89,rainy
Kolkata,2024-08-20,30.1,17.1,22.9,13.0,85,rainy
Kolkata,2024-08-21,34.0,19.9,27.3,47.3,44,rainy
Kolkata,2024-08-22,28.9,18.0,24.6,0.0,75,cloudy
Kolkata,2024-08-23,27.9,21.5,24.8,0.0,90,sunny
Kolkata,2024-08-24,30.9,20.2,25.1,0.0,58,cloudy
Kolkata,2024-08-25,30.1,20.0,25.7,47.9,44,rainy
Kolkata,2024-08-26,31.6,22.3,26.8,6.8,61,rainy
Kolkata,2024-08-27,26.6,15.6,22.4,0.0,72,cloudy
Kolkata,2024-08-28,28.3,19.6,24.7,15.1,78,rainy
Kolkata,2024-08-29,27.9,19.5,23.6,0.0,75,cloudy
Kolkata,2024-08-30,32.1,22.6,26.4,7.5,72,rainy
Kolkata,2024-08-31,29.1,18.7,24.3,0.0,53,cloudy
Kolkata,2024-09-01,28.4,20.3,24.1,5.0,61,rainy
Kolkata,2024-09-02,31.5,20.7,24.3,39.0,53,rainy
Kolkata,2024-09-03,30.1,17.2,22.7,0.0,77,cloudy
Kolkata,2024-09-04,29.0,16.1,22.2,27.1,67,rainy
Kolkata,2024-09-05,30.1,15.3,23.2,0.0,43,cloudy
Kolkata,2024-09-06,28.6,18.5,22.0,0.0,84,sunny
Kolkata,2024-09-07,29.5,18.2,24.9,0.0,50,sunny
Kolkata,2024-09-08,31.6,19.3,27.0,0.0,76,cloudy
Kolkata,2024-09-09,30.4,17.7,25.5,43.8,55,rainy
Kolkata,2024-09-10,27.1,18.7,22.8,23.8,66,rainy
Kolkata,2024-09-11,30.0,19.2,24.1,0.0,51,cloudy
Kolkata,2024-09-12,32.4,19.0,26.1,33.4,93,rainy
Kolkata,2024-09-13,31.9,18.4,24.5,30.9,58,rainy
Kolkata,2024-09-14,32.2,22.0,25.4,20.0,82,rainy
Kolkata,2024-09-15,35.8,24.0,28.0,30.2,75,rainy
Kolkata,2024-09-16,28.0,16.2,22.1,0.0,79,cloudy
Kolkata,2024-09-17,28.3,17.0,24.9,38.1,71,rainy
Kolkata,2024-09-18,26.2,18.4,23.0,40.3,66,rainy
Kolkata,2024-09-19,29.2,18.9,24.1,0.0,64,sunny
Kolkata,2024-09-20,29.2,20.1,23.6,0.0,87,cloudy
Kolkata,2024-09-21,34.2,21.2,27.8,27.1,73,rainy
Kolkata,2024-09-22,27.6,18.1,22.9,0.0,55,sunny
Kolkata,2024-09-23,28.8,19.2,24.0,0.0,76,cloudy
Kolkata,2024-09-24,34.8,22.9,27.4,35.9,57,rainy
Kolkata,2024-09-25,28.0,20.3,24.8,0.0,69,cloudy
Kolkata,2024-09-26,29.9,17.6,22.5,37.8,48,rainy
Kolkata,2024-09-27,28.3,20.2,23.3,0.0,92,sunny
Kolkata,2024-09-28,31.3,21.9,26.0,48.6,42,rainy
Kolkata,2024-09-29,28.1,15.6,23.4,44.1,86,rainy
Kolkata,2024-09-30,31.0,22.3,25.5,33.2,70,rainy
Kolkata,2024-10-01,33.6,21.3,28.0,0.0,35,partly_cloudy
Kolkata,2024-10-02,32.7,22.6,26.5,0.0,41,partly_cloudy
Kolkata,2024-10-03,31.9,17.6,25.5,0.0,34,sunny
Kolkata,2024-10-04,32.6,21.9,28.5,0.0,54,cloudy
Kolkata,2024-10-05,32.9,21.6,27.3,0.0,52,partly_cloudy
Kolkata,2024-10-06,31.4,22.9,27.7,0.0,34,sunny
Kolkata,2024-10-07,30.9,21.3,25.4,2.0,54,partly_cloudy
Kolkata,2024-10-08,32.1,17.8,25.1,0.0,48,partly_cloudy
Kolkata,2024-10-09,30.4,21.2,26.1,0.0,34,sunny
Kolkata,2024-10-10,32.3,21.3,28.6,0.0,62,partly_cloudy
Kolkata,2024-10-11,33.2,21.8,26.5,0.0,57,partly_cloudy
Kolkata,2024-10-12,36.2,22.8,28.4,0.0,53,sunny
Kolkata,2024-10-13,34.0,21.2,28.5,0.0,61,partly_cloudy
Kolkata,2024-10-14,29.6,21.6,25.1,0.0,38,partly_cloudy
Kolkata,2024-10-15,32.2,22.3,27.5,0.0,39,partly_cloudy
Kolkata,2024-10-16,34.7,22.3,28.2,0.0,44,sunny
Kolkata,2024-10-17,30.3,19.3,27.2,0.0,39,partly_cloudy
Kolkata,2024-10-18,33.2,20.8,26.1,0.0,56,sunny
Kolkata,2024-10-19,32.3,22.3,26.3,0.0,44,sunny
Kolkata,2024-10-20,33.0,19.6,26.8,0.0,43,sunny
Kolkata,2024-10-21,32.3,21.4,27.9,1.3,51,partly_cloudy
Kolkata,2024-10-22,32.3,22.0,26.4,0.0,47,partly_cloudy
Kolkata,2024-10-23,32.6,24.8,28.3,0.0,46,partly_cloudy
Kolkata,2024-10-24,28.9,20.4,25.2,0.0,34,cloudy
Kolkata,2024-10-25,35.7,22.9,28.5,0.0,69,sunny
Kolkata,2024-10-26,30.7,19.3,26.8,0.0,44,partly_cloudy
Kolkata,2024-10-27,33.1,18.9,26.4,4.7,40,cloudy
Kolkata,2024-10-28,34.1,20.9,27.6,0.0,41,sunny
Kolkata,2024-10-29,29.4,17.3,25.2,0.0,55,sunny
Kolkata,2024-10-30,31.4,22.8,27.1,0.0,47,cloudy
Kolkata,2024-10-31,30.0,22.7,25.8,0.0,69,cloudy
Kolkata,2024-11-01,33.2,23.5,27.1,0.0,35,partly_cloudy
Kolkata,2024-11-02,31.8,22.8,26.9,0.0,57,partly_cloudy
Kolkata,2024-11-03,32.9,22.6,26.2,0.0,42,sunny
Kolkata,2024-11-04,35.5,24.0,28.8,0.0,49,cloudy
Kolkata,2024-11-05,32.3,21.0,26.9,0.0,56,cloudy
Kolkata,2024-11-06,34.0,25.3,28.4,0.0,30,cloudy
Kolkata,2024-11-07,31.1,19.3,25.2,0.0,51,cloudy
Kolkata,2024-11-08,31.5,21.3,26.8,0.0,64,cloudy
Kolkata,2024-11-09,36.7,25.3,28.9,0.0,52,sunny
Kolkata,2024-11-10,33.0,22.0,25.5,0.0,68,cloudy
Kolkata,2024-11-11,29.9,21.7,25.3,0.0,42,cloudy
Kolkata,2024-11-12,30.8,18.2,25.4,0.0,58,cloudy
Kolkata,2024-11-13,36.0,21.6,28.8,9.0,68,partly_cloudy
Kolkata,2024-11-14,30.4,23.1,27.3,0.0,34,partly_cloudy
Kolkata,2024-11-15,29.5,17.6,25.3,0.0,55,partly_cloudy
Kolkata,2024-11-16,32.3,20.3,27.6,0.8,46,cloudy
Kolkata,2024-11-17,29.1,21.8,25.2,0.0,62,sunny
Kolkata,2024-11-18,33.7,20.6,27.6,0.0,51,partly_cloudy
Kolkata,2024-11-19,30.4,20.6,26.0,0.0,38,cloudy
Kolkata,2024-11-20,28.2,18.7,25.0,0.0,46,sunny
Kolkata,2024-11-21,31.4,21.0,27.9,0.0,66,partly_cloudy
Kolkata,2024-11-22,32.1,23.9,27.8,0.0,58,cloudy
Kolkata,2024-11-23,31.1,21.9,26.7,0.0,44,cloudy
Kolkata,2024-11-24,31.6,24.0,28.2,0.0,30,partly_cloudy
Kolkata,2024-11-25,31.2,19.5,26.0,0.0,35,cloudy
Kolkata,2024-11-26,34.2,19.1,26.9,0.0,49,partly_cloudy
Kolkata,2024-11-27,31.9,22.5,26.3,6.2,44,sunny
Kolkata,2024-11-28,30.5,20.8,27.4,0.0,44,sunny
Kolkata,2024-11-29,30.6,19.5,25.0,0.0,60,partly_cloudy
Kolkata,2024-11-30,34.1,22.1,26.8,0.0,48,partly_cloudy
Kolkata,2024-12-01,24.5,17.3,20.8,0.0,60,cloudy
Kolkata,2024-12-02,22.1,13.0,17.9,0.0,44,partly_cloudy
Kolkata,2024-12-03,23.6,15.3,18.3,0.0,35,cloudy
Kolkata,2024-12-04,25.1,12.9,17.1,0.0,48,partly_cloudy
Kolkata,2024-12-05,24.2,16.6,19.6,0.0,43,cloudy
Kolkata,2024-12-06,23.8,12.0,17.3,0.0,30,sunny
Kolkata,2024-12-07,25.9,15.8,19.5,0.0,70,partly_cloudy
Kolkata,2024-12-08,28.8,14.2,20.8,0.0,33,sunny
Kolkata,2024-12-09,21.3,10.1,18.0,0.0,50,cloudy
Kolkata,2024-12-10,26.0,13.2,18.8,7.2,44,partly_cloudy
Kolkata,2024-12-11,28.1,17.8,20.8,0.0,57,sunny
Kolkata,2024-12-12,26.6,15.5,19.3,0.0,41,partly_cloudy
Kolkata,2024-12-13,24.7,13.5,17.6,0.0,30,sunny
Kolkata,2024-12-14,26.7,11.3,19.2,2.6,46,sunny
Kolkata,2024-12-15,25.5,14.6,19.1,0.0,42,sunny
Kolkata,2024-12-16,22.0,11.8,18.7,0.0,70,cloudy
Kolkata,2024-12-17,24.3,14.3,18.2,0.0,47,partly_cloudy
Kolkata,2024-12-18,24.6,14.0,18.7,0.0,53,partly_cloudy
Kolkata,2024-12-19,23.5,10.3,17.1,0.0,33,cloudy
Kolkata,2024-12-20,23.4,9.9,17.1,0.0,70,sunny
Kolkata,2024-12-21,26.1,16.7,20.2,0.0,50,cloudy
Kolkata,2024-12-22,26.1,12.9,19.6,0.0,30,cloudy
Kolkata,2024-12-23,22.6,11.1,17.5,0.0,61,partly_cloudy
Kolkata,2024-12-24,22.9,13.5,19.6,0.0,35,sunny
Kolkata,2024-12-25,21.8,15.1,18.4,0.0,35,sunny
Kolkata,2024-12-26,25.8,15.2,19.8,0.0,53,partly_cloudy
Kolkata,2024-12-27,23.9,14.8,19.3,0.0,32,partly_cloudy
Kolkata,2024-12-28,23.3,10.9,18.2,3.8,46,cloudy
Kolkata,2024-12-29,24.5,15.5,19.6,0.0,36,sunny
Kolkata,2024-12-30,25.2,13.9,18.3,0.0,70,cloudy
Kolkata,2024-12-31,25.7,12.9,19.1,0.0,44,partly_cloudy
Hyderabad,2022-01-01,26.7,13.1,19.0,0.0,52,partly_cloudy
Hyderabad,2022-01-02,23.2,10.5,18.5,0.0,39,partly_cloudy
Hyderabad,2022-01-03,23.3,11.6,18.1,0.0,34,partly_cloudy
Hyderabad,2022-01-04,25.4,12.4,19.8,3.8,55,sunny
Hyderabad,2022-01-05,23.8,12.8,18.8,0.0,44,partly_cloudy
Hyderabad,2022-01-06,26.7,12.3,20.2,0.0,34,partly_cloudy
Hyderabad,2022-01-07,26.0,16.9,21.7,0.0,52,cloudy
Hyderabad,2022-01-08,26.5,15.6,19.7,0.0,66,cloudy
Hyderabad,2022-01-09,25.5,11.8,18.2,0.0,31,cloudy
Hyderabad,2022-01-10,25.2,13.2,18.6,0.0,57,sunny
Hyderabad,2022-01-11,27.1,12.2,19.9,0.0,45,sunny
Hyderabad,2022-01-12,24.8,11.4,18.7,0.0,31,cloudy
Hyderabad,2022-01-13,27.0,14.9,21.3,0.0,32,sunny
Hyderabad,2022-01-14,24.8,13.0,20.4,0.0,49,cloudy
Hyderabad,2022-01-15,27.8,14.3,20.3,0.0,31,cloudy
Hyderabad,2022-01-16,25.2,16.6,21.3,0.0,59,cloudy
Hyderabad,2022-01-17,24.4,14.5,18.4,0.0,51,cloudy
Hyderabad,2022-01-18,26.3,13.3,19.8,0.0,47,cloudy
Hyderabad,2022-01-19,26.4,12.9,20.7,0.0,56,cloudy
Hyderabad,2022-01-20,29.0,16.3,21.7,0.0,60,partly_cloudy
Hyderabad,2022-01-21,25.6,15.1,20.2,0.0,30,cloudy
Hyderabad,2022-01-22,27.4,18.2,21.5,0.0,58,cloudy
Hyderabad,2022-01-23,22.4,14.3,18.8,0.0,30,cloudy
Hyderabad,2022-01-24,25.9,14.7,19.5,2.7,31,partly_cloudy
Hyderabad,2022-01-25,27.0,14.2,19.1,0.0,54,partly_cloudy
Hyderabad,2022-01-26,26.1,11.4,19.4,0.0,53,cloudy
Hyderabad,2022-01-27,24.3,13.1,20.5,0.0,32,partly_cloudy
Hyderabad,2022-01-28,23.8,14.3,18.6,0.0,57,cloudy
Hyderabad,2022-01-29,25.8,17.2,20.7,0.0,43,cloudy
Hyderabad,2022-01-30,26.6,14.4,20.5,0.0,55,partly_cloudy
Hyderabad,2022-01-31,24.9,12.5,18.9,0.0,37,sunny
Hyderabad,2022-02-01,29.3,14.5,21.7,0.0,32,cloudy
Hyderabad,2022-02-02,22.2,11.0,18.8,0.0,60,partly_cloudy
Hyderabad,2022-02-03,23.2,11.7,18.9,0.0,65,cloudy
Hyderabad,2022-02-04,24.9,12.2,19.9,0.0,38,cloudy
Hyderabad,2022-02-05,22.8,14.3,19.7,0.0,41,partly_cloudy
Hyderabad,2022-02-06,28.0,15.6,21.7,0.0,39,partly_cloudy
Hyderabad,2022-02-07,23.5,16.3,20.5,0.0,61,sunny
Hyderabad,2022-02-08,25.7,16.6,20.3,7.0,70,cloudy
Hyderabad,2022-02-09,25.5,15.7,19.7,0.0,48,partly_cloudy
Hyderabad,2022-02-10,24.8,13.1,19.3,0.0,70,partly_cloudy
Hyderabad,2022-02-11,26.3,18.3,21.6,0.0,42,partly_cloudy
Hyderabad,2022-02-12,25.0,14.8,21.0,0.0,45,sunny
Hyderabad,2022-02-13,23.0,13.1,19.7,0.0,52,sunny
Hyderabad,2022-02-14,25.1,12.5,18.3,0.0,35,sunny
Hyderabad,2022-02-15,26.1,17.6,21.9,0.0,68,cloudy
Hyderabad,2022-02-16,21.2,11.4,18.0,0.0,58,partly_cloudy
Hyderabad,2022-02-17,26.1,14.9,18.2,0.0,44,cloudy
Hyderabad,2022-02-18,25.9,15.6,19.8,0.0,63,sunny
Hyderabad,2022-02-19,25.2,12.3,19.8,0.0,69,sunny
Hyderabad,2022-02-20,26.1,11.5,19.1,0.0,43,cloudy
Hyderabad,2022-02-21,23.7,16.4,20.1,0.0,58,partly_cloudy
Hyderabad,2022-02-22,24.3,16.2,20.9,0.0,70,sunny
Hyderabad,2022-02-23,24.3,15.0,19.7,0.0,60,partly_cloudy
Hyderabad,2022-02-24,25.0,16.9,21.1,0.0,40,cloudy
Hyderabad,2022-02-25,22.6,14.2,18.4,0.0,42,cloudy
Hyderabad,2022-02-26,24.2,14.0,20.2,0.7,33,sunny
Hyderabad,2022-02-27,26.1,14.6,20.6,0.0,48,partly_cloudy
Hyderabad,2022-02-28,26.5,17.0,20.8,0.0,68,sunny
Hyderabad,2022-03-01,40.4,26.7,33.9,0.0,52,cloudy
Hyderabad,2022-03-02,40.3,27.1,33.1,0.0,64,sunny
Hyderabad,2022-03-03,41.0,33.2,36.3,0.0,65,partly_cloudy
Hyderabad,2022-03-04,39.4,27.4,34.0,0.0,69,sunny
Hyderabad,2022-03-05,39.0,26.2,33.6,0.0,43,partly_cloudy
Hyderabad,2022-03-06,41.1,27.8,34.3,0.0,30,partly_cloudy
Hyderabad,2022-03-07,37.1,28.5,33.7,0.0,62,cloudy
Hyderabad,2022-03-08,43.5,31.5,36.4,0.0,63,partly_cloudy
Hyderabad,2022-03-09,42.4,28.3,35.0,0.0,64,sunny
Hyderabad,2022-03-10,40.1,30.2,36.1,1.1,38,partly_cloudy
Hyderabad,2022-03-11,36.2,23.5,31.3,0.0,41,partly_cloudy
Hyderabad,2022-03-12,37.0,26.6,32.2,0.0,46,cloudy
Hyderabad,2022-03-13,39.6,25.0,32.4,0.0,55,sunny
Hyderabad,2022-03-14,40.4,31.4,35.8,0.0,68,sunny
Hyderabad,2022-03-15,40.8,30.9,37.0,8.8,66,partly_cloudy
Hyderabad,2022-03-16,40.3,31.6,36.7,0.0,54,partly_cloudy
Hyderabad,2022-03-17,41.3,27.4,33.9,0.0,51,sunny
Hyderabad,2022-03-18,39.8,28.2,35.9,3.9,59,cloudy
Hyderabad,2022-03-19,34.9,26.5,31.7,0.0,58,cloudy
Hyderabad,2022-03-20,41.5,30.7,33.8,0.0,43,partly_cloudy
Hyderabad,2022-03-21,42.2,28.9,36.8,0.0,48,sunny
Hyderabad,2022-03-22,36.2,25.5,31.9,0.0,47,partly_cloudy
Hyderabad,2022-03-23,41.3,30.8,36.1,4.8,53,sunny
Hyderabad,2022-03-24,42.3,30.2,35.8,0.0,30,cloudy
Hyderabad,2022-03-25,39.5,28.7,36.5,0.0,64,sunny
Hyderabad,2022-03-26,34.3,25.9,31.2,0.0,70,sunny
Hyderabad,2022-03-27,39.3,23.5,31.4,9.2,52,partly_cloudy
Hyderabad,2022-03-28,37.9,24.2,32.0,0.0,48,sunny
Hyderabad,2022-03-29,39.4,27.6,31.7,3.1,61,partly_cloudy
Hyderabad,2022-03-30,39.7,26.5,32.1,0.0,52,sunny
Hyderabad,2022-03-31,37.9,25.5,32.3,0.0,34,partly_cloudy
Hyderabad,2022-04-01,41.4,32.5,36.6,0.0,30,cloudy
Hyderabad,2022-04-02,42.9,29.7,35.3,0.0,63,partly_cloudy
Hyderabad,2022-04-03,39.0,26.5,32.1,0.0,43,cloudy
Hyderabad,2022-04-04,42.9,29.9,36.9,0.0,63,partly_cloudy
Hyderabad,2022-04-05,37.0,28.3,32.4,0.0,36,cloudy
Hyderabad,2022-04-06,39.2,25.2,33.1,7.4,34,cloudy
Hyderabad,2022-04-07,41.3,28.5,36.3,0.0,50,sunny
Hyderabad,2022-04-08,39.5,26.6,33.7,4.4,70,cloudy
Hyderabad,2022-04-09,42.8,31.2,36.0,0.0,69,partly_cloudy
Hyderabad,2022-04-10,38.7,26.7,33.6,0.0,39,sunny
Hyderabad,2022-04-11,36.1,25.5,31.8,0.0,56,partly_cloudy
Hyderabad,2022-04-12,35.0,27.9,31.4,0.0,33,cloudy
Hyderabad,2022-04-13,39.9,30.9,36.7,0.0,65,sunny
Hyderabad,2022-04-14,40.1,28.3,35.6,0.0,36,sunny
Hyderabad,2022-04-15,38.2,28.3,31.8,0.0,35,cloudy
Hyderabad,2022-04-16,38.5,26.8,31.5,8.2,63,cloudy
Hyderabad,2022-04-17,44.3,31.3,37.0,0.0,30,cloudy
Hyderabad,2022-04-18,40.9,30.7,35.3,0.0,66,cloudy
Hyderabad,2022-04-19,41.8,29.4,35.0,0.0,35,sunny
Hyderabad,2022-04-20,40.5,26.1,33.3,0.0,49,partly_cloudy
Hyderabad,2022-04-21,38.4,29.1,33.7,0.0,47,partly_cloudy
Hyderabad,2022-04-22,38.6,27.4,35.1,0.0,35,sunny
Hyderabad,2022-04-23,37.2,29.2,32.9,0.0,33,partly_cloudy
Hyderabad,2022-04-24,40.9,30.0,36.9,0.0,62,cloudy
Hyderabad,2022-04-25,43.6,30.8,36.7,0.0,62,partly_cloudy
Hyderabad,2022-04-26,39.0,30.8,35.0,0.0,37,partly_cloudy
Hyderabad,2022-04-27,35.8,27.4,31.8,0.0,38,partly_cloudy
Hyderabad,2022-04-28,36.9,26.6,33.6,0.0,63,sunny
Hyderabad,2022-04-29,37.3,28.6,32.3,0.0,39,cloudy
Hyderabad,2022-04-30,44.1,29.2,36.9,0.0,52,cloudy
Hyderabad,2022-05-01,41.2,32.4,35.6,0.0,49,sunny
Hyderabad,2022-05-02,42.5,33.7,36.9,0.0,49,sunny
Hyderabad,2022-05-03,37.8,24.5,32.4,0.0,45,cloudy
Hyderabad,2022-05-04,42.6,30.2,35.5,0.0,30,cloudy
Hyderabad,2022-05-05,40.8,30.7,34.4,0.0,38,cloudy
Hyderabad,2022-05-06,39.0,29.7,35.1,1.8,70,cloudy
Hyderabad,2022-05-07,36.3,24.4,32.4,0.0,33,cloudy
Hyderabad,2022-05-08,37.4,27.5,33.3,0.0,59,sunny
Hyderabad,2022-05-09,40.2,27.6,35.6,2.8,52,partly_cloudy
Hyderabad,2022-05-10,36.9,24.6,31.9,0.0,70,cloudy
Hyderabad,2022-05-11,41.1,27.7,34.8,0.0,64,partly_cloudy
Hyderabad,2022-05-12,36.0,28.4,32.7,0.0,51,cloudy
Hyderabad,2022-05-13,39.2,26.2,32.5,0.0,64,partly_cloudy
Hyderabad,2022-05-14,34.1,26.3,31.1,0.0,41,partly_cloudy
Hyderabad,2022-05-15,36.5,25.5,31.7,0.0,47,partly_cloudy
Hyderabad,2022-05-16,39.6,30.3,35.2,8.1,34,cloudy
Hyderabad,2022-05-17,39.8,24.8,32.6,0.0,36,sunny
Hyderabad,2022-05-18,39.1,27.9,31.1,0.0,57,cloudy
Hyderabad,2022-05-19,38.7,29.5,32.7,0.0,37,partly_cloudy
Hyderabad,2022-05-20,38.4,24.1,31.5,0.0,40,partly_cloudy
Hyderabad,2022-05-21,38.1,29.0,33.4,0.0,50,partly_cloudy
Hyderabad,2022-05-22,37.1,28.9,34.0,0.0,51,partly_cloudy
Hyderabad,2022-05-23,39.8,32.5,36.1,0.0,48,cloudy
Hyderabad,2022-05-24,41.2,29.3,36.6,0.0,54,cloudy
Hyderabad,2022-05-25,43.0,31.3,36.5,0.0,39,partly_cloudy
Hyderabad,2022-05-26,37.9,23.5,31.4,0.0,33,partly_cloudy
Hyderabad,2022-05-27,42.1,32.2,35.5,0.0,49,cloudy
Hyderabad,2022-05-28,37.5,29.1,32.9,0.0,48,partly_cloudy
Hyderabad,2022-05-29,37.4,25.5,32.8,0.0,30,partly_cloudy
Hyderabad,2022-05-30,37.5,28.6,33.4,0.0,61,sunny
Hyderabad,2022-05-31,38.4,28.3,31.7,0.0,37,sunny
Hyderabad,2022-06-01,31.7,18.1,24.5,49.5,45,rainy
Hyderabad,2022-06-02,31.6,16.8,24.0,24.8,60,rainy
Hyderabad,2022-06-03,32.5,21.9,28.4,41.4,49,rainy
Hyderabad,2022-06-04,32.5,19.7,24.9,26.5,48,rainy
Hyderabad,2022-06-05,30.3,19.9,24.9,0.0,42,sunny
Hyderabad,2022-06-06,29.1,17.0,23.5,0.0,79,sunny
Hyderabad,2022-06-07,36.3,24.0,29.0,28.0,71,rainy
Hyderabad,2022-06-08,29.3,16.9,23.2,47.8,42,rainy
Hyderabad,2022-06-09,32.5,20.9,25.3,0.0,83,cloudy
Hyderabad,2022-06-10,34.1,24.5,27.7,40.1,94,rainy
Hyderabad,2022-06-11,33.6,23.5,28.0,0.0,81,sunny
Hyderabad,2022-06-12,35.8,24.9,28.7,14.2,64,rainy
Hyderabad,2022-06-13,26.1,16.3,23.1,26.6,40,rainy
Hyderabad,2022-06-14,31.6,19.9,26.4,17.6,51,rainy
Hyderabad,2022-06-15,31.2,21.5,27.0,0.0,94,sunny
Hyderabad,2022-06-16,34.9,21.5,27.0,31.3,43,rainy
Hyderabad,2022-06-17,33.5,22.6,26.5,7.5,79,rainy
Hyderabad,2022-06-18,32.4,23.4,27.9,30.1,54,rainy
Hyderabad,2022-06-19,33.9,22.0,27.7,0.0,50,sunny
Hyderabad,2022-06-20,28.1,20.2,24.6,29.5,92,rainy
Hyderabad,2022-06-21,33.9,18.7,26.0,0.0,64,sunny
Hyderabad,2022-06-22,34.7,23.6,27.7,6.7,40,rainy
Hyderabad,2022-06-23,29.6,20.0,24.8,0.0,93,cloudy
Hyderabad,2022-06-24,30.7,16.4,24.4,34.5,58,rainy
Hyderabad,2022-06-25,35.3,22.0,28.8,8.8,67,rainy
Hyderabad,2022-06-26,34.6,22.9,28.5,0.0,55,sunny
Hyderabad,2022-06-27,32.1,21.5,26.4,0.0,93,sunny
Hyderabad,2022-06-28,32.7,23.8,28.6,27.9,70,rainy
Hyderabad,2022-06-29,33.1,19.2,26.7,29.7,90,rainy
Hyderabad,2022-06-30,29.6,22.2,25.8,0.0,48,cloudy
Hyderabad,2022-07-01,28.3,17.6,23.4,0.0,61,sunny
Hyderabad,2022-07-02,34.2,20.5,27.9,21.2,51,rainy
Hyderabad,2022-07-03,35.5,23.5,27.6,35.9,49,rainy
Hyderabad,2022-07-04,33.5,24.8,28.6,19.0,91,rainy
Hyderabad,2022-07-05,31.8,20.7,25.1,0.0,50,sunny
Hyderabad,2022-07-06,30.1,17.0,23.1,23.3,50,rainy
Hyderabad,2022-07-07,32.2,23.7,27.3,13.8,73,rainy
Hyderabad,2022-07-08,32.4,25.2,28.2,0.0,80,sunny
Hyderabad,2022-07-09,29.4,17.8,24.0,0.0,47,cloudy
Hyderabad,2022-07-10,26.8,19.2,23.6,0.0,93,cloudy
Hyderabad,2022-07-11,35.3,22.1,27.5,21.2,58,rainy
Hyderabad,2022-07-12,30.7,18.2,25.0,25.9,70,rainy
Hyderabad,2022-07-13,33.8,19.8,26.4,5.3,56,rainy
Hyderabad,2022-07-14,27.8,20.2,24.3,26.1,55,rainy
Hyderabad,2022-07-15,34.6,23.7,28.3,0.0,70,cloudy
Hyderabad,2022-07-16,30.7,20.1,27.1,0.0,93,cloudy
Hyderabad,2022-07-17,30.2,19.9,26.8,45.0,43,rainy
Hyderabad,2022-07-18,27.2,20.6,24.2,30.3,63,rainy
Hyderabad,2022-07-19,34.1,19.7,26.2,0.0,46,cloudy
Hyderabad,2022-07-20,28.4,20.1,24.9,0.0,49,sunny
Hyderabad,2022-07-21,33.3,23.5,27.6,40.4,45,rainy
Hyderabad,2022-07-22,31.5,18.2,25.2,0.0,58,cloudy
Hyderabad,2022-07-23,31.8,21.9,28.0,16.6,66,rainy
Hyderabad,2022-07-24,31.3,19.6,25.5,13.6,95,rainy
Hyderabad,2022-07-25,30.8,20.6,24.2,0.0,70,cloudy
Hyderabad,2022-07-26,31.9,18.5,25.4,0.0,90,cloudy
Hyderabad,2022-07-27,29.0,16.3,23.7,0.0,73,sunny
Hyderabad,2022-07-28,30.0,20.0,24.5,36.5,46,rainy
Hyderabad,2022-07-29,31.3,22.9,27.3,0.0,59,cloudy
Hyderabad,2022-07-30,27.9,17.4,24.3,0.0,72,cloudy
Hyderabad,2022-07-31,31.4,18.9,26.2,16.9,56,rainy
Hyderabad,2022-08-01,30.9,23.4,26.9,0.0,92,sunny
Hyderabad,2022-08-02,30.3,18.1,23.9,46.9,90,rainy
Hyderabad,2022-08-03,30.6,19.9,25.0,0.0,47,sunny
Hyderabad,2022-08-04,33.8,21.0,27.4,0.0,90,sunny
Hyderabad,2022-08-05,31.1,21.8,25.1,0.0,54,sunny
Hyderabad,2022-08-06,32.8,19.4,26.3,25.7,90,rainy
Hyderabad,2022-08-07,27.9,19.7,24.2,35.2,86,rainy
Hyderabad,2022-08-08,32.5,24.5,27.8,25.2,65,rainy
Hyderabad,2022-08-09,32.2,20.0,25.0,14.2,41,rainy
Hyderabad,2022-08-10,31.7,19.0,24.6,33.7,70,rainy
Hyderabad,2022-08-11,32.7,23.3,28.8,28.1,52,rainy
Hyderabad,2022-08-12,31.6,18.7,24.2,25.2,56,rainy
Hyderabad,2022-08-13,27.4,20.9,24.1,0.0,87,cloudy
Hyderabad,2022-08-14,33.3,21.3,26.2,17.5,76,rainy
Hyderabad,2022-08-15,31.1,17.1,24.2,5.2,85,rainy
Hyderabad,2022-08-16,36.1,21.2,28.5,0.0,45,cloudy
Hyderabad,2022-08-17,31.4,19.1,26.9,13.6,44,rainy
Hyderabad,2022-08-18,32.0,22.8,27.0,16.8,79,rainy
Hyderabad,2022-08-19,31.7,20.6,28.0,37.7,60,rainy
Hyderabad,2022-08-20,31.9,19.8,27.6,32.0,70,rainy
Hyderabad,2022-08-21,30.5,18.4,25.3,0.0,85,sunny
Hyderabad,2022-08-22,27.4,17.8,24.1,27.9,95,rainy
Hyderabad,2022-08-23,28.4,20.0,24.6,0.0,48,sunny
Hyderabad,2022-08-24,29.7,20.6,24.9,25.8,94,rainy
Hyderabad,2022-08-25,33.9,22.7,27.0,45.3,92,rainy
Hyderabad,2022-08-26,31.9,20.1,24.2,29.4,53,rainy
Hyderabad,2022-08-27,30.3,17.0,23.7,34.5,63,rainy
Hyderabad,2022-08-28,32.7,22.6,28.9,9.3,86,rainy
Hyderabad,2022-08-29,31.8,22.9,26.1,0.0,50,cloudy
Hyderabad,2022-08-30,27.2,16.3,23.9,23.3,92,rainy
Hyderabad,2022-08-31,35.7,19.9,27.9,0.0,64,cloudy
Hyderabad,2022-09-01,29.5,19.1,26.5,32.0,66,rainy
Hyderabad,2022-09-02,35.2,24.7,28.3,0.0,71,sunny
Hyderabad,2022-09-03,27.7,16.0,23.6,0.0,91,sunny
Hyderabad,2022-09-04,32.3,17.9,25.2,13.9,53,rainy
Hyderabad,2022-09-05,32.5,22.1,27.2,11.1,55,rainy
Hyderabad,2022-09-06,28.1,18.3,23.0,0.0,62,cloudy
Hyderabad,2022-09-07,27.8,17.7,24.5,0.0,92,sunny
Hyderabad,2022-09-08,31.1,22.4,28.0,24.0,86,rainy
Hyderabad,2022-09-09,31.3,23.8,27.0,0.0,91,cloudy
Hyderabad,2022-09-10,35.1,23.1,28.2,0.0,71,cloudy
Hyderabad,2022-09-11,32.2,20.9,25.1,48.1,44,rainy
Hyderabad,2022-09-12,31.5,16.7,24.6,11.9,50,rainy
Hyderabad,2022-09-13,32.0,17.5,24.3,0.0,74,sunny
Hyderabad,2022-09-14,29.7,20.3,24.6,30.3,70,rainy
Hyderabad,2022-09-15,31.7,20.8,24.0,32.0,40,rainy
Hyderabad,2022-09-16,28.0,20.9,24.6,33.4,57,rainy
Hyderabad,2022-09-17,28.6,17.9,24.2,0.0,60,sunny
Hyderabad,2022-09-18,35.0,21.6,28.3,27.5,67,rainy
Hyderabad,2022-09-19,29.4,17.5,24.7,42.9,91,rainy
Hyderabad,2022-09-20,34.3,24.2,28.2,36.5,57,rainy
Hyderabad,2022-09-21,33.3,21.1,27.3,37.5,90,rainy
Hyderabad,2022-09-22,27.8,17.4,23.5,0.0,64,sunny
Hyderabad,2022-09-23,30.7,18.9,26.4,33.8,44,rainy
Hyderabad,2022-09-24,32.9,21.6,27.5,38.3,79,rainy
Hyderabad,2022-09-25,32.0,23.0,28.4,0.0,95,sunny
Hyderabad,2022-09-26,29.4,19.5,23.7,0.0,56,cloudy
Hyderabad,2022-09-27,33.2,23.0,26.1,5.1,94,rainy
Hyderabad,2022-09-28,31.1,22.2,27.3,0.0,54,sunny
Hyderabad,2022-09-29,30.1,22.5,26.9,33.2,73,rainy
Hyderabad,2022-09-30,32.8,18.6,25.7,39.6,52,rainy
Hyderabad,2022-10-01,32.0,20.6,28.1,9.9,66,sunny
Hyderabad,2022-10-02,29.3,18.4,26.2,0.0,63,cloudy
Hyderabad,2022-10-03,33.1,22.9,26.9,0.0,43,partly_cloudy
Hyderabad,2022-10-04,33.8,25.7,29.6,0.0,67,sunny
Hyderabad,2022-10-05,34.9,22.6,26.9,0.0,33,partly_cloudy
Hyderabad,2022-10-06,31.4,21.6,27.1,0.0,39,sunny
Hyderabad,2022-10-07,35.2,22.7,29.4,0.0,47,sunny
Hyderabad,2022-10-08,30.9,24.7,27.8,0.0,30,cloudy
Hyderabad,2022-10-09,35.2,25.8,29.4,0.0,50,sunny
Hyderabad,2022-10-10,34.2,24.2,28.7,0.0,47,sunny
Hyderabad,2022-10-11,32.3,21.6,28.8,0.0,68,cloudy
Hyderabad,2022-10-12,30.1,20.4,26.7,6.2,52,partly_cloudy
Hyderabad,2022-10-13,32.2,21.5,27.1,0.0,68,sunny
Hyderabad,2022-10-14,35.5,22.9,28.2,0.0,38,cloudy
Hyderabad,2022-10-15,33.8,20.1,27.6,0.0,58,partly_cloudy
Hyderabad,2022-10-16,36.3,24.1,28.4,0.5,53,partly_cloudy
Hyderabad,2022-10-17,32.6,20.7,26.8,0.0,42,cloudy
Hyderabad,2022-10-18,33.4,19.2,26.2,2.6,31,partly_cloudy
Hyderabad,2022-10-19,34.7,24.9,29.3,0.0,69,partly_cloudy
Hyderabad,2022-10-20,30.8,21.2,27.2,0.0,65,partly_cloudy
Hyderabad,2022-10-21,33.2,20.4,27.6,0.0,61,sunny
Hyderabad,2022-10-22,32.2,20.1,26.3,0.0,43,sunny
Hyderabad,2022-10-23,30.0,19.4,26.2,0.0,41,partly_cloudy
Hyderabad,2022-10-24,33.3,20.9,28.4,0.0,39,sunny
Hyderabad,2022-10-25,32.0,20.5,27.8,0.0,69,cloudy
Hyderabad,2022-10-26,33.5,24.6,29.6,0.0,56,partly_cloudy
Hyderabad,2022-10-27,34.2,21.3,27.5,2.3,41,sunny
Hyderabad,2022-10-28,29.7,22.6,26.2,9.6,65,partly_cloudy
Hyderabad,2022-10-29,32.3,20.3,27.2,0.0,41,cloudy
Hyderabad,2022-10-30,34.8,22.4,29.5,0.0,70,cloudy
Hyderabad,2022-10-31,32.7,22.3,27.9,0.0,68,cloudy
Hyderabad,2022-11-01,35.5,21.0,27.5,0.0,35,sunny
Hyderabad,2022-11-02,32.1,25.8,28.8,0.0,62,partly_cloudy
Hyderabad,2022-11-03,31.6,24.8,28.5,0.0,30,sunny
Hyderabad,2022-11-04,33.7,23.5,28.1,0.0,42,cloudy
Hyderabad,2022-11-05,32.4,24.3,28.4,0.0,65,partly_cloudy
Hyderabad,2022-11-06,33.1,23.7,27.0,6.3,41,partly_cloudy
Hyderabad,2022-11-07,31.5,19.9,26.5,0.0,49,sunny
Hyderabad,2022-11-08,33.4,25.5,29.1,0.0,35,sunny
Hyderabad,2022-11-09,34.2,19.5,27.1,0.0,59,partly_cloudy
Hyderabad,2022-11-10,33.3,18.4,26.3,0.0,60,sunny
Hyderabad,2022-11-11,34.5,24.8,28.8,0.0,36,partly_cloudy
Hyderabad,2022-11-12,33.9,18.3,26.3,0.0,32,cloudy
Hyderabad,2022-11-13,33.6,21.0,28.6,0.0,39,partly_cloudy
Hyderabad,2022-11-14,32.3,22.8,26.0,0.0,50,cloudy
Hyderabad,2022-11-15,34.7,21.8,29.5,0.0,43,sunny
Hyderabad,2022-11-16,33.2,24.3,28.0,0.0,34,cloudy
Hyderabad,2022-11-17,33.8,21.6,28.4,0.0,67,sunny
Hyderabad,2022-11-18,34.0,20.7,26.4,0.0,49,partly_cloudy
Hyderabad,2022-11-19,33.5,22.6,29.3,0.0,57,partly_cloudy
Hyderabad,2022-11-20,34.4,25.0,29.6,3.1,31,sunny
Hyderabad,2022-11-21,31.2,20.3,26.5,3.4,35,sunny
Hyderabad,2022-11-22,35.1,20.1,28.1,0.0,54,partly_cloudy
Hyderabad,2022-11-23,37.2,22.6,29.9,0.0,58,partly_cloudy
Hyderabad,2022-11-24,31.1,22.2,28.1,0.0,49,cloudy
Hyderabad,2022-11-25,36.8,25.6,29.2,0.0,32,sunny
Hyderabad,2022-11-26,35.7,23.2,29.6,0.0,42,cloudy
Hyderabad,2022-11-27,32.4,23.7,29.1,0.0,34,sunny
Hyderabad,2022-11-28,31.5,22.8,27.7,0.0,36,partly_cloudy
Hyderabad,2022-11-29,34.5,21.0,27.8,0.0,41,partly_cloudy
Hyderabad,2022-11-30,32.9,21.6,27.4,0.0,53,partly_cloudy
Hyderabad,2022-12-01,25.5,13.4,18.7,0.9,62,cloudy
Hyderabad,2022-12-02,28.8,17.9,21.1,0.0,46,sunny
Hyderabad,2022-12-03,24.2,13.8,20.2,0.0,31,sunny
Hyderabad,2022-12-04,27.1,14.2,21.3,0.0,47,cloudy
Hyderabad,2022-12-05,28.8,14.4,21.1,0.0,31,partly_cloudy
Hyderabad,2022-12-06,26.0,16.2,19.9,0.0,39,cloudy
Hyderabad,2022-12-07,24.4,15.1,20.6,0.0,38,sunny
Hyderabad,2022-12-08,23.8,15.2,19.1,0.0,50,sunny
Hyderabad,2022-12-09,26.7,14.4,20.5,0.0,69,cloudy
Hyderabad,2022-12-10,23.5,12.0,18.2,4.5,32,sunny
Hyderabad,2022-12-11,23.1,14.5,19.8,0.0,35,cloudy
Hyderabad,2022-12-12,26.7,13.8,19.6,0.0,38,partly_cloudy
Hyderabad,2022-12-13,26.9,13.0,20.8,0.0,65,cloudy
Hyderabad,2022-12-14,26.0,13.2,20.3,8.2,30,cloudy
Hyderabad,2022-12-15,26.7,13.7,19.3,0.0,50,cloudy
Hyderabad,2022-12-16,26.9,15.8,19.0,2.3,43,partly_cloudy
Hyderabad,2022-12-17,26.9,15.9,21.3,0.3,61,partly_cloudy
Hyderabad,2022-12-18,24.9,13.3,18.8,0.0,47,sunny
Hyderabad,2022-12-19,25.0,15.3,20.9,8.3,62,partly_cloudy
Hyderabad,2022-12-20,21.8,11.7,18.3,0.0,41,partly_cloudy
Hyderabad,2022-12-21,23.4,11.0,18.3,0.0,59,partly_cloudy
Hyderabad,2022-12-22,23.5,13.9,19.1,0.0,49,sunny
Hyderabad,2022-12-23,26.1,15.1,20.2,0.0,34,partly_cloudy
Hyderabad,2022-12-24,24.5,14.3,21.2,0.0,61,sunny
Hyderabad,2022-12-25,27.5,13.3,20.7,0.0,65,cloudy
Hyderabad,2022-12-26,26.4,15.4,21.5,0.0,65,sunny
Hyderabad,2022-12-27,22.8,15.7,19.4,0.0,50,partly_cloudy
Hyderabad,2022-12-28,25.1,17.0,21.1,0.0,31,cloudy
Hyderabad,2022-12-29,26.5,15.0,22.0,0.0,40,partly_cloudy
Hyderabad,2022-12-30,22.6,14.9,19.0,4.4,51,cloudy
Hyderabad,2022-12-31,24.9,15.8,20.6,0.0,45,partly_cloudy
Hyderabad,2023-01-01,27.3,12.8,19.4,0.0,49,cloudy
Hyderabad,2023-01-02,25.8,12.5,20.5,0.0,59,partly_cloudy
Hyderabad,2023-01-03,29.0,15.5,21.4,0.0,70,cloudy
Hyderabad,2023-01-04,24.3,13.0,19.6,0.0,39,cloudy
Hyderabad,2023-01-05,26.3,15.3,21.9,0.0,56,cloudy
Hyderabad,2023-01-06,23.7,13.4,20.4,0.0,60,cloudy
Hyderabad,2023-01-07,24.3,13.9,19.5,0.0,55,partly_cloudy
Hyderabad,2023-01-08,22.0,13.5,18.6,0.0,57,cloudy
Hyderabad,2023-01-09,27.6,15.0,19.8,7.1,30,sunny
Hyderabad,2023-01-10,24.4,13.2,19.7,0.0,51,partly_cloudy
Hyderabad,2023-01-11,29.4,17.4,21.5,0.0,40,sunny
Hyderabad,2023-01-12,28.6,16.2,21.3,0.0,35,partly_cloudy
Hyderabad,2023-01-13,24.7,16.4,21.4,0.0,64,sunny
Hyderabad,2023-01-14,25.2,10.6,18.0,0.0,63,sunny
Hyderabad,2023-01-15,27.2,17.4,20.5,0.0,58,sunny
Hyderabad,2023-01-16,28.0,13.5,20.6,0.0,31,partly_cloudy
Hyderabad,2023-01-17,25.1,16.2,20.2,0.0,48,cloudy
Hyderabad,2023-01-18,24.6,14.8,20.9,0.0,63,sunny
Hyderabad,2023-01-19,24.3,16.6,19.9,0.0,61,sunny
Hyderabad,2023-01-20,27.5,16.8,19.9,0.0,34,cloudy
Hyderabad,2023-01-21,24.1,11.4,18.9,0.0,37,sunny
Hyderabad,2023-01-22,25.6,13.0,20.1,0.0,40,sunny
Hyderabad,2023-01-23,25.1,13.8,21.7,0.0,64,cloudy
Hyderabad,2023-01-24,27.9,13.2,20.6,0.0,64,partly_cloudy
Hyderabad,2023-01-25,25.4,17.4,21.2,0.0,58,cloudy
Hyderabad,2023-01-26,27.6,17.5,20.7,0.0,41,partly_cloudy
Hyderabad,2023-01-27,25.1,16.9,21.8,1.7,61,cloudy
Hyderabad,2023-01-28,25.4,15.5,18.5,0.0,47,sunny
Hyderabad,2023-01-29,29.2,17.6,21.6,0.0,57,cloudy
Hyderabad,2023-01-30,26.0,14.3,19.9,0.0,46,sunny
Hyderabad,2023-01-31,26.5,16.9,21.3,0.0,43,cloudy
Hyderabad,2023-02-01,22.3,14.7,18.2,0.0,33,sunny
Hyderabad,2023-02-02,28.3,16.9,22.0,0.0,55,partly_cloudy
Hyderabad,2023-02-03,25.6,16.0,20.1,0.0,51,sunny
Hyderabad,2023-02-04,25.2,13.7,18.3,0.0,39,sunny
Hyderabad,2023-02-05,26.5,14.9,20.5,0.0,46,partly_cloudy
Hyderabad,2023-02-06,26.9,17.1,21.3,0.0,42,cloudy
Hyderabad,2023-02-07,24.4,15.1,19.5,0.0,33,sunny
Hyderabad,2023-02-08,28.5,14.4,21.1,0.0,61,partly_cloudy
Hyderabad,2023-02-09,25.9,16.2,21.5,0.0,59,sunny
Hyderabad,2023-02-10,24.1,17.7,20.9,0.0,49,partly_cloudy
Hyderabad,2023-02-11,24.2,14.5,18.1,0.0,31,sunny
Hyderabad,2023-02-12,23.8,15.7,18.7,0.0,30,sunny
Hyderabad,2023-02-13,24.1,14.5,20.2,0.0,42,sunny
Hyderabad,2023-02-14,22.5,11.6,19.4,3.0,52,sunny
Hyderabad,2023-02-15,25.0,14.1,21.2,0.0,64,cloudy
Hyderabad,2023-02-16,23.7,12.8,19.1,0.0,48,sunny
Hyderabad,2023-02-17,29.3,16.6,21.3,0.0,37,sunny
Hyderabad,2023-02-18,24.0,16.5,20.3,1.1,50,partly_cloudy
Hyderabad,2023-02-19,27.0,15.5,20.5,0.0,58,partly_cloudy
Hyderabad,2023-02-20,24.4,13.3,19.0,9.3,64,partly_cloudy
Hyderabad,2023-02-21,24.7,13.7,18.9,0.0,40,cloudy
Hyderabad,2023-02-22,25.5,14.4,20.3,0.0,45,partly_cloudy
Hyderabad,2023-02-23,27.2,17.3,22.0,0.0,36,sunny
Hyderabad,2023-02-24,25.5,15.8,21.4,0.0,67,partly_cloudy
Hyderabad,2023-02-25,23.9,13.6,20.0,1.2,70,sunny
Hyderabad,2023-02-26,23.8,15.5,19.3,0.0,67,partly_cloudy
Hyderabad,2023-02-27,25.5,16.4,20.6,0.0,36,cloudy
Hyderabad,2023-02-28,25.5,16.6,20.6,0.0,52,sunny
Hyderabad,2023-03-01,38.7,26.9,32.6,0.0,35,partly_cloudy
Hyderabad,2023-03-02,42.3,31.5,35.3,0.0,30,sunny
Hyderabad,2023-03-03,36.5,27.2,32.0,0.0,49,partly_cloudy
Hyderabad,2023-03-04,34.2,25.3,31.0,0.0,37,sunny
Hyderabad,2023-03-05,35.4,28.0,31.4,0.0,55,partly_cloudy
Hyderabad,2023-03-06,41.0,30.9,35.7,0.0,49,cloudy
Hyderabad,2023-03-07,43.4,32.5,36.6,0.0,67,partly_cloudy
Hyderabad,2023-03-08,42.0,29.0,36.9,9.1,44,cloudy
Hyderabad,2023-03-09,35.4,27.0,31.8,0.0,59,sunny
Hyderabad,2023-03-10,38.7,24.0,32.0,0.0,70,cloudy
Hyderabad,2023-03-11,37.1,27.0,31.9,0.0,68,cloudy
Hyderabad,2023-03-12,37.2,29.0,33.3,0.0,44,partly_cloudy
Hyderabad,2023-03-13,35.8,26.1,32.5,0.0,33,cloudy
Hyderabad,2023-03-14,41.3,29.7,34.4,0.0,31,partly_cloudy
Hyderabad,2023-03-15,40.3,31.1,36.9,0.0,63,sunny
Hyderabad,2023-03-16,42.3,28.3,34.9,0.0,49,partly_cloudy
Hyderabad,2023-03-17,36.7,24.3,31.4,0.0,50,cloudy
Hyderabad,2023-03-18,39.5,26.0,33.6,0.0,46,cloudy
Hyderabad,2023-03-19,40.0,31.7,36.1,0.0,52,sunny
Hyderabad,2023-03-20,40.6,30.6,36.0,0.0,45,partly_cloudy
Hyderabad,2023-03-21,42.9,31.9,35.1,0.0,69,partly_cloudy
Hyderabad,2023-03-22,41.9,30.0,34.2,0.0,65,sunny
Hyderabad,2023-03-23,39.6,29.9,33.0,0.0,67,cloudy
Hyderabad,2023-03-24,42.1,29.0,36.0,0.0,30,cloudy
Hyderabad,2023-03-25,41.1,30.0,36.6,8.9,64,cloudy
Hyderabad,2023-03-26,39.9,30.7,35.5,0.0,50,partly_cloudy
Hyderabad,2023-03-27,38.8,25.4,32.6,0.0,50,sunny
Hyderabad,2023-03-28,37.5,24.8,32.3,0.0,55,cloudy
Hyderabad,2023-03-29,37.4,24.6,31.2,0.0,33,sunny
Hyderabad,2023-03-30,43.1,29.7,35.7,0.0,62,partly_cloudy
Hyderabad,2023-03-31,42.5,32.6,36.2,0.0,54,sunny
Hyderabad,2023-04-01,40.0,26.0,32.7,7.1,69,cloudy
Hyderabad,2023-04-02,40.5,32.8,36.4,0.0,56,partly_cloudy
Hyderabad,2023-04-03,37.8,25.7,33.4,0.0,36,partly_cloudy
Hyderabad,2023-04-04,37.5,29.0,32.4,0.0,37,sunny
Hyderabad,2023-04-05,40.9,27.6,32.9,0.0,42,partly_cloudy
Hyderabad,2023-04-06,35.3,28.9,32.2,0.0,65,sunny
Hyderabad,2023-04-07,42.9,30.2,36.8,0.0,33,sunny
Hyderabad,2023-04-08,42.3,30.7,36.7,0.0,44,sunny
Hyderabad,2023-04-09,42.2,31.5,34.7,0.0,57,partly_cloudy
Hyderabad,2023-04-10,40.4,29.8,34.9,0.0,57,sunny
Hyderabad,2023-04-11,34.3,23.5,31.2,0.0,64,partly_cloudy
Hyderabad,2023-04-12,38.6,28.2,32.2,0.0,40,partly_cloudy
Hyderabad,2023-04-13,38.5,29.9,34.6,0.0,41,sunny
Hyderabad,2023-04-14,41.5,32.2,36.2,0.0,53,cloudy
Hyderabad,2023-04-15,40.7,27.8,33.0,0.0,47,cloudy
Hyderabad,2023-04-16,37.6,25.1,32.2,0.0,52,cloudy
Hyderabad,2023-04-17,39.5,29.8,34.2,0.0,50,cloudy
Hyderabad,2023-04-18,36.2,26.1,31.8,0.0,59,partly_cloudy
Hyderabad,2023-04-19,40.2,29.2,34.7,0.0,60,partly_cloudy
Hyderabad,2023-04-20,36.7,24.3,31.0,3.1,31,cloudy
Hyderabad,2023-04-21,42.9,29.6,35.7,0.0,32,sunny
Hyderabad,2023-04-22,38.5,27.2,33.6,0.0,36,cloudy
Hyderabad,2023-04-23,41.6,27.9,34.5,0.0,49,cloudy
Hyderabad,2023-04-24,40.9,27.7,35.2,0.0,52,sunny
Hyderabad,2023-04-25,42.6,31.3,35.0,0.0,34,partly_cloudy
Hyderabad,2023-04-26,37.6,28.4,32.0,0.0,51,partly_cloudy
Hyderabad,2023-04-27,42.8,29.1,36.5,0.0,45,sunny
Hyderabad,2023-04-28,40.8,28.5,35.3,0.0,60,sunny
Hyderabad,2023-04-29,37.4,25.3,31.7,0.0,54,cloudy
Hyderabad,2023-04-30,41.6,28.5,35.0,0.0,66,sunny
Hyderabad,2023-05-01,41.1,31.6,36.5,0.0,41,sunny
Hyderabad,2023-05-02,39.8,29.4,32.8,0.0,53,sunny
Hyderabad,2023-05-03,40.2,25.3,32.9,0.0,45,cloudy
Hyderabad,2023-05-04,42.7,30.8,35.8,0.0,45,sunny
Hyderabad,2023-05-05,40.1,28.4,32.8,0.0,69,sunny
Hyderabad,2023-05-06,40.9,27.2,34.6,0.0,64,sunny
Hyderabad,2023-05-07,39.8,29.7,35.8,0.0,43,partly_cloudy
Hyderabad,2023-05-08,40.1,26.1,33.9,0.0,43,sunny
Hyderabad,2023-05-09,41.8,30.2,35.3,0.0,33,partly_cloudy
Hyderabad,2023-05-10,41.2,29.5,33.2,0.0,62,cloudy
Hyderabad,2023-05-11,38.9,28.5,32.6,0.0,31,sunny
Hyderabad,2023-05-12,39.0,24.7,32.1,0.0,65,partly_cloudy
Hyderabad,2023-05-13,39.1,25.8,33.6,0.0,62,partly_cloudy
Hyderabad,2023-05-14,40.5,25.1,33.0,0.0,64,sunny
Hyderabad,2023-05-15,38.3,28.8,32.6,8.7,45,partly_cloudy
Hyderabad,2023-05-16,42.1,30.0,35.4,0.0,38,cloudy
Hyderabad,2023-05-17,35.7,28.5,31.8,0.0,40,cloudy
Hyderabad,2023-05-18,41.7,29.5,34.6,0.0,65,sunny
Hyderabad,2023-05-19,39.6,27.3,32.5,5.7,70,partly_cloudy
Hyderabad,2023-05-20,39.1,27.1,34.5,0.0,64,sunny
Hyderabad,2023-05-21,39.7,25.4,32.2,0.0,69,sunny
Hyderabad,2023-05-22,39.2,28.0,35.3,0.0,62,sunny
Hyderabad,2023-05-23,43.0,29.5,36.9,0.0,50,partly_cloudy
Hyderabad,2023-05-24,40.4,30.8,34.8,0.0,60,cloudy
Hyderabad,2023-05-25,38.2,24.8,32.0,0.0,67,sunny
Hyderabad,2023-05-26,42.2,32.6,36.9,0.0,68,partly_cloudy
Hyderabad,2023-05-27,39.4,30.8,34.0,0.0,52,sunny
Hyderabad,2023-05-28,41.2,28.3,34.1,0.0,44,cloudy
Hyderabad,2023-05-29,35.8,24.8,31.2,0.0,69,cloudy
Hyderabad,2023-05-30,42.3,30.0,37.0,0.1,47,sunny
Hyderabad,2023-05-31,39.2,28.9,34.9,0.0,35,cloudy
Hyderabad,2023-06-01,31.8,16.6,23.9,7.0,53,rainy
Hyderabad,2023-06-02,33.7,19.1,25.9,31.6,95,rainy
Hyderabad,2023-06-03,30.7,17.8,24.8,0.0,64,cloudy
Hyderabad,2023-06-04,34.4,20.8,28.2,20.1,89,rainy
Hyderabad,2023-06-05,32.0,22.5,28.3,0.0,69,sunny
Hyderabad,2023-06-06,33.2,23.6,26.7,24.4,79,rainy
Hyderabad,2023-06-07,30.9,18.8,24.8,0.0,89,cloudy
Hyderabad,2023-06-08,29.8,20.9,24.6,33.9,44,rainy
Hyderabad,2023-06-09,29.2,15.6,23.1,30.9,40,rainy
Hyderabad,2023-06-10,32.8,20.1,25.0,27.7,46,rainy
Hyderabad,2023-06-11,29.8,17.9,24.6,0.0,67,sunny
Hyderabad,2023-06-12,27.4,17.5,24.3,0.0,78,sunny
Hyderabad,2023-06-13,29.7,22.6,25.7,0.0,75,sunny
Hyderabad,2023-06-14,33.6,23.0,27.6,24.8,95,rainy
Hyderabad,2023-06-15,27.1,15.3,23.1,0.0,67,sunny
Hyderabad,2023-06-16,33.8,22.7,27.9,32.3,47,rainy
Hyderabad,2023-06-17,32.6,20.0,25.4,11.2,44,rainy
Hyderabad,2023-06-18,32.5,21.5,26.5,0.0,77,cloudy
Hyderabad,2023-06-19,33.3,24.3,27.7,17.2,84,rainy
Hyderabad,2023-06-20,30.9,19.9,24.5,0.0,92,sunny
Hyderabad,2023-06-21,33.6,19.8,26.2,20.6,45,rainy
Hyderabad,2023-06-22,33.0,21.3,28.0,5.4,47,rainy
Hyderabad,2023-06-23,32.4,19.5,24.7,22.7,45,rainy
Hyderabad,2023-06-24,34.2,24.9,28.8,16.3,45,rainy
Hyderabad,2023-06-25,29.8,20.2,24.6,48.8,90,rainy
Hyderabad,2023-06-26,29.2,21.3,26.1,40.7,79,rainy
Hyderabad,2023-06-27,29.9,19.3,26.4,37.6,74,rainy
Hyderabad,2023-06-28,32.7,19.6,25.5,24.8,50,rainy
Hyderabad,2023-06-29,31.4,17.4,23.8,30.9,78,rainy
Hyderabad,2023-06-30,28.5,19.4,25.0,37.4,50,rainy
Hyderabad,2023-07-01,30.7,18.7,23.6,0.0,48,sunny
Hyderabad,2023-07-02,31.2,22.1,26.9,0.0,40,cloudy
Hyderabad,2023-07-03,27.4,17.2,23.9,45.7,50,rainy
Hyderabad,2023-07-04,36.0,21.6,28.5,0.0,95,sunny
Hyderabad,2023-07-05,31.0,22.7,26.5,25.5,77,rainy
Hyderabad,2023-07-06,34.5,23.8,27.7,0.0,47,cloudy
Hyderabad,2023-07-07,34.1,23.8,28.3,20.7,64,rainy
Hyderabad,2023-07-08,29.9,17.7,24.3,7.2,91,rainy
Hyderabad,2023-07-09,30.2,17.5,24.6,19.3,64,rainy
Hyderabad,2023-07-10,30.3,21.2,24.4,11.6,60,rainy
Hyderabad,2023-07-11,28.9,20.6,24.2,12.8,84,rainy
Hyderabad,2023-07-12,35.0,23.3,27.6,0.0,72,cloudy
Hyderabad,2023-07-13,27.0,17.4,23.0,0.0,87,sunny
Hyderabad,2023-07-14,32.3,23.0,28.8,5.9,80,rainy
Hyderabad,2023-07-15,28.4,17.9,24.4,35.0,79,rainy
Hyderabad,2023-07-16,30.6,22.7,26.1,32.7,90,rainy
Hyderabad,2023-07-17,33.3,22.0,26.1,0.0,49,cloudy
Hyderabad,2023-07-18,32.0,24.8,28.2,6.9,71,rainy
Hyderabad,2023-07-19,28.8,19.4,25.1,0.0,70,cloudy
Hyderabad,2023-07-20,31.7,21.8,26.2,0.0,40,sunny
Hyderabad,2023-07-21,33.4,22.1,27.3,40.6,87,rainy
Hyderabad,2023-07-22,31.0,21.3,25.9,43.0,91,rainy
Hyderabad,2023-07-23,31.2,17.6,23.3,0.0,72,cloudy
Hyderabad,2023-07-24,32.3,22.1,27.2,0.0,43,sunny
Hyderabad,2023-07-25,35.5,23.7,27.7,18.4,56,rainy
Hyderabad,2023-07-26,32.4,22.4,25.7,40.3,74,rainy
Hyderabad,2023-07-27,32.6,20.4,24.7,0.0,72,cloudy
Hyderabad,2023-07-28,30.3,20.5,23.8,22.4,90,rainy
Hyderabad,2023-07-29,32.0,25.0,28.8,0.0,57,cloudy
Hyderabad,2023-07-30,30.7,19.5,25.6,27.5,52,rainy
Hyderabad,2023-07-31,30.2,20.6,26.4,5.5,44,rainy
Hyderabad,2023-08-01,26.4,16.3,23.3,6.5,87,rainy
Hyderabad,2023-08-02,32.2,20.6,27.7,0.0,78,sunny
Hyderabad,2023-08-03,28.0,16.8,23.3,40.4,75,rainy
Hyderabad,2023-08-04,33.6,21.4,25.9,12.7,95,rainy
Hyderabad,2023-08-05,35.4,20.2,27.5,37.1,45,rainy
Hyderabad,2023-08-06,30.0,20.0,25.5,28.3,87,rainy
Hyderabad,2023-08-07,28.1,15.9,23.7,49.2,59,rainy
Hyderabad,2023-08-08,28.6,17.1,23.9,0.0,52,sunny
Hyderabad,2023-08-09,30.2,20.2,24.9,7.9,51,rainy
Hyderabad,2023-08-10,31.1,16.6,23.7,0.0,72,cloudy
Hyderabad,2023-08-11,29.1,18.0,26.0,0.0,66,sunny
Hyderabad,2023-08-12,32.3,20.0,24.7,0.0,78,cloudy
Hyderabad,2023-08-13,35.2,25.6,28.8,0.0,91,cloudy
Hyderabad,2023-08-14,28.4,17.2,23.0,0.0,59,cloudy
Hyderabad,2023-08-15,30.4,18.8,25.5,0.0,65,cloudy
Hyderabad,2023-08-16,33.0,23.1,27.7,0.0,60,sunny
Hyderabad,2023-08-17,34.0,22.1,26.8,25.5,58,rainy
Hyderabad,2023-08-18,26.7,17.5,23.5,38.7,85,rainy
Hyderabad,2023-08-19,29.2,18.8,24.1,22.0,73,rainy
Hyderabad,2023-08-20,32.5,22.8,28.4,24.7,94,rainy
Hyderabad,2023-08-21,28.5,18.7,25.4,0.0,67,cloudy
Hyderabad,2023-08-22,30.2,17.5,24.2,0.0,90,cloudy
Hyderabad,2023-08-23,28.5,20.6,24.4,0.0,89,cloudy
Hyderabad,2023-08-24,32.0,19.6,24.1,0.0,68,sunny
Hyderabad,2023-08-25,32.2,19.9,26.9,8.7,47,rainy
Hyderabad,2023-08-26,33.2,24.3,27.5,30.3,63,rainy
Hyderabad,2023-08-27,32.9,20.7,28.3,26.3,68,rainy
Hyderabad,2023-08-28,32.7,19.4,24.8,39.0,85,rainy
Hyderabad,2023-08-29,33.6,20.8,26.5,0.0,61,cloudy
Hyderabad,2023-08-30,30.1,20.8,26.4,0.0,88,sunny
Hyderabad,2023-08-31,33.3,21.5,26.3,0.0,72,cloudy
Hyderabad,2023-09-01,36.3,23.4,28.6,39.8,89,rainy
Hyderabad,2023-09-02,29.4,17.5,24.6,0.0,87,cloudy
Hyderabad,2023-09-03,32.5,17.4,24.7,0.0,61,cloudy
Hyderabad,2023-09-04,33.9,21.4,26.1,28.4,49,rainy
Hyderabad,2023-09-05,33.0,17.4,25.3,0.0,94,cloudy
Hyderabad,2023-09-06,34.0,22.9,27.1,34.5,76,rainy
Hyderabad,2023-09-07,31.1,22.7,27.0,0.0,69,cloudy
Hyderabad,2023-09-08,32.0,20.0,26.2,8.1,73,rainy
Hyderabad,2023-09-09,30.8,17.5,24.3,0.0,69,cloudy
Hyderabad,2023-09-10,31.7,21.2,27.0,33.5,63,rainy
Hyderabad,2023-09-11,30.8,19.2,26.7,0.0,85,cloudy
Hyderabad,2023-09-12,33.1,22.0,27.2,47.4,77,rainy
Hyderabad,2023-09-13,30.9,19.2,23.1,0.0,76,sunny
Hyderabad,2023-09-14,26.7,16.4,23.4,14.2,67,rainy
Hyderabad,2023-09-15,30.9,15.8,23.2,0.0,45,sunny
Hyderabad,2023-09-16,29.8,17.7,25.0,0.0,48,cloudy
Hyderabad,2023-09-17,35.1,21.1,27.9,0.0,41,sunny
Hyderabad,2023-09-18,34.1,20.7,28.3,0.0,73,sunny
Hyderabad,2023-09-19,28.6,16.3,23.9,13.6,95,rainy
Hyderabad,2023-09-20,31.1,22.3,25.8,10.2,43,rainy
Hyderabad,2023-09-21,31.2,22.3,28.0,44.2,49,rainy
Hyderabad,2023-09-22,34.3,22.5,28.3,41.4,74,rainy
Hyderabad,2023-09-23,31.4,22.7,27.0,0.0,42,sunny
Hyderabad,2023-09-24,31.4,18.1,25.2,0.0,58,cloudy
Hyderabad,2023-09-25,33.7,22.3,26.2,0.0,90,sunny
Hyderabad,2023-09-26,31.5,20.7,25.4,47.4,57,rainy
Hyderabad,2023-09-27,31.8,17.3,24.4,28.6,89,rainy
Hyderabad,2023-09-28,33.0,23.3,28.0,49.5,75,rainy
Hyderabad,2023-09-29,30.0,20.6,24.6,18.1,64,rainy
Hyderabad,2023-09-30,34.0,23.5,26.5,0.0,88,sunny
Hyderabad,2023-10-01,32.0,22.8,27.3,0.0,39,cloudy
Hyderabad,2023-10-02,31.6,22.6,28.1,0.0,46,cloudy
Hyderabad,2023-10-03,31.2,22.1,27.2,0.0,52,cloudy
Hyderabad,2023-10-04,36.3,24.4,29.3,0.0,51,cloudy
Hyderabad,2023-10-05,33.8,23.0,29.7,0.0,64,sunny
Hyderabad,2023-10-06,32.6,23.2,28.9,4.3,46,cloudy
Hyderabad,2023-10-07,34.7,24.7,29.0,0.0,54,sunny
Hyderabad,2023-10-08,36.1,22.3,29.9,0.0,69,sunny
Hyderabad,2023-10-09,32.2,21.2,28.0,0.0,53,cloudy
Hyderabad,2023-10-10,31.3,21.1,28.3,0.0,56,sunny
Hyderabad,2023-10-11,33.7,22.2,26.7,0.0,52,sunny
Hyderabad,2023-10-12,33.3,20.8,26.4,0.0,70,sunny
Hyderabad,2023-10-13,33.7,21.3,27.7,0.0,62,partly_cloudy
Hyderabad,2023-10-14,34.4,26.7,29.7,0.0,66,sunny
Hyderabad,2023-10-15,31.6,24.2,27.5,0.0,43,sunny
Hyderabad,2023-10-16,32.8,23.9,29.4,0.0,35,partly_cloudy
Hyderabad,2023-10-17,32.8,25.7,29.7,0.0,46,sunny
Hyderabad,2023-10-18,35.9,22.9,29.3,0.0,58,sunny
Hyderabad,2023-10-19,34.7,22.2,27.5,0.0,59,sunny
Hyderabad,2023-10-20,32.0,20.8,26.9,0.0,45,cloudy
Hyderabad,2023-10-21,33.1,20.1,27.8,0.0,37,partly_cloudy
Hyderabad,2023-10-22,35.7,21.4,28.6,0.0,40,sunny
Hyderabad,2023-10-23,33.3,19.9,26.5,0.0,47,cloudy
Hyderabad,2023-10-24,34.7,23.6,28.5,8.5,70,partly_cloudy
Hyderabad,2023-10-25,34.2,22.6,29.2,0.0,33,cloudy
Hyderabad,2023-10-26,36.2,25.0,29.0,0.0,57,cloudy
Hyderabad,2023-10-27,33.4,20.4,27.7,0.0,62,sunny
Hyderabad,2023-10-28,35.2,24.1,29.9,0.0,36,sunny
Hyderabad,2023-10-29,30.5,22.0,27.0,0.0,32,partly_cloudy
Hyderabad,2023-10-30,32.7,22.6,28.0,0.0,31,cloudy
Hyderabad,2023-10-31,33.9,22.8,27.2,0.0,34,sunny
Hyderabad,2023-11-01,33.6,22.3,27.0,0.0,62,partly_cloudy
Hyderabad,2023-11-02,32.4,20.6,26.6,0.0,54,sunny
Hyderabad,2023-11-03,34.6,25.4,28.5,0.0,40,sunny
Hyderabad,2023-11-04,29.7,22.3,26.4,0.0,31,sunny
Hyderabad,2023-11-05,32.9,21.8,28.1,7.6,68,cloudy
Hyderabad,2023-11-06,35.7,22.8,28.9,0.0,30,partly_cloudy
Hyderabad,2023-11-07,29.8,20.4,26.0,0.0,45,partly_cloudy
Hyderabad,2023-11-08,34.8,20.6,27.4,9.0,52,partly_cloudy
Hyderabad,2023-11-09,31.2,19.2,26.5,0.0,30,sunny
Hyderabad,2023-11-10,31.8,21.1,26.6,0.0,40,cloudy
Hyderabad,2023-11-11,31.3,23.5,27.3,0.0,49,partly_cloudy
Hyderabad,2023-11-12,29.1,19.6,26.0,0.0,52,partly_cloudy
Hyderabad,2023-11-13,34.5,23.8,29.6,0.0,60,partly_cloudy
Hyderabad,2023-11-14,34.2,21.7,26.8,0.0,45,partly_cloudy
Hyderabad,2023-11-15,34.1,22.1,29.1,0.0,33,cloudy
Hyderabad,2023-11-16,35.1,21.4,27.2,0.0,40,sunny
Hyderabad,2023-11-17,33.8,19.9,26.9,0.0,61,cloudy
Hyderabad,2023-11-18,33.3,23.7,29.3,0.0,42,cloudy
Hyderabad,2023-11-19,36.0,25.6,29.3,0.0,53,sunny
Hyderabad,2023-11-20,35.7,21.3,28.0,0.0,66,partly_cloudy
Hyderabad,2023-11-21,34.0,24.9,29.8,0.0,35,partly_cloudy
Hyderabad,2023-11-22,32.6,23.4,27.1,0.0,38,cloudy
Hyderabad,2023-11-23,31.3,18.7,26.6,0.0,44,sunny
Hyderabad,2023-11-24,33.5,19.8,26.7,0.0,43,sunny
Hyderabad,2023-11-25,32.6,24.8,29.4,0.0,39,partly_cloudy
Hyderabad,2023-11-26,33.3,21.8,26.8,0.0,66,cloudy
Hyderabad,2023-11-27,33.5,19.5,26.4,0.0,59,partly_cloudy
Hyderabad,2023-11-28,34.2,23.4,27.8,0.0,63,partly_cloudy
Hyderabad,2023-11-29,34.4,22.7,26.7,7.3,48,partly_cloudy
Hyderabad,2023-11-30,35.5,20.9,28.8,0.0,30,sunny
Hyderabad,2023-12-01,22.9,12.3,18.3,0.0,60,cloudy
Hyderabad,2023-12-02,26.0,12.1,18.6,3.2,45,sunny
Hyderabad,2023-12-03,26.4,15.1,20.8,0.0,52,sunny
Hyderabad,2023-12-04,22.7,12.3,18.4,0.0,50,partly_cloudy
Hyderabad,2023-12-05,24.1,12.4,20.2,0.0,50,sunny
Hyderabad,2023-12-06,27.1,14.9,21.6,0.0,52,partly_cloudy
Hyderabad,2023-12-07,28.2,16.2,20.8,0.0,57,partly_cloudy
Hyderabad,2023-12-08,24.0,14.6,19.2,6.4,62,partly_cloudy
Hyderabad,2023-12-09,23.8,13.9,20.6,0.0,55,partly_cloudy
Hyderabad,2023-12-10,24.5,16.9,20.1,0.7,35,partly_cloudy
Hyderabad,2023-12-11,26.4,14.5,19.2,0.0,33,sunny
Hyderabad,2023-12-12,25.3,15.4,21.4,4.8,46,partly_cloudy
Hyderabad,2023-12-13,23.6,13.0,19.9,0.0,45,cloudy
Hyderabad,2023-12-14,25.6,17.4,21.8,0.0,69,sunny
Hyderabad,2023-12-15,24.4,16.2,20.0,0.0,64,sunny
Hyderabad,2023-12-16,22.8,12.1,19.3,0.0,46,sunny
Hyderabad,2023-12-17,26.9,15.3,19.8,0.0,50,cloudy
Hyderabad,2023-12-18,25.2,13.0,20.1,0.0,42,cloudy
Hyderabad,2023-12-19,24.9,13.7,18.5,0.0,44,cloudy
Hyderabad,2023-12-20,26.8,16.2,21.0,0.0,48,cloudy
Hyderabad,2023-12-21,24.1,13.6,18.5,0.0,59,sunny
Hyderabad,2023-12-22,27.2,15.4,21.2,0.0,70,sunny
Hyderabad,2023-12-23,25.1,15.2,22.0,0.0,33,partly_cloudy
Hyderabad,2023-12-24,25.1,17.6,21.3,0.0,44,sunny
Hyderabad,2023-12-25,22.5,12.7,19.5,0.0,46,partly_cloudy
Hyderabad,2023-12-26,23.1,14.1,19.0,0.0,53,cloudy
Hyderabad,2023-12-27,26.2,15.0,18.8,0.0,61,partly_cloudy
Hyderabad,2023-12-28,23.9,10.5,18.3,0.0,68,cloudy
Hyderabad,2023-12-29,24.7,10.1,18.1,0.0,66,cloudy
Hyderabad,2023-12-30,25.7,12.8,18.3,0.0,69,partly_cloudy
Hyderabad,2023-12-31,24.7,14.1,20.6,0.0,33,cloudy
Hyderabad,2024-01-01,28.3,15.5,21.3,0.0,30,cloudy
Hyderabad,2024-01-02,25.4,16.3,20.4,0.0,70,cloudy
Hyderabad,2024-01-03,25.0,18.3,21.6,0.0,59,sunny
Hyderabad,2024-01-04,27.7,13.1,20.3,0.0,30,cloudy
Hyderabad,2024-01-05,23.0,16.8,19.9,0.0,56,cloudy
Hyderabad,2024-01-06,25.0,16.0,20.4,0.0,60,partly_cloudy
Hyderabad,2024-01-07,26.3,15.1,19.0,0.0,58,partly_cloudy
Hyderabad,2024-01-08,26.0,17.1,21.8,0.0,38,cloudy
Hyderabad,2024-01-09,22.8,14.2,18.2,0.0,35,partly_cloudy
Hyderabad,2024-01-10,26.9,15.8,19.6,0.0,34,cloudy
Hyderabad,2024-01-11,25.5,13.7,18.3,0.0,65,cloudy
Hyderabad,2024-01-12,25.5,16.1,21.6,0.0,31,cloudy
Hyderabad,2024-01-13,26.5,13.7,19.3,5.1,55,sunny
Hyderabad,2024-01-14,25.2,16.0,20.6,0.0,47,sunny
Hyderabad,2024-01-15,26.0,12.4,18.6,0.0,31,cloudy
Hyderabad,2024-01-16,26.4,15.0,18.9,0.0,45,partly_cloudy
Hyderabad,2024-01-17,25.3,13.8,19.8,0.0,59,sunny
Hyderabad,2024-01-18,28.4,15.9,21.3,0.0,31,cloudy
Hyderabad,2024-01-19,24.8,14.7,20.4,0.0,62,cloudy
Hyderabad,2024-01-20,23.3,16.5,19.9,6.7,69,sunny
Hyderabad,2024-01-21,24.7,16.1,20.1,0.0,47,cloudy
Hyderabad,2024-01-22,25.1,15.7,21.2,0.0,68,cloudy
Hyderabad,2024-01-23,22.2,14.4,18.5,0.0,37,cloudy
Hyderabad,2024-01-24,28.4,15.9,21.4,0.0,39,partly_cloudy
Hyderabad,2024-01-25,23.5,11.1,18.2,0.0,66,sunny
Hyderabad,2024-01-26,25.5,14.9,21.0,0.0,57,partly_cloudy
Hyderabad,2024-01-27,22.5,11.6,18.7,0.0,47,cloudy
Hyderabad,2024-01-28,25.9,17.3,21.6,0.0,43,cloudy
Hyderabad,2024-01-29,25.5,16.5,19.9,0.0,43,partly_cloudy
Hyderabad,2024-01-30,26.9,16.6,20.2,0.0,62,cloudy
Hyderabad,2024-01-31,22.6,11.1,18.6,0.0,66,cloudy
Hyderabad,2024-02-01,25.9,16.4,21.6,0.0,48,sunny
Hyderabad,2024-02-02,22.9,12.2,18.8,0.0,61,partly_cloudy
Hyderabad,2024-02-03,24.6,12.8,19.3,0.0,68,sunny
Hyderabad,2024-02-04,24.8,14.2,21.0,0.0,42,cloudy
Hyderabad,2024-02-05,25.3,15.2,18.8,4.7,70,partly_cloudy
Hyderabad,2024-02-06,23.1,11.3,18.0,0.0,43,cloudy
Hyderabad,2024-02-07,27.5,16.2,21.7,0.0,68,partly_cloudy
Hyderabad,2024-02-08,22.9,14.5,19.6,0.0,33,partly_cloudy
Hyderabad,2024-02-09,24.9,16.9,20.6,0.0,47,cloudy
Hyderabad,2024-02-10,26.2,15.1,18.7,0.0,45,sunny
Hyderabad,2024-02-11,25.1,13.6,20.3,5.3,55,sunny
Hyderabad,2024-02-12,27.4,16.4,19.6,0.0,63,partly_cloudy
Hyderabad,2024-02-13,24.0,14.1,18.5,6.8,31,cloudy
Hyderabad,2024-02-14,28.7,17.8,20.9,0.0,33,partly_cloudy
Hyderabad,2024-02-15,29.2,17.0,22.0,0.0,33,sunny
Hyderabad,2024-02-16,26.5,13.6,20.1,0.0,58,cloudy
Hyderabad,2024-02-17,26.4,15.6,19.6,0.0,36,sunny
Hyderabad,2024-02-18,24.7,12.0,18.4,3.5,35,sunny
Hyderabad,2024-02-19,24.9,13.6,20.4,0.0,67,partly_cloudy
Hyderabad,2024-02-20,22.4,15.9,19.4,0.0,65,cloudy
Hyderabad,2024-02-21,22.8,13.0,18.2,3.3,30,sunny
Hyderabad,2024-02-22,26.7,14.8,18.9,0.0,56,sunny
Hyderabad,2024-02-23,25.4,12.7,20.4,0.0,41,cloudy
Hyderabad,2024-02-24,28.1,14.6,21.2,0.0,59,cloudy
Hyderabad,2024-02-25,23.0,11.0,18.9,0.0,58,sunny
Hyderabad,2024-02-26,25.6,18.6,21.9,0.0,66,sunny
Hyderabad,2024-02-27,28.5,13.2,20.9,0.0,53,cloudy
Hyderabad,2024-02-28,24.3,12.5,19.4,0.0,60,cloudy
Hyderabad,2024-02-29,25.0,16.1,21.4,0.0,51,cloudy
Hyderabad,2024-03-01,41.3,29.7,34.2,0.0,68,cloudy
Hyderabad,2024-03-02,43.1,29.5,35.8,0.0,55,partly_cloudy
Hyderabad,2024-03-03,36.8,26.9,32.9,0.0,45,sunny
Hyderabad,2024-03-04,40.6,30.1,35.4,0.0,36,partly_cloudy
Hyderabad,2024-03-05,42.4,31.6,34.8,0.0,32,sunny
Hyderabad,2024-03-06,40.5,27.3,32.7,0.0,43,partly_cloudy
Hyderabad,2024-03-07,38.7,28.2,32.3,0.0,54,sunny
Hyderabad,2024-03-08,41.8,30.8,34.5,0.0,39,sunny
Hyderabad,2024-03-09,37.0,27.4,31.2,4.6,57,sunny
Hyderabad,2024-03-10,39.4,28.0,35.4,0.0,40,cloudy
Hyderabad,2024-03-11,39.2,25.9,33.5,0.0,55,cloudy
Hyderabad,2024-03-12,37.9,29.0,34.1,0.0,62,partly_cloudy
Hyderabad,2024-03-13,37.4,28.8,34.3,8.8,53,cloudy
Hyderabad,2024-03-14,43.6,31.1,36.6,0.0,65,sunny
Hyderabad,2024-03-15,39.8,29.4,33.0,0.0,61,cloudy
Hyderabad,2024-03-16,40.2,30.3,34.6,0.0,44,sunny
Hyderabad,2024-03-17,38.7,30.0,33.1,0.0,39,partly_cloudy
Hyderabad,2024-03-18,37.1,24.5,31.1,0.0,53,cloudy
Hyderabad,2024-03-19,40.4,28.2,32.6,0.0,51,sunny
Hyderabad,2024-03-20,39.2,28.1,32.6,0.0,68,partly_cloudy
Hyderabad,2024-03-21,37.3,28.5,33.2,0.0,34,sunny
Hyderabad,2024-03-22,36.7,28.2,33.1,0.0,47,sunny
Hyderabad,2024-03-23,37.8,28.0,33.5,0.0,69,sunny
Hyderabad,2024-03-24,40.6,29.8,32.8,0.0,39,partly_cloudy
Hyderabad,2024-03-25,40.4,31.7,35.5,0.0,41,partly_cloudy
Hyderabad,2024-03-26,36.8,29.0,32.0,0.0,70,sunny
Hyderabad,2024-03-27,40.7,31.9,36.6,0.0,38,sunny
Hyderabad,2024-03-28,42.6,28.0,35.5,0.8,38,sunny
Hyderabad,2024-03-29,39.2,25.4,32.9,0.0,33,cloudy
Hyderabad,2024-03-30,40.1,28.4,34.9,0.0,56,cloudy
Hyderabad,2024-03-31,40.3,28.9,33.3,0.0,48,partly_cloudy
Hyderabad,2024-04-01,40.6,25.0,32.8,0.0,62,sunny
Hyderabad,2024-04-02,40.4,30.2,35.2,0.0,38,cloudy
Hyderabad,2024-04-03,38.9,27.1,32.6,0.0,37,partly_cloudy
Hyderabad,2024-04-04,41.0,30.7,35.4,0.0,45,partly_cloudy
Hyderabad,2024-04-05,40.4,32.0,35.4,0.0,61,partly_cloudy
Hyderabad,2024-04-06,41.9,28.6,36.1,0.0,69,cloudy
Hyderabad,2024-04-07,40.7,27.1,33.4,0.5,54,partly_cloudy
Hyderabad,2024-04-08,38.7,27.4,34.1,0.0,51,sunny
Hyderabad,2024-04-09,40.7,31.1,36.3,0.0,56,partly_cloudy
Hyderabad,2024-04-10,40.4,30.2,34.2,0.0,34,sunny
Hyderabad,2024-04-11,40.1,25.9,32.2,0.0,32,partly_cloudy
Hyderabad,2024-04-12,41.1,28.7,33.6,0.0,35,partly_cloudy
Hyderabad,2024-04-13,37.9,25.1,32.8,0.0,36,sunny
Hyderabad,2024-04-14,34.6,24.8,31.1,0.0,33,cloudy
Hyderabad,2024-04-15,40.5,28.3,34.3,0.0,31,cloudy
Hyderabad,2024-04-16,41.9,28.1,34.8,0.0,57,cloudy
Hyderabad,2024-04-17,39.1,27.8,35.5,5.2,48,sunny
Hyderabad,2024-04-18,37.0,24.9,32.1,0.0,48,cloudy
Hyderabad,2024-04-19,36.9,25.5,32.8,0.0,52,sunny
Hyderabad,2024-04-20,43.3,30.1,35.8,0.0,34,cloudy
Hyderabad,2024-04-21,36.2,25.8,31.3,0.0,43,cloudy
Hyderabad,2024-04-22,40.9,28.1,34.0,0.0,56,sunny
Hyderabad,2024-04-23,38.2,26.8,34.4,0.0,45,partly_cloudy
Hyderabad,2024-04-24,38.0,25.6,31.3,0.0,35,sunny
Hyderabad,2024-04-25,43.4,29.8,36.0,0.0,36,partly_cloudy
Hyderabad,2024-04-26,39.2,26.0,32.7,3.1,66,cloudy
Hyderabad,2024-04-27,38.6,25.4,32.6,0.0,70,sunny
Hyderabad,2024-04-28,39.6,24.2,31.8,0.0,65,sunny
Hyderabad,2024-04-29,36.7,25.6,31.4,0.0,32,cloudy
Hyderabad,2024-04-30,38.2,28.4,35.1,0.0,70,partly_cloudy
Hyderabad,2024-05-01,35.7,25.8,32.2,0.0,65,cloudy
Hyderabad,2024-05-02,36.2,23.8,31.6,0.0,49,sunny
Hyderabad,2024-05-03,36.4,25.9,32.5,0.0,59,partly_cloudy
Hyderabad,2024-05-04,38.9,29.5,34.9,0.0,54,partly_cloudy
Hyderabad,2024-05-05,37.7,27.6,33.2,1.8,38,partly_cloudy
Hyderabad,2024-05-06,39.6,29.2,35.3,0.0,44,partly_cloudy
Hyderabad,2024-05-07,39.9,29.1,32.1,0.0,31,cloudy
Hyderabad,2024-05-08,37.8,28.0,33.0,0.0,63,cloudy
Hyderabad,2024-05-09,34.4,26.7,31.0,0.0,45,cloudy
Hyderabad,2024-05-10,36.5,27.3,32.3,0.0,63,sunny
Hyderabad,2024-05-11,38.6,24.9,31.2,0.0,54,cloudy
Hyderabad,2024-05-12,41.8,31.3,36.6,0.0,52,cloudy
Hyderabad,2024-05-13,38.6,26.2,33.3,0.0,42,partly_cloudy
Hyderabad,2024-05-14,38.0,26.7,32.9,0.0,50,partly_cloudy
Hyderabad,2024-05-15,38.6,31.6,35.1,0.0,45,partly_cloudy
Hyderabad,2024-05-16,42.6,29.9,35.3,0.0,40,partly_cloudy
Hyderabad,2024-05-17,37.2,26.5,31.4,0.0,42,sunny
Hyderabad,2024-05-18,37.7,28.5,33.4,0.0,64,cloudy
Hyderabad,2024-05-19,37.9,28.5,34.7,0.0,40,cloudy
Hyderabad,2024-05-20,39.8,28.3,35.7,0.0,57,cloudy
Hyderabad,2024-05-21,35.4,24.4,31.4,0.0,42,partly_cloudy
Hyderabad,2024-05-22,40.8,29.0,35.6,0.0,33,sunny
Hyderabad,2024-05-23,36.8,24.8,32.1,0.0,31,sunny
Hyderabad,2024-05-24,42.0,27.9,34.8,0.0,70,sunny
Hyderabad,2024-05-25,37.9,25.6,31.3,0.0,52,cloudy
Hyderabad,2024-05-26,37.5,28.0,34.3,0.0,69,sunny
Hyderabad,2024-05-27,43.2,32.8,36.8,0.0,43,cloudy
Hyderabad,2024-05-28,42.9,31.1,35.4,3.9,46,partly_cloudy
Hyderabad,2024-05-29,35.8,24.6,31.5,0.0,63,partly_cloudy
Hyderabad,2024-05-30,39.4,27.5,32.1,0.0,32,sunny
Hyderabad,2024-05-31,37.5,26.7,34.1,0.0,37,sunny
Hyderabad,2024-06-01,34.1,21.3,26.7,0.0,60,cloudy
Hyderabad,2024-06-02,31.9,20.3,27.8,40.1,75,rainy
Hyderabad,2024-06-03,27.9,18.1,24.2,45.0,92,rainy
Hyderabad,2024-06-04,26.2,19.2,23.1,11.5,64,rainy
Hyderabad,2024-06-05,31.1,15.8,23.2,27.5,42,rainy
Hyderabad,2024-06-06,31.0,16.4,23.9,0.0,43,sunny
Hyderabad,2024-06-07,34.0,24.0,27.3,0.0,55,cloudy
Hyderabad,2024-06-08,33.9,21.0,28.2,32.1,52,rainy
Hyderabad,2024-06-09,31.3,17.7,25.7,16.6,43,rainy
Hyderabad,2024-06-10,29.4,15.8,23.4,0.0,73,cloudy
Hyderabad,2024-06-11,29.1,17.7,23.2,0.0,75,sunny
Hyderabad,2024-06-12,29.6,16.8,23.1,42.0,44,rainy
Hyderabad,2024-06-13,36.4,20.9,28.6,10.4,76,rainy
Hyderabad,2024-06-14,28.5,20.0,24.5,0.0,49,sunny
Hyderabad,2024-06-15,34.5,22.2,28.3,40.3,45,rainy
Hyderabad,2024-06-16,27.6,19.6,24.4,0.0,81,sunny
Hyderabad,2024-06-17,32.6,18.9,26.3,16.7,49,rainy
Hyderabad,2024-06-18,28.3,19.7,24.7,28.2,45,rainy
Hyderabad,2024-06-19,29.8,20.3,25.2,9.8,78,rainy
Hyderabad,2024-06-20,30.7,21.7,26.1,11.5,61,rainy
Hyderabad,2024-06-21,27.3,16.8,23.1,12.8,81,rainy
Hyderabad,2024-06-22,33.0,22.8,25.8,0.0,84,cloudy
Hyderabad,2024-06-23,27.3,18.2,23.1,0.0,70,sunny
Hyderabad,2024-06-24,29.6,16.2,24.1,0.0,69,cloudy
Hyderabad,2024-06-25,29.9,20.2,24.1,22.7,72,rainy
Hyderabad,2024-06-26,33.6,22.2,27.2,36.4,57,rainy
Hyderabad,2024-06-27,34.6,22.5,28.1,12.5,91,rainy
Hyderabad,2024-06-28,30.2,18.8,24.1,0.0,42,cloudy
Hyderabad,2024-06-29,31.3,20.7,25.8,47.3,52,rainy
Hyderabad,2024-06-30,28.8,20.1,23.8,0.0,75,cloudy
Hyderabad,2024-07-01,32.2,18.6,25.3,43.8,84,rainy
Hyderabad,2024-07-02,32.7,21.6,26.6,29.5,59,rainy
Hyderabad,2024-07-03,30.6,20.5,23.9,17.2,79,rainy
Hyderabad,2024-07-04,33.3,21.5,27.6,27.9,93,rainy
Hyderabad,2024-07-05,30.9,19.1,24.8,0.0,88,sunny
Hyderabad,2024-07-06,32.2,19.7,25.1,12.0,76,rainy
Hyderabad,2024-07-07,29.5,18.8,24.7,0.0,71,cloudy
Hyderabad,2024-07-08,33.1,22.4,25.8,7.3,72,rainy
Hyderabad,2024-07-09,34.6,20.1,28.0,10.3,40,rainy
Hyderabad,2024-07-10,33.0,22.7,26.9,40.0,60,rainy
Hyderabad,2024-07-11,29.8,23.2,26.8,0.0,49,sunny
Hyderabad,2024-07-12,32.2,19.9,25.3,9.7,48,rainy
Hyderabad,2024-07-13,35.8,23.8,28.2,12.9,73,rainy
Hyderabad,2024-07-14,32.8,21.3,25.0,0.0,75,cloudy
Hyderabad,2024-07-15,30.9,18.3,24.7,32.1,81,rainy
Hyderabad,2024-07-16,32.0,18.2,24.7,0.0,79,sunny
Hyderabad,2024-07-17,30.9,17.4,24.2,0.0,66,sunny
Hyderabad,2024-07-18,32.2,20.8,26.4,0.0,80,cloudy
Hyderabad,2024-07-19,31.8,19.5,25.9,0.0,76,sunny
Hyderabad,2024-07-20,33.3,23.0,28.3,0.0,78,sunny
Hyderabad,2024-07-21,32.3,21.7,27.5,19.7,83,rainy
Hyderabad,2024-07-22,28.2,18.2,24.2,25.2,51,rainy
Hyderabad,2024-07-23,32.5,21.5,27.1,30.9,76,rainy
Hyderabad,2024-07-24,36.0,24.7,28.6,0.0,95,cloudy
Hyderabad,2024-07-25,30.6,23.2,26.9,0.0,87,cloudy
Hyderabad,2024-07-26,32.0,23.4,27.0,26.7,79,rainy
Hyderabad,2024-07-27,35.6,21.4,27.9,32.5,70,rainy
Hyderabad,2024-07-28,33.4,22.7,25.8,43.4,41,rainy
Hyderabad,2024-07-29,33.8,20.5,25.9,12.7,91,rainy
Hyderabad,2024-07-30,29.7,19.1,23.1,9.7,61,rainy
Hyderabad,2024-07-31,33.5,24.6,27.6,20.7,84,rainy
Hyderabad,2024-08-01,32.2,20.2,25.6,49.2,91,rainy
Hyderabad,2024-08-02,31.0,20.9,25.8,13.4,51,rainy
Hyderabad,2024-08-03,27.3,18.9,23.5,0.0,48,cloudy
Hyderabad,2024-08-04,35.3,22.6,28.0,36.5,49,rainy
Hyderabad,2024-08-05,33.9,20.1,27.1,13.2,88,rainy
Hyderabad,2024-08-06,32.7,23.0,26.1,18.5,69,rainy
Hyderabad,2024-08-07,34.3,22.8,27.2,44.1,52,rainy
Hyderabad,2024-08-08,29.7,21.1,25.2,0.0,73,cloudy
Hyderabad,2024-08-09,35.6,20.6,27.7,0.0,81,cloudy
Hyderabad,2024-08-10,32.2,22.0,25.4,6.2,65,rainy
Hyderabad,2024-08-11,31.2,21.0,27.4,42.9,41,rainy
Hyderabad,2024-08-12,33.6,19.3,26.6,0.0,45,sunny
Hyderabad,2024-08-13,32.2,20.9,27.0,16.5,54,rainy
Hyderabad,2024-08-14,30.5,17.5,23.1,0.0,95,sunny
Hyderabad,2024-08-15,28.2,18.1,25.1,13.4,45,rainy
Hyderabad,2024-08-16,30.2,23.5,26.7,0.0,50,sunny
Hyderabad,2024-08-17,34.4,22.5,27.7,5.9,58,rainy
Hyderabad,2024-08-18,32.6,17.7,25.6,24.3,95,rainy
Hyderabad,2024-08-19,32.3,25.6,28.8,33.5,94,rainy
Hyderabad,2024-08-20,28.7,17.1,25.1,33.1,66,rainy
Hyderabad,2024-08-21,31.3,20.0,26.8,0.0,50,cloudy
Hyderabad,2024-08-22,32.5,19.9,24.8,0.0,72,cloudy
Hyderabad,2024-08-23,29.2,21.1,24.6,0.0,42,cloudy
Hyderabad,2024-08-24,34.3,21.6,26.3,37.7,65,rainy
Hyderabad,2024-08-25,30.6,21.3,26.1,33.2,62,rainy
Hyderabad,2024-08-26,27.7,19.2,23.6,0.0,52,cloudy
Hyderabad,2024-08-27,29.7,19.0,23.2,36.2,80,rainy
Hyderabad,2024-08-28,33.6,22.8,27.0,29.1,74,rainy
Hyderabad,2024-08-29,35.5,25.4,28.6,0.0,90,sunny
Hyderabad,2024-08-30,31.2,21.4,26.5,5.3,78,rainy
Hyderabad,2024-08-31,28.7,20.1,23.6,0.0,56,sunny
Hyderabad,2024-09-01,31.5,21.8,27.7,0.0,75,cloudy
Hyderabad,2024-09-02,32.9,19.9,25.5,25.4,86,rainy
Hyderabad,2024-09-03,31.1,19.9,27.1,25.1,42,rainy
Hyderabad,2024-09-04,32.2,20.4,26.8,0.0,52,sunny
Hyderabad,2024-09-05,26.7,19.3,23.2,7.8,83,rainy
Hyderabad,2024-09-06,29.9,20.3,24.1,16.8,90,rainy
Hyderabad,2024-09-07,28.6,20.9,25.0,33.0,66,rainy
Hyderabad,2024-09-08,31.3,22.7,26.7,11.2,88,rainy
Hyderabad,2024-09-09,31.5,20.5,25.1,0.0,74,sunny
Hyderabad,2024-09-10,26.4,19.8,23.3,45.8,43,rainy
Hyderabad,2024-09-11,30.1,18.4,24.0,19.5,94,rainy
Hyderabad,2024-09-12,34.5,19.5,27.5,45.0,50,rainy
Hyderabad,2024-09-13,34.3,22.8,27.2,25.7,40,rainy
Hyderabad,2024-09-14,30.7,19.6,23.2,0.0,62,cloudy
Hyderabad,2024-09-15,32.6,23.7,28.0,28.3,92,rainy
Hyderabad,2024-09-16,31.8,20.8,24.7,21.0,87,rainy
Hyderabad,2024-09-17,32.3,21.9,27.3,5.6,60,rainy
Hyderabad,2024-09-18,28.3,15.9,23.8,0.0,71,cloudy
Hyderabad,2024-09-19,31.0,19.6,25.3,21.0,43,rainy
Hyderabad,2024-09-20,30.3,22.2,26.7,45.9,66,rainy
Hyderabad,2024-09-21,27.9,20.7,24.0,19.1,54,rainy
Hyderabad,2024-09-22,32.7,21.9,29.0,0.0,62,sunny
Hyderabad,2024-09-23,28.0,16.6,24.3,8.4,40,rainy
Hyderabad,2024-09-24,31.6,18.9,25.5,22.1,66,rainy
Hyderabad,2024-09-25,33.4,24.9,28.6,9.7,82,rainy
Hyderabad,2024-09-26,30.0,21.6,24.8,0.0,70,sunny
Hyderabad,2024-09-27,27.9,18.9,23.1,46.2,85,rainy
Hyderabad,2024-09-28,30.4,15.7,23.7,0.0,59,sunny
Hyderabad,2024-09-29,32.3,22.0,25.1,28.5,53,rainy
Hyderabad,2024-09-30,33.3,20.0,26.5,0.0,84,sunny
Hyderabad,2024-10-01,31.4,25.2,28.2,0.0,38,sunny
Hyderabad,2024-10-02,33.2,22.0,28.8,0.0,31,cloudy
Hyderabad,2024-10-03,31.7,21.4,26.6,0.0,32,sunny
Hyderabad,2024-10-04,32.2,20.2,27.4,0.0,69,sunny
Hyderabad,2024-10-05,32.4,22.3,26.7,0.0,58,partly_cloudy
Hyderabad,2024-10-06,32.0,22.6,27.9,0.0,70,partly_cloudy
Hyderabad,2024-10-07,31.2,19.9,27.1,0.0,42,sunny
Hyderabad,2024-10-08,32.5,21.0,27.0,0.0,54,sunny
Hyderabad,2024-10-09,33.2,22.6,26.6,0.0,31,partly_cloudy
Hyderabad,2024-10-10,30.2,23.4,26.5,0.0,37,cloudy
Hyderabad,2024-10-11,34.1,24.9,28.6,0.0,66,sunny
Hyderabad,2024-10-12,32.6,19.7,27.0,0.0,57,sunny
Hyderabad,2024-10-13,34.3,22.0,26.3,0.0,51,sunny
Hyderabad,2024-10-14,33.7,22.5,27.5,0.0,44,sunny
Hyderabad,2024-10-15,32.0,22.6,27.5,0.0,47,partly_cloudy
Hyderabad,2024-10-16,32.9,23.8,28.1,0.0,62,partly_cloudy
Hyderabad,2024-10-17,35.6,23.2,29.2,0.0,59,partly_cloudy
Hyderabad,2024-10-18,30.3,21.3,26.3,0.0,32,partly_cloudy
Hyderabad,2024-10-19,37.6,24.4,29.9,0.0,38,cloudy
Hyderabad,2024-10-20,31.7,21.8,27.3,0.0,34,cloudy
Hyderabad,2024-10-21,35.8,25.9,29.5,0.0,61,cloudy
Hyderabad,2024-10-22,31.2,20.0,26.8,0.0,34,sunny
Hyderabad,2024-10-23,31.9,22.4,28.6,0.0,68,sunny
Hyderabad,2024-10-24,33.9,24.0,28.0,0.0,47,sunny
Hyderabad,2024-10-25,36.4,25.5,29.8,0.0,45,cloudy
Hyderabad,2024-10-26,35.5,23.2,28.5,0.0,48,sunny
Hyderabad,2024-10-27,36.1,23.1,29.0,0.0,38,sunny
Hyderabad,2024-10-28,32.8,23.1,27.3,0.0,50,partly_cloudy
Hyderabad,2024-10-29,32.5,20.3,26.8,0.0,39,sunny
Hyderabad,2024-10-30,35.4,21.2,27.6,0.0,58,sunny
Hyderabad,2024-10-31,31.2,22.5,26.0,0.0,64,partly_cloudy
Hyderabad,2024-11-01,31.6,23.0,26.0,0.0,46,cloudy
Hyderabad,2024-11-02,32.8,23.3,26.6,0.0,66,partly_cloudy
Hyderabad,2024-11-03,29.8,21.0,26.2,0.0,69,sunny
Hyderabad,2024-11-04,33.6,23.3,29.7,0.0,43,partly_cloudy
Hyderabad,2024-11-05,32.5,19.9,27.7,0.0,47,cloudy
Hyderabad,2024-11-06,35.4,25.1,28.3,0.0,70,sunny
Hyderabad,2024-11-07,37.3,25.7,29.4,0.0,48,sunny
Hyderabad,2024-11-08,32.8,25.8,29.1,0.0,45,cloudy
Hyderabad,2024-11-09,32.5,21.9,28.5,0.0,64,cloudy
Hyderabad,2024-11-10,33.0,25.9,29.0,0.0,60,cloudy
Hyderabad,2024-11-11,30.5,22.2,26.3,0.0,68,sunny
Hyderabad,2024-11-12,33.8,22.5,28.8,0.0,57,partly_cloudy
Hyderabad,2024-11-13,36.5,24.2,29.8,0.0,56,cloudy
Hyderabad,2024-11-14,33.0,24.0,28.9,0.0,41,sunny
Hyderabad,2024-11-15,32.5,21.5,26.4,0.0,55,sunny
Hyderabad,2024-11-16,31.2,19.9,26.9,0.0,59,partly_cloudy
Hyderabad,2024-11-17,36.6,25.2,28.7,0.0,69,sunny
Hyderabad,2024-11-18,34.5,23.8,26.8,0.0,70,sunny
Hyderabad,2024-11-19,34.7,21.8,29.0,0.0,52,cloudy
Hyderabad,2024-11-20,30.6,23.0,26.3,0.0,56,partly_cloudy
Hyderabad,2024-11-21,31.2,24.3,27.9,0.0,42,sunny
Hyderabad,2024-11-22,33.4,23.3,29.6,0.0,70,sunny
Hyderabad,2024-11-23,35.1,22.6,28.9,0.0,45,sunny
Hyderabad,2024-11-24,32.0,20.9,27.2,0.0,55,sunny
Hyderabad,2024-11-25,34.8,20.3,27.8,0.0,63,cloudy
Hyderabad,2024-11-26,35.8,23.6,29.1,0.0,42,partly_cloudy
Hyderabad,2024-11-27,31.7,22.5,26.6,0.0,31,partly_cloudy
Hyderabad,2024-11-28,32.9,23.8,28.4,0.0,44,sunny
Hyderabad,2024-11-29,29.5,21.5,26.0,0.0,66,sunny
Hyderabad,2024-11-30,32.4,22.1,26.3,0.0,63,sunny
Hyderabad,2024-12-01,23.8,12.1,18.4,0.0,53,cloudy
Hyderabad,2024-12-02,28.6,17.8,21.7,0.0,57,partly_cloudy
Hyderabad,2024-12-03,23.6,15.0,19.1,0.0,45,cloudy
Hyderabad,2024-12-04,22.7,12.3,19.5,0.0,49,sunny
Hyderabad,2024-12-05,24.9,14.6,20.4,7.8,44,partly_cloudy
Hyderabad,2024-12-06,23.6,14.6,20.0,0.0,32,sunny
Hyderabad,2024-12-07,27.6,14.6,20.6,7.6,63,partly_cloudy
Hyderabad,2024-12-08,25.1,13.9,21.9,0.0,34,cloudy
Hyderabad,2024-12-09,26.4,17.2,20.4,0.0,51,cloudy
Hyderabad,2024-12-10,24.5,12.7,19.3,0.0,31,partly_cloudy
Hyderabad,2024-12-11,25.3,15.1,18.3,0.0,54,cloudy
Hyderabad,2024-12-12,25.0,14.9,19.2,0.0,58,sunny
Hyderabad,2024-12-13,27.3,15.4,19.4,0.0,34,partly_cloudy
Hyderabad,2024-12-14,25.9,14.6,19.0,0.0,61,cloudy
Hyderabad,2024-12-15,25.3,14.4,18.9,0.0,32,sunny
Hyderabad,2024-12-16,27.8,13.5,20.1,0.0,34,cloudy
Hyderabad,2024-12-17,27.3,17.6,20.7,0.0,54,sunny
Hyderabad,2024-12-18,25.3,13.0,19.2,0.0,36,sunny
Hyderabad,2024-12-19,25.4,14.2,19.7,0.0,37,partly_cloudy
Hyderabad,2024-12-20,22.4,10.9,18.5,0.0,52,partly_cloudy
Hyderabad,2024-12-21,27.8,15.2,21.5,0.0,30,sunny
Hyderabad,2024-12-22,26.5,13.8,19.6,0.0,62,cloudy
Hyderabad,2024-12-23,23.8,16.2,19.2,0.0,61,partly_cloudy
Hyderabad,2024-12-24,24.3,13.4,18.1,0.0,49,sunny
Hyderabad,2024-12-25,22.7,11.3,18.8,0.0,53,partly_cloudy
Hyderabad,2024-12-26,26.1,15.0,21.1,0.0,45,cloudy
Hyderabad,2024-12-27,27.8,13.8,20.8,0.0,48,cloudy
Hyderabad,2024-12-28,27.1,15.1,20.5,0.0,57,cloudy
Hyderabad,2024-12-29,26.0,14.8,18.7,0.0,66,partly_cloudy
Hyderabad,2024-12-30,28.3,17.5,21.3,0.0,70,cloudy
Hyderabad,2024-12-31,29.1,18.1,21.4,3.0,55,partly_cloudy
Pune,2022-01-01,24.8,10.8,17.8,0.0,39,cloudy
Pune,2022-01-02,24.5,13.4,19.4,0.0,42,cloudy
Pune,2022-01-03,27.1,13.4,19.1,0.0,70,partly_cloudy
Pune,2022-01-04,22.2,13.2,18.6,0.0,34,sunny
Pune,2022-01-05,24.5,10.9,18.2,2.0,46,cloudy
Pune,2022-01-06,22.8,12.8,16.4,0.0,35,cloudy
Pune,2022-01-07,23.8,12.9,16.9,0.0,70,partly_cloudy
Pune,2022-01-08,23.0,10.3,18.1,0.0,42,cloudy
Pune,2022-01-09,24.0,12.2,17.4,0.0,51,cloudy
Pune,2022-01-10,21.9,9.7,16.6,0.0,65,sunny
Pune,2022-01-11,23.8,10.8,18.5,0.0,30,cloudy
Pune,2022-01-12,24.5,12.5,19.6,0.0,49,partly_cloudy
Pune,2022-01-13,24.0,10.8,16.1,0.0,41,cloudy
Pune,2022-01-14,25.1,11.9,18.9,0.0,67,cloudy
Pune,2022-01-15,22.6,9.3,17.1,0.0,59,sunny
Pune,2022-01-16,22.4,15.9,19.1,0.0,55,sunny
Pune,2022-01-17,23.6,10.4,17.3,0.0,66,partly_cloudy
Pune,2022-01-18,21.9,11.8,18.4,0.0,68,partly_cloudy
Pune,2022-01-19,19.5,8.5,16.2,0.0,41,cloudy
Pune,2022-01-20,21.2,9.9,17.4,0.0,46,partly_cloudy
Pune,2022-01-21,21.9,13.0,16.7,0.0,56,partly_cloudy
Pune,2022-01-22,25.3,10.5,18.3,0.0,53,cloudy
Pune,2022-01-23,21.5,14.4,18.0,0.0,59,cloudy
Pune,2022-01-24,21.3,9.8,17.8,0.0,60,partly_cloudy
Pune,2022-01-25,23.4,10.2,16.5,0.0,61,cloudy
Pune,2022-01-26,20.9,9.3,17.1,0.0,41,sunny
Pune,2022-01-27,27.5,15.9,19.5,0.0,64,cloudy
Pune,2022-01-28,22.6,10.3,16.7,0.0,43,cloudy
Pune,2022-01-29,23.0,11.8,17.1,0.0,33,sunny
Pune,2022-01-30,25.8,14.6,19.2,9.9,59,partly_cloudy
Pune,2022-01-31,20.8,11.8,17.0,7.7,51,sunny
Pune,2022-02-01,25.1,13.0,19.5,0.0,61,partly_cloudy
Pune,2022-02-02,22.6,12.9,18.8,0.0,40,sunny
Pune,2022-02-03,24.1,11.1,19.1,0.0,54,cloudy
Pune,2022-02-04,23.9,11.5,17.2,0.0,35,cloudy
Pune,2022-02-05,21.9,9.8,17.5,0.0,32,sunny
Pune,2022-02-06,23.6,10.3,16.6,0.0,50,sunny
Pune,2022-02-07,21.9,10.1,17.3,0.0,36,partly_cloudy
Pune,2022-02-08,21.5,12.2,16.7,0.0,50,partly_cloudy
Pune,2022-02-09,24.4,11.8,18.1,0.0,66,partly_cloudy
Pune,2022-02-10,25.5,11.7,19.5,0.0,33,partly_cloudy
Pune,2022-02-11,25.4,14.0,17.7,0.0,37,sunny
Pune,2022-02-12,24.9,13.6,17.5,0.0,43,cloudy
Pune,2022-02-13,24.8,13.6,19.5,0.0,34,sunny
Pune,2022-02-14,21.4,8.6,16.2,0.0,65,cloudy
Pune,2022-02-15,21.5,9.6,16.2,0.0,60,sunny
Pune,2022-02-16,21.9,11.7,17.1,0.0,61,cloudy
Pune,2022-02-17,23.5,14.2,18.2,0.0,70,cloudy
Pune,2022-02-18,23.8,16.6,19.7,0.0,59,cloudy
Pune,2022-02-19,25.1,9.4,17.2,0.0,37,cloudy
Pune,2022-02-20,22.9,14.7,17.9,7.5,46,partly_cloudy
Pune,2022-02-21,23.5,12.5,19.5,0.0,40,cloudy
Pune,2022-02-22,22.7,9.6,16.9,0.0,67,partly_cloudy
Pune,2022-02-23,26.2,14.4,19.3,0.0,55,partly_cloudy
Pune,2022-02-24,22.6,12.6,17.4,0.0,50,sunny
Pune,2022-02-25,22.7,12.3,19.4,0.0,68,sunny
Pune,2022-02-26,24.7,14.3,19.1,0.0,30,partly_cloudy
Pune,2022-02-27,21.0,12.6,16.8,0.0,44,cloudy
Pune,2022-02-28,27.1,15.2,19.2,0.0,54,partly_cloudy
Pune,2022-03-01,36.8,26.9,30.3,9.3,64,partly_cloudy
Pune,2022-03-02,35.4,27.2,31.4,0.0,70,sunny
Pune,2022-03-03,36.7,26.5,30.3,0.0,67,cloudy
Pune,2022-03-04,42.0,29.2,34.1,0.0,37,cloudy
Pune,2022-03-05,34.1,23.8,29.7,1.6,51,sunny
Pune,2022-03-06,37.8,28.4,33.2,0.0,42,partly_cloudy
Pune,2022-03-07,34.5,28.1,31.1,0.0,48,sunny
Pune,2022-03-08,37.9,27.5,31.1,0.0,32,partly_cloudy
Pune,2022-03-09,34.2,23.2,30.9,0.0,49,partly_cloudy
Pune,2022-03-10,33.8,22.1,30.0,0.0,68,sunny
Pune,2022-03-11,42.6,27.7,34.6,0.0,52,cloudy
Pune,2022-03-12,36.9,26.1,30.3,0.0,37,cloudy
Pune,2022-03-13,36.7,26.3,31.7,0.0,69,cloudy
Pune,2022-03-14,35.2,22.4,29.3,0.0,66,sunny
Pune,2022-03-15,40.1,29.5,33.1,0.0,47,cloudy
Pune,2022-03-16,35.1,25.6,30.2,0.0,63,sunny
Pune,2022-03-17,37.0,27.5,32.7,0.0,59,cloudy
Pune,2022-03-18,38.3,25.6,32.7,0.0,40,partly_cloudy
Pune,2022-03-19,37.2,22.0,29.5,0.0,48,partly_cloudy
Pune,2022-03-20,36.8,27.2,32.3,0.0,58,sunny
Pune,2022-03-21,35.8,25.4,32.4,0.0,60,partly_cloudy
Pune,2022-03-22,35.7,22.9,29.5,0.0,67,sunny
Pune,2022-03-23,38.0,28.4,33.7,0.0,64,partly_cloudy
Pune,2022-03-24,38.4,27.1,32.4,0.0,64,cloudy
Pune,2022-03-25,37.6,24.4,32.0,0.0,38,partly_cloudy
Pune,2022-03-26,36.7,28.2,31.9,0.0,70,cloudy
Pune,2022-03-27,33.8,25.4,29.8,0.0,66,cloudy
Pune,2022-03-28,37.3,29.6,32.9,0.0,32,sunny
Pune,2022-03-29,33.5,25.9,29.2,0.0,68,partly_cloudy
Pune,2022-03-30,40.3,29.0,33.3,0.0,43,cloudy
Pune,2022-03-31,38.3,30.0,33.3,0.0,31,cloudy
Pune,2022-04-01,38.3,27.5,32.7,0.0,59,sunny
Pune,2022-04-02,38.6,25.6,31.0,0.0,31,partly_cloudy
Pune,2022-04-03,37.9,27.2,30.3,0.0,31,cloudy
Pune,2022-04-04,37.0,24.9,30.2,0.0,45,sunny
Pune,2022-04-05,39.6,29.7,35.0,0.0,60,sunny
Pune,2022-04-06,37.8,25.7,32.2,0.0,60,sunny
Pune,2022-04-07,38.3,23.6,30.8,0.0,38,partly_cloudy
Pune,2022-04-08,37.8,24.7,30.0,0.0,68,cloudy
Pune,2022-04-09,37.8,29.5,33.5,0.0,43,sunny
Pune,2022-04-10,34.9,25.7,30.3,0.0,36,sunny
Pune,2022-04-11,34.7,25.2,30.7,0.0,54,cloudy
Pune,2022-04-12,36.9,27.1,33.1,0.0,62,sunny
Pune,2022-04-13,39.0,29.3,32.8,0.0,53,sunny
Pune,2022-04-14,39.6,28.6,33.6,0.0,67,cloudy
Pune,2022-04-15,36.7,25.4,31.4,0.0,67,cloudy
Pune,2022-04-16,37.8,24.6,30.6,0.0,39,sunny
Pune,2022-04-17,35.3,26.5,31.5,0.0,68,sunny
Pune,2022-04-18,36.5,25.9,29.9,0.0,46,sunny
Pune,2022-04-19,36.4,24.5,29.1,0.0,35,partly_cloudy
Pune,2022-04-20,36.2,29.0,32.3,0.0,63,partly_cloudy
Pune,2022-04-21,41.0,25.6,33.4,0.0,59,sunny
Pune,2022-04-22,38.4,24.4,32.2,0.0,63,partly_cloudy
Pune,2022-04-23,32.8,25.7,29.6,0.0,53,cloudy
Pune,2022-04-24,35.9,27.8,31.6,0.0,39,sunny
Pune,2022-04-25,38.6,27.0,32.3,0.0,66,partly_cloudy
Pune,2022-04-26,35.6,23.8,30.9,0.0,45,sunny
Pune,2022-04-27,39.7,30.4,35.0,0.0,36,partly_cloudy
Pune,2022-04-28,39.2,28.4,33.9,9.4,54,sunny
Pune,2022-04-29,39.2,29.4,33.7,0.0,60,partly_cloudy
Pune,2022-04-30,34.0,24.9,30.1,0.0,38,cloudy
Pune,2022-05-01,41.3,28.5,33.6,4.2,51,partly_cloudy
Pune,2022-05-02,35.8,25.3,29.8,0.0,66,partly_cloudy
Pune,2022-05-03,39.8,27.9,33.1,0.0,44,partly_cloudy
Pune,2022-05-04,42.5,30.2,34.7,5.7,70,partly_cloudy
Pune,2022-05-05,38.4,25.3,31.5,0.0,43,partly_cloudy
Pune,2022-05-06,38.7,29.8,34.7,0.0,43,partly_cloudy
Pune,2022-05-07,33.5,23.1,29.3,0.0,65,sunny
Pune,2022-05-08,39.3,29.6,33.7,0.0,62,cloudy
Pune,2022-05-09,36.8,25.8,31.8,0.0,63,cloudy
Pune,2022-05-10,36.0,25.9,32.5,0.0,59,cloudy
Pune,2022-05-11,37.4,29.9,33.8,0.0,55,partly_cloudy
Pune,2022-05-12,35.2,23.2,30.3,7.0,55,cloudy
Pune,2022-05-13,37.5,27.4,32.6,0.0,60,sunny
Pune,2022-05-14,34.3,22.9,29.7,0.0,51,cloudy
Pune,2022-05-15,38.9,28.0,34.0,6.3,40,partly_cloudy
Pune,2022-05-16,34.8,27.6,31.0,0.0,44,partly_cloudy
Pune,2022-05-17,33.4,23.2,29.3,0.0,44,sunny
Pune,2022-05-18,35.0,22.3,30.3,0.0,67,cloudy
Pune,2022-05-19,33.5,26.6,29.8,0.0,47,partly_cloudy
Pune,2022-05-20,39.5,23.8,31.6,0.0,52,sunny
Pune,2022-05-21,34.0,24.3,30.5,0.0,32,sunny
Pune,2022-05-22,35.9,23.1,30.4,4.4,41,partly_cloudy
Pune,2022-05-23,40.2,25.1,32.6,4.3,47,sunny
Pune,2022-05-24,36.5,27.4,30.6,0.0,39,cloudy
Pune,2022-05-25,37.0,22.9,30.2,0.0,44,partly_cloudy
Pune,2022-05-26,33.4,22.2,30.0,0.0,56,sunny
Pune,2022-05-27,38.2,24.5,32.2,0.0,44,sunny
Pune,2022-05-28,40.6,26.8,33.9,0.0,63,sunny
Pune,2022-05-29,39.7,27.7,33.1,0.0,61,sunny
Pune,2022-05-30,34.0,24.0,29.2,0.0,68,sunny
Pune,2022-05-31,37.1,25.5,29.9,2.3,48,cloudy
Pune,2022-06-01,29.5,17.4,22.4,28.2,64,rainy
Pune,2022-06-02,27.0,16.1,22.4,21.3,42,rainy
Pune,2022-06-03,33.3,19.1,26.3,0.0,45,sunny
Pune,2022-06-04,25.8,14.8,22.1,13.1,90,rainy
Pune,2022-06-05,28.1,17.3,24.7,30.1,80,rainy
Pune,2022-06-06,30.7,20.1,24.7,47.0,49,rainy
Pune,2022-06-07,33.6,19.3,26.3,0.0,73,cloudy
Pune,2022-06-08,24.8,16.2,21.0,28.5,75,rainy
Pune,2022-06-09,26.2,15.1,22.1,0.0,80,sunny
Pune,2022-06-10,29.2,18.4,22.6,6.5,41,rainy
Pune,2022-06-11,31.4,21.1,26.7,40.8,74,rainy
Pune,2022-06-12,33.2,21.2,26.9,0.0,53,cloudy
Pune,2022-06-13,27.1,13.8,21.5,44.2,86,rainy
Pune,2022-06-14,29.6,16.4,22.5,0.0,54,sunny
Pune,2022-06-15,25.3,17.4,21.7,0.0,63,sunny
Pune,2022-06-16,29.6,15.3,22.3,17.8,54,rainy
Pune,2022-06-17,28.7,19.1,24.0,0.0,72,sunny
Pune,2022-06-18,28.4,15.3,21.2,13.4,55,rainy
Pune,2022-06-19,27.9,16.4,24.0,38.2,81,rainy
Pune,2022-06-20,29.0,16.9,21.4,0.0,80,sunny
Pune,2022-06-21,30.8,17.2,24.4,0.0,79,sunny
Pune,2022-06-22,32.4,17.8,24.9,25.9,93,rainy
Pune,2022-06-23,25.7,18.2,21.4,0.0,87,sunny
Pune,2022-06-24,28.0,16.4,21.4,0.0,64,cloudy
Pune,2022-06-25,28.7,17.1,24.6,0.0,55,sunny
Pune,2022-06-26,30.3,18.0,25.9,17.5,50,rainy
Pune,2022-06-27,30.9,22.4,25.5,25.8,66,rainy
Pune,2022-06-28,30.0,19.6,24.0,0.0,45,cloudy
Pune,2022-06-29,28.3,17.1,24.7,0.0,51,cloudy
Pune,2022-06-30,32.6,21.3,24.7,8.4,52,rainy
Pune,2022-07-01,27.4,16.5,22.6,21.3,58,rainy
Pune,2022-07-02,25.2,18.1,21.4,0.0,45,cloudy
Pune,2022-07-03,26.2,17.8,22.4,43.0,52,rainy
Pune,2022-07-04,31.6,20.7,24.3,45.9,78,rainy
Pune,2022-07-05,29.7,18.4,26.1,11.3,43,rainy
Pune,2022-07-06,30.3,20.0,24.1,41.3,66,rainy
Pune,2022-07-07,24.8,15.1,21.7,0.0,51,sunny
Pune,2022-07-08,31.2,20.3,24.0,44.3,79,rainy
Pune,2022-07-09,29.2,18.2,24.7,28.8,42,rainy
Pune,2022-07-10,32.9,17.8,25.7,13.1,79,rainy
Pune,2022-07-11,33.8,20.8,26.2,27.3,67,rainy
Pune,2022-07-12,30.0,20.6,26.1,0.0,87,sunny
Pune,2022-07-13,31.3,17.6,24.9,21.5,87,rainy
Pune,2022-07-14,32.2,20.4,26.3,43.3,77,rainy
Pune,2022-07-15,28.4,15.8,23.2,42.3,81,rainy
Pune,2022-07-16,26.4,17.0,21.4,34.0,92,rainy
Pune,2022-07-17,30.1,15.2,22.1,0.0,49,sunny
Pune,2022-07-18,30.1,17.2,24.3,26.1,46,rainy
Pune,2022-07-19,30.9,19.7,23.2,43.7,50,rainy
Pune,2022-07-20,33.6,20.8,26.3,0.0,51,sunny
Pune,2022-07-21,30.5,17.6,24.5,12.7,71,rainy
Pune,2022-07-22,26.7,14.8,22.2,0.0,82,cloudy
Pune,2022-07-23,29.6,17.9,22.2,0.0,81,sunny
Pune,2022-07-24,30.8,18.2,25.5,0.0,44,sunny
Pune,2022-07-25,29.9,20.1,23.7,0.0,94,cloudy
Pune,2022-07-26,32.7,22.1,26.8,0.0,51,sunny
Pune,2022-07-27,27.0,14.8,22.1,0.0,44,sunny
Pune,2022-07-28,31.6,21.9,25.5,0.0,77,cloudy
Pune,2022-07-29,24.8,16.6,21.4,0.0,48,sunny
Pune,2022-07-30,29.3,18.9,25.6,35.8,86,rainy
Pune,2022-07-31,29.1,19.6,26.1,27.1,46,rainy
Pune,2022-08-01,33.9,23.4,26.7,0.0,85,cloudy
Pune,2022-08-02,31.7,21.7,25.2,23.6,64,rainy
Pune,2022-08-03,31.6,21.0,26.5,39.0,87,rainy
Pune,2022-08-04,33.3,22.8,26.4,22.0,69,rainy
Pune,2022-08-05,30.2,19.4,23.7,0.0,77,sunny
Pune,2022-08-06,29.1,15.2,21.5,34.7,65,rainy
Pune,2022-08-07,34.2,20.1,26.3,0.0,84,sunny
Pune,2022-08-08,29.7,15.6,22.0,0.0,85,cloudy
Pune,2022-08-09,27.6,16.7,22.4,45.2,64,rainy
Pune,2022-08-10,32.0,23.6,26.8,0.0,72,cloudy
Pune,2022-08-11,32.7,18.7,25.0,9.2,78,rainy
Pune,2022-08-12,31.0,21.4,26.8,0.0,92,sunny
Pune,2022-08-13,26.4,15.6,22.2,0.0,75,sunny
Pune,2022-08-14,26.4,14.6,21.5,14.6,59,rainy
Pune,2022-08-15,29.0,14.8,21.3,0.0,88,sunny
Pune,2022-08-16,29.9,22.1,25.2,0.0,58,sunny
Pune,2022-08-17,30.0,23.0,26.4,21.2,71,rainy
Pune,2022-08-18,27.5,18.2,24.0,15.3,62,rainy
Pune,2022-08-19,28.7,18.1,25.1,0.0,56,sunny
Pune,2022-08-20,31.8,21.2,25.6,8.3,62,rainy
Pune,2022-08-21,25.0,17.9,21.8,0.0,55,sunny
Pune,2022-08-22,32.1,21.9,25.2,39.9,77,rainy
Pune,2022-08-23,29.0,14.4,22.0,24.6,71,rainy
Pune,2022-08-24,25.8,15.5,22.7,0.0,66,sunny
Pune,2022-08-25,30.6,21.3,26.5,46.4,65,rainy
Pune,2022-08-26,31.5,20.3,26.6,24.8,53,rainy
Pune,2022-08-27,30.1,15.3,22.4,0.0,45,sunny
Pune,2022-08-28,30.3,21.9,25.1,0.0,42,sunny
Pune,2022-08-29,31.9,20.9,26.1,0.0,80,cloudy
Pune,2022-08-30,29.2,18.1,25.6,0.0,59,cloudy
Pune,2022-08-31,26.5,15.9,22.4,0.0,62,sunny
Pune,2022-09-01,27.5,16.5,23.2,44.0,44,rainy
Pune,2022-09-02,31.3,20.9,27.0,18.7,52,rainy
Pune,2022-09-03,26.8,14.5,22.2,28.1,56,rainy
Pune,2022-09-04,27.6,17.9,22.5,46.9,92,rainy
Pune,2022-09-05,28.4,17.5,23.5,0.0,48,cloudy
Pune,2022-09-06,30.6,22.2,25.3,5.1,73,rainy
Pune,2022-09-07,29.3,18.6,23.7,0.0,52,cloudy
Pune,2022-09-08,29.6,18.0,22.8,31.4,45,rainy
Pune,2022-09-09,28.9,14.7,21.9,7.1,40,rainy
Pune,2022-09-10,29.0,15.4,21.1,0.0,57,cloudy
Pune,2022-09-11,27.6,17.9,23.7,33.9,48,rainy
Pune,2022-09-12,30.3,16.3,22.9,45.5,81,rainy
Pune,2022-09-13,30.0,19.4,26.8,37.9,88,rainy
Pune,2022-09-14,30.3,18.3,25.2,10.2,82,rainy
Pune,2022-09-15,30.1,18.5,24.9,11.7,82,rainy
Pune,2022-09-16,30.7,23.5,26.5,15.4,50,rainy
Pune,2022-09-17,26.7,15.4,23.1,13.7,81,rainy
Pune,2022-09-18,28.3,21.0,24.1,28.2,93,rainy
Pune,2022-09-19,32.6,22.4,25.5,6.7,45,rainy
Pune,2022-09-20,28.1,18.7,23.0,5.9,70,rainy
Pune,2022-09-21,33.0,22.5,26.0,0.0,40,cloudy
Pune,2022-09-22,31.9,17.6,24.3,22.9,68,rainy
Pune,2022-09-23,31.8,20.1,25.5,32.9,88,rainy
Pune,2022-09-24,29.2,17.4,21.6,42.7,66,rainy
Pune,2022-09-25,25.2,15.9,21.4,23.4,73,rainy
Pune,2022-09-26,27.2,13.7,21.4,7.8,84,rainy
Pune,2022-09-27,29.9,19.0,26.4,10.7,95,rainy
Pune,2022-09-28,32.4,21.0,26.9,35.2,88,rainy
Pune,2022-09-29,27.6,19.3,24.5,0.0,83,cloudy
Pune,2022-09-30,29.8,14.3,21.9,40.0,41,rainy
Pune,2022-10-01,29.4,17.3,25.0,0.0,45,partly_cloudy
Pune,2022-10-02,27.7,16.3,24.1,0.0,54,sunny
Pune,2022-10-03,29.7,17.6,25.3,0.0,42,cloudy
Pune,2022-10-04,34.2,22.3,27.1,0.0,66,cloudy
Pune,2022-10-05,32.3,23.8,26.9,0.0,44,sunny
Pune,2022-10-06,34.2,19.8,26.9,0.0,36,cloudy
Pune,2022-10-07,29.6,22.0,26.0,4.1,37,cloudy
Pune,2022-10-08,33.7,23.2,27.0,0.0,57,cloudy
Pune,2022-10-09,29.9,20.5,25.7,0.0,41,cloudy
Pune,2022-10-10,32.1,23.9,27.2,0.0,43,partly_cloudy
Pune,2022-10-11,28.9,18.0,24.9,0.0,35,partly_cloudy
Pune,2022-10-12,30.3,20.3,25.4,0.0,48,sunny
Pune,2022-10-13,30.5,20.6,26.2,0.0,65,cloudy
Pune,2022-10-14,31.1,21.5,27.5,0.0,33,sunny
Pune,2022-10-15,32.8,19.9,24.8,0.0,62,cloudy
Pune,2022-10-16,32.7,20.6,25.8,0.0,56,cloudy
Pune,2022-10-17,32.8,20.4,27.2,1.1,48,cloudy
Pune,2022-10-18,32.7,19.6,25.9,0.0,51,sunny
Pune,2022-10-19,30.8,21.8,25.3,3.7,36,partly_cloudy
Pune,2022-10-20,30.3,20.9,25.6,0.0,43,partly_cloudy
Pune,2022-10-21,32.7,23.9,27.3,0.0,30,sunny
Pune,2022-10-22,30.1,19.4,25.3,0.0,34,partly_cloudy
Pune,2022-10-23,34.5,21.7,27.0,0.0,43,cloudy
Pune,2022-10-24,29.0,17.3,24.2,0.0,40,cloudy
Pune,2022-10-25,31.8,19.9,25.4,0.0,61,sunny
Pune,2022-10-26,29.8,19.3,26.1,5.7,34,partly_cloudy
Pune,2022-10-27,31.0,19.1,26.0,0.0,44,sunny
Pune,2022-10-28,30.3,20.6,25.0,0.0,45,cloudy
Pune,2022-10-29,30.8,22.2,25.5,0.0,34,partly_cloudy
Pune,2022-10-30,30.4,20.8,25.6,0.0,36,cloudy
Pune,2022-10-31,33.5,19.0,25.8,0.0,31,sunny
Pune,2022-11-01,29.2,17.9,25.8,0.0,42,partly_cloudy
Pune,2022-11-02,32.0,23.0,27.7,0.0,54,partly_cloudy
Pune,2022-11-03,31.2,18.9,25.2,0.0,59,partly_cloudy
Pune,2022-11-04,31.4,21.1,24.3,0.0,65,sunny
Pune,2022-11-05,29.2,20.9,25.9,0.0,42,partly_cloudy
Pune,2022-11-06,33.1,20.6,26.3,0.0,34,cloudy
Pune,2022-11-07,31.9,20.0,27.6,0.0,55,partly_cloudy
Pune,2022-11-08,28.5,17.0,24.2,0.0,68,partly_cloudy
Pune,2022-11-09,30.8,17.2,24.6,0.0,47,partly_cloudy
Pune,2022-11-10,32.1,20.0,27.5,0.0,42,cloudy
Pune,2022-11-11,31.9,16.9,24.2,0.0,39,sunny
Pune,2022-11-12,32.9,20.7,26.9,0.0,69,partly_cloudy
Pune,2022-11-13,28.2,21.2,24.5,0.0,57,cloudy
Pune,2022-11-14,33.8,20.3,26.7,0.0,30,sunny
Pune,2022-11-15,33.0,19.7,25.9,8.0,70,partly_cloudy
Pune,2022-11-16,28.4,20.5,24.6,0.0,68,cloudy
Pune,2022-11-17,34.2,21.9,27.7,0.0,33,partly_cloudy
Pune,2022-11-18,29.1,20.8,26.0,0.0,46,cloudy
Pune,2022-11-19,31.8,19.5,27.4,0.0,64,sunny
Pune,2022-11-20,31.7,20.8,24.1,0.0,49,sunny
Pune,2022-11-21,32.0,21.5,26.4,0.0,51,sunny
Pune,2022-11-22,28.4,18.0,24.1,0.0,43,cloudy
Pune,2022-11-23,34.5,21.9,26.5,0.0,55,partly_cloudy
Pune,2022-11-24,31.0,21.4,26.8,0.0,36,sunny
Pune,2022-11-25,29.7,19.6,26.0,0.0,46,cloudy
Pune,2022-11-26,32.2,21.5,26.6,0.0,60,cloudy
Pune,2022-11-27,35.1,22.3,27.9,0.0,49,partly_cloudy
Pune,2022-11-28,31.3,20.0,27.2,0.0,64,partly_cloudy
Pune,2022-11-29,34.9,23.4,27.8,0.0,36,sunny
Pune,2022-11-30,30.0,22.8,26.6,0.0,53,cloudy
Pune,2022-12-01,27.3,14.4,19.7,0.0,33,cloudy
Pune,2022-12-02,25.6,13.8,19.0,0.0,43,partly_cloudy
Pune,2022-12-03,25.6,12.1,19.9,0.0,35,sunny
Pune,2022-12-04,20.1,9.2,16.9,0.0,61,sunny
Pune,2022-12-05,24.7,11.8,18.7,0.0,46,sunny
Pune,2022-12-06,22.6,14.6,19.6,0.0,32,partly_cloudy
Pune,2022-12-07,26.5,15.2,19.6,0.0,38,cloudy
Pune,2022-12-08,25.5,13.5,19.1,0.0,70,cloudy
Pune,2022-12-09,23.5,11.8,16.1,0.0,40,cloudy
Pune,2022-12-10,25.9,11.2,18.1,0.0,53,cloudy
Pune,2022-12-11,22.0,12.3,16.2,0.0,34,cloudy
Pune,2022-12-12,25.3,13.8,17.8,0.0,64,sunny
Pune,2022-12-13,24.0,11.9,17.8,0.0,55,cloudy
Pune,2022-12-14,22.7,10.8,18.2,0.0,39,partly_cloudy
Pune,2022-12-15,23.9,9.2,16.5,0.0,34,partly_cloudy
Pune,2022-12-16,21.8,12.8,16.2,0.0,63,cloudy
Pune,2022-12-17,24.0,15.6,19.9,0.0,61,partly_cloudy
Pune,2022-12-18,22.2,13.9,18.9,0.0,46,cloudy
Pune,2022-12-19,27.3,12.9,19.7,0.0,55,sunny
Pune,2022-12-20,25.8,11.7,18.1,1.4,35,sunny
Pune,2022-12-21,23.6,12.9,18.5,0.0,39,partly_cloudy
Pune,2022-12-22,25.6,13.5,18.4,0.0,48,sunny
Pune,2022-12-23,24.2,13.5,18.7,0.0,62,sunny
Pune,2022-12-24,24.5,12.3,17.0,0.0,32,sunny
Pune,2022-12-25,24.9,12.8,19.8,0.0,40,cloudy
Pune,2022-12-26,25.8,15.9,19.9,0.0,35,sunny
Pune,2022-12-27,22.1,15.3,18.7,0.0,30,partly_cloudy
Pune,2022-12-28,25.1,13.2,18.3,0.0,50,sunny
Pune,2022-12-29,22.0,8.4,16.1,0.0,68,cloudy
Pune,2022-12-30,26.8,11.2,18.9,0.0,70,partly_cloudy
Pune,2022-12-31,23.0,9.0,16.2,0.0,35,sunny
Pune,2023-01-01,25.2,16.4,19.6,0.0,59,sunny
Pune,2023-01-02,24.4,11.4,17.3,6.0,69,cloudy
Pune,2023-01-03,24.4,10.3,17.9,0.0,60,sunny
Pune,2023-01-04,19.8,9.1,16.3,0.0,61,sunny
Pune,2023-01-05,22.3,10.1,17.8,7.0,68,cloudy
Pune,2023-01-06,23.6,9.6,16.2,0.0,51,partly_cloudy
Pune,2023-01-07,26.9,15.9,19.6,0.0,65,sunny
Pune,2023-01-08,27.3,15.1,19.9,0.0,55,partly_cloudy
Pune,2023-01-09,21.7,9.9,17.8,0.0,34,cloudy
Pune,2023-01-10,22.8,12.2,17.1,0.0,63,sunny
Pune,2023-01-11,23.9,12.3,17.1,0.0,53,sunny
Pune,2023-01-12,24.7,12.8,18.9,0.0,47,partly_cloudy
Pune,2023-01-13,25.2,16.1,19.2,0.0,52,cloudy
Pune,2023-01-14,22.5,10.5,16.2,0.0,39,partly_cloudy
Pune,2023-01-15,23.1,11.6,18.1,0.0,62,sunny
Pune,2023-01-16,22.6,9.7,17.4,0.0,53,cloudy
Pune,2023-01-17,19.3,10.5,16.1,0.0,35,partly_cloudy
Pune,2023-01-18,23.1,12.0,19.6,0.0,68,sunny
Pune,2023-01-19,22.2,13.4,18.4,9.9,57,partly_cloudy
Pune,2023-01-20,23.7,10.9,18.4,0.0,39,sunny
Pune,2023-01-21,23.3,11.8,18.1,0.0,36,partly_cloudy
Pune,2023-01-22,24.2,13.8,16.9,0.0,63,partly_cloudy
Pune,2023-01-23,27.2,15.4,19.3,0.0,37,partly_cloudy
Pune,2023-01-24,24.5,15.5,18.7,0.0,49,cloudy
Pune,2023-01-25,19.4,11.5,16.2,0.0,63,partly_cloudy
Pune,2023-01-26,25.1,14.5,18.8,0.0,40,cloudy
Pune,2023-01-27,23.8,12.1,16.9,0.0,48,partly_cloudy
Pune,2023-01-28,26.6,11.2,18.9,0.0,67,partly_cloudy
Pune,2023-01-29,25.6,14.7,19.8,0.0,69,cloudy
Pune,2023-01-30,21.0,12.6,17.3,4.9,30,partly_cloudy
Pune,2023-01-31,25.0,11.9,18.4,0.0,68,cloudy
Pune,2023-02-01,20.4,12.0,16.9,0.0,30,partly_cloudy
Pune,2023-02-02,22.1,9.2,16.7,0.0,53,cloudy
Pune,2023-02-03,21.5,10.5,17.4,0.0,47,sunny
Pune,2023-02-04,23.5,10.9,18.1,0.0,70,cloudy
Pune,2023-02-05,21.8,13.0,17.6,0.0,32,sunny
Pune,2023-02-06,22.5,9.1,16.5,7.2,37,partly_cloudy
Pune,2023-02-07,23.6,10.6,17.0,0.0,57,partly_cloudy
Pune,2023-02-08,20.1,8.5,16.5,0.0,32,sunny
Pune,2023-02-09,24.9,15.1,18.5,6.2,65,sunny
Pune,2023-02-10,27.1,12.7,19.7,1.4,50,cloudy
Pune,2023-02-11,21.3,12.6,17.7,0.0,56,cloudy
Pune,2023-02-12,25.3,15.9,19.9,0.0,49,cloudy
Pune,2023-02-13,26.6,13.9,18.7,0.0,68,cloudy
Pune,2023-02-14,27.5,13.3,19.6,1.4,44,sunny
Pune,2023-02-15,25.1,11.9,17.3,0.0,69,partly_cloudy
Pune,2023-02-16,26.9,13.4,19.4,0.0,67,partly_cloudy
Pune,2023-02-17,22.5,12.8,18.7,0.0,65,partly_cloudy
Pune,2023-02-18,24.9,10.8,18.8,0.0,68,cloudy
Pune,2023-02-19,25.2,15.9,18.9,0.0,64,partly_cloudy
Pune,2023-02-20,25.5,13.5,18.0,0.0,57,partly_cloudy
Pune,2023-02-21,20.4,11.6,16.7,0.0,65,sunny
Pune,2023-02-22,26.3,15.4,19.4,0.0,54,partly_cloudy
Pune,2023-02-23,25.9,13.9,19.7,0.0,63,partly_cloudy
Pune,2023-02-24,24.1,11.5,16.2,0.0,40,sunny
Pune,2023-02-25,24.5,13.6,16.7,0.0,53,cloudy
Pune,2023-02-26,23.4,9.4,16.6,0.0,63,partly_cloudy
Pune,2023-02-27,23.9,15.3,19.5,0.0,54,sunny
Pune,2023-02-28,23.1,11.6,19.1,0.0,58,cloudy
Pune,2023-03-01,37.5,24.9,31.4,0.0,38,cloudy
Pune,2023-03-02,39.3,25.7,33.5,0.0,53,sunny
Pune,2023-03-03,38.5,27.5,33.7,0.0,66,sunny
Pune,2023-03-04,36.5,28.2,33.4,0.0,30,cloudy
Pune,2023-03-05,34.5,23.4,30.7,0.0,54,sunny
Pune,2023-03-06,37.2,28.5,32.6,0.0,34,sunny
Pune,2023-03-07,39.0,27.8,34.1,0.0,41,sunny
Pune,2023-03-08,35.1,25.7,32.1,0.0,69,cloudy
Pune,2023-03-09,38.5,28.0,32.5,0.0,55,cloudy
Pune,2023-03-10,37.8,30.0,34.4,0.0,60,sunny
Pune,2023-03-11,34.0,23.6,30.8,0.0,56,sunny
Pune,2023-03-12,38.3,27.4,30.8,0.0,62,sunny
Pune,2023-03-13,38.1,24.0,31.6,0.0,32,partly_cloudy
Pune,2023-03-14,37.7,23.9,31.6,0.0,63,cloudy
Pune,2023-03-15,35.0,24.5,30.6,0.0,49,partly_cloudy
Pune,2023-03-16,38.9,28.1,31.3,0.0,53,sunny
Pune,2023-03-17,39.5,26.1,33.0,0.0,45,cloudy
Pune,2023-03-18,35.9,28.3,31.8,6.2,69,sunny
Pune,2023-03-19,36.1,23.8,29.7,0.0,65,sunny
Pune,2023-03-20,39.9,26.1,33.8,0.0,37,partly_cloudy
Pune,2023-03-21,37.2,26.5,30.0,2.1,50,partly_cloudy
Pune,2023-03-22,35.3,26.5,32.0,0.0,62,sunny
Pune,2023-03-23,35.0,27.3,30.7,0.0,55,partly_cloudy
Pune,2023-03-24,40.0,26.1,33.1,0.0,57,cloudy
Pune,2023-03-25,33.0,26.2,29.6,0.0,57,sunny
Pune,2023-03-26,34.7,27.1,30.7,0.0,36,cloudy
Pune,2023-03-27,40.6,29.6,34.1,0.0,35,cloudy
Pune,2023-03-28,40.4,27.4,33.9,0.0,47,partly_cloudy
Pune,2023-03-29,38.7,28.1,34.6,5.2,57,sunny
Pune,2023-03-30,37.7,27.7,32.4,0.0,65,cloudy
Pune,2023-03-31,35.1,27.0,31.4,0.0,64,sunny
Pune,2023-04-01,41.3,27.5,33.5,0.0,65,cloudy
Pune,2023-04-02,35.1,22.0,29.6,0.0,70,partly_cloudy
Pune,2023-04-03,37.7,27.2,31.3,0.0,35,partly_cloudy
Pune,2023-04-04,36.4,27.4,33.1,0.0,66,sunny
Pune,2023-04-05,40.9,30.5,33.6,0.0,55,partly_cloudy
Pune,2023-04-06,35.6,26.9,31.3,0.0,64,sunny
Pune,2023-04-07,38.2,26.9,33.3,0.0,38,partly_cloudy
Pune,2023-04-08,37.9,28.9,34.9,0.0,30,sunny
Pune,2023-04-09,41.1,27.3,33.7,0.0,53,cloudy
Pune,2023-04-10,37.6,24.9,32.9,0.0,38,sunny
Pune,2023-04-11,33.4,24.3,29.1,0.0,35,partly_cloudy
Pune,2023-04-12,34.9,25.0,31.7,0.0,54,partly_cloudy
Pune,2023-04-13,38.5,22.7,30.6,4.9,62,cloudy
Pune,2023-04-14,36.9,24.1,30.4,0.0,36,partly_cloudy
Pune,2023-04-15,38.3,27.7,32.3,0.0,35,partly_cloudy
Pune,2023-04-16,38.2,27.8,34.9,0.0,54,sunny
Pune,2023-04-17,38.9,26.4,33.3,0.0,57,partly_cloudy
Pune,2023-04-18,34.1,25.5,29.4,0.0,31,partly_cloudy
Pune,2023-04-19,33.2,25.5,29.9,0.0,64,sunny
Pune,2023-04-20,36.5,26.7,30.3,0.0,57,sunny
Pune,2023-04-21,39.4,25.2,31.5,9.6,30,sunny
Pune,2023-04-22,40.4,27.1,32.9,0.0,37,cloudy
Pune,2023-04-23,37.6,29.2,34.6,0.0,56,partly_cloudy
Pune,2023-04-24,39.3,24.0,31.9,0.0,43,sunny
Pune,2023-04-25,39.3,27.7,32.3,0.0,48,cloudy
Pune,2023-04-26,37.3,21.8,29.7,0.0,53,cloudy
Pune,2023-04-27,39.5,31.0,34.8,0.0,41,sunny
Pune,2023-04-28,38.1,30.4,33.6,0.0,30,cloudy
Pune,2023-04-29,36.2,21.5,29.4,0.0,31,sunny
Pune,2023-04-30,37.1,23.6,29.5,9.5,52,sunny
Pune,2023-05-01,39.7,27.2,33.5,0.0,66,sunny
Pune,2023-05-02,38.4,25.2,33.2,0.0,60,sunny
Pune,2023-05-03,36.2,24.6,30.9,0.0,62,partly_cloudy
Pune,2023-05-04,36.4,27.5,31.2,0.0,64,partly_cloudy
Pune,2023-05-05,37.8,26.3,31.1,0.0,50,sunny
Pune,2023-05-06,33.8,26.7,30.1,0.0,62,cloudy
Pune,2023-05-07,34.9,25.7,31.5,0.0,62,sunny
Pune,2023-05-08,37.4,28.0,34.3,0.0,54,partly_cloudy
Pune,2023-05-09,36.1,26.8,30.4,0.0,48,sunny
Pune,2023-05-10,36.6,26.6,29.9,0.0,49,partly_cloudy
Pune,2023-05-11,38.4,28.1,34.0,0.0,51,cloudy
Pune,2023-05-12,34.1,26.8,29.9,0.0,63,sunny
Pune,2023-05-13,35.6,25.9,31.2,0.0,67,partly_cloudy
Pune,2023-05-14,40.5,27.4,34.8,0.0,63,sunny
Pune,2023-05-15,33.0,22.4,29.4,0.0,50,sunny
Pune,2023-05-16,35.6,27.4,30.7,0.0,33,sunny
Pune,2023-05-17,38.9,27.3,32.9,0.0,46,cloudy
Pune,2023-05-18,35.6,25.9,31.2,0.0,58,cloudy
Pune,2023-05-19,36.3,27.9,31.9,0.0,36,cloudy
Pune,2023-05-20,37.9,28.4,32.7,0.0,46,partly_cloudy
Pune,2023-05-21,37.0,28.0,31.7,0.0,46,sunny
Pune,2023-05-22,38.5,24.5,31.1,0.0,42,sunny
Pune,2023-05-23,42.1,30.9,34.7,0.0,53,sunny
Pune,2023-05-24,32.7,24.8,29.0,0.0,38,partly_cloudy
Pune,2023-05-25,39.1,27.0,32.1,0.0,64,partly_cloudy
Pune,2023-05-26,37.2,25.8,30.6,0.0,54,cloudy
Pune,2023-05-27,38.3,25.4,31.4,0.0,37,cloudy
Pune,2023-05-28,38.9,24.3,31.9,0.0,50,sunny
Pune,2023-05-29,36.9,25.6,32.6,0.0,63,sunny
Pune,2023-05-30,33.7,21.4,29.3,0.0,39,sunny
Pune,2023-05-31,37.3,28.2,31.5,0.0,34,sunny
Pune,2023-06-01,31.4,19.2,24.6,27.3,67,rainy
Pune,2023-06-02,29.1,16.9,22.4,13.6,43,rainy
Pune,2023-06-03,32.8,22.5,25.6,8.9,49,rainy
Pune,2023-06-04,28.7,20.8,24.1,0.0,80,sunny
Pune,2023-06-05,30.5,16.5,24.4,30.4,45,rainy
Pune,2023-06-06,31.0,16.8,23.6,37.1,83,rainy
Pune,2023-06-07,31.2,17.6,23.7,0.0,69,sunny
Pune,2023-06-08,30.2,22.3,25.3,0.0,81,cloudy
Pune,2023-06-09,28.5,17.6,24.0,9.8,88,rainy
Pune,2023-06-10,30.7,20.8,24.2,17.6,92,rainy
Pune,2023-06-11,29.1,18.3,21.3,0.0,80,sunny
Pune,2023-06-12,26.1,18.6,22.6,36.8,50,rainy
Pune,2023-06-13,28.7,19.7,25.0,5.8,76,rainy
Pune,2023-06-14,27.3,15.7,21.4,27.7,55,rainy
Pune,2023-06-15,34.6,20.6,27.0,23.1,66,rainy
Pune,2023-06-16,26.7,15.4,22.2,32.9,65,rainy
Pune,2023-06-17,30.5,18.3,24.1,0.0,64,cloudy
Pune,2023-06-18,31.3,16.3,23.6,11.3,83,rainy
Pune,2023-06-19,30.0,20.1,23.3,27.7,76,rainy
Pune,2023-06-20,28.8,19.1,22.8,0.0,66,sunny
Pune,2023-06-21,28.3,19.6,24.7,33.9,77,rainy
Pune,2023-06-22,31.4,21.2,26.4,21.9,67,rainy
Pune,2023-06-23,28.6,19.8,24.8,0.0,41,sunny
Pune,2023-06-24,31.4,19.5,24.4,0.0,82,sunny
Pune,2023-06-25,33.9,21.8,26.6,0.0,62,sunny
Pune,2023-06-26,29.1,14.6,22.1,5.6,89,rainy
Pune,2023-06-27,28.0,14.2,21.8,20.8,82,rainy
Pune,2023-06-28,27.8,15.6,21.7,0.0,41,sunny
Pune,2023-06-29,28.7,20.0,24.0,0.0,93,cloudy
Pune,2023-06-30,29.9,17.1,22.3,5.0,54,rainy
Pune,2023-07-01,31.3,17.8,24.7,8.4,87,rainy
Pune,2023-07-02,34.5,20.6,26.8,0.0,68,cloudy
Pune,2023-07-03,30.0,17.8,25.7,31.3,47,rainy
Pune,2023-07-04,33.1,22.7,26.5,29.0,45,rainy
Pune,2023-07-05,32.0,21.7,26.0,46.8,48,rainy
Pune,2023-07-06,28.0,19.2,23.6,31.2,95,rainy
Pune,2023-07-07,31.3,21.0,24.2,11.1,84,rainy
Pune,2023-07-08,24.5,14.3,21.3,31.9,66,rainy
Pune,2023-07-09,29.3,17.9,25.7,20.8,60,rainy
Pune,2023-07-10,24.9,17.8,21.9,0.0,81,cloudy
Pune,2023-07-11,26.4,17.1,21.9,0.0,72,sunny
Pune,2023-07-12,32.7,21.7,25.1,0.0,49,sunny
Pune,2023-07-13,29.1,17.0,21.4,0.0,67,sunny
Pune,2023-07-14,30.3,20.6,25.9,33.0,84,rainy
Pune,2023-07-15,33.2,23.1,26.3,29.7,85,rainy
Pune,2023-07-16,28.7,14.2,21.7,0.0,76,sunny
Pune,2023-07-17,24.8,15.2,21.2,43.0,77,rainy
Pune,2023-07-18,28.0,14.9,21.3,36.8,59,rainy
Pune,2023-07-19,31.9,18.9,24.9,0.0,42,cloudy
Pune,2023-07-20,32.8,21.1,25.6,24.8,47,rainy
Pune,2023-07-21,27.8,16.2,23.7,0.0,42,cloudy
Pune,2023-07-22,29.9,17.9,25.4,49.1,86,rainy
Pune,2023-07-23,27.2,17.2,24.1,42.3,63,rainy
Pune,2023-07-24,28.6,15.0,21.7,0.0,66,cloudy
Pune,2023-07-25,29.3,16.6,23.9,48.8,92,rainy
Pune,2023-07-26,28.5,13.3,21.3,9.2,53,rainy
Pune,2023-07-27,27.4,14.5,22.1,0.0,77,cloudy
Pune,2023-07-28,28.5,19.4,23.2,6.6,95,rainy
Pune,2023-07-29,29.6,19.8,26.4,0.0,52,sunny
Pune,2023-07-30,28.3,17.3,22.1,43.8,59,rainy
Pune,2023-07-31,28.7,19.0,22.4,43.3,56,rainy
Pune,2023-08-01,28.0,18.5,23.7,19.5,69,rainy
Pune,2023-08-02,29.0,20.3,24.1,30.5,80,rainy
Pune,2023-08-03,30.8,18.2,26.2,9.8,69,rainy
Pune,2023-08-04,28.4,14.3,22.1,31.0,46,rainy
Pune,2023-08-05,29.5,15.6,22.3,7.7,84,rainy
Pune,2023-08-06,26.8,18.1,21.3,20.0,88,rainy
Pune,2023-08-07,31.3,19.5,25.4,0.0,42,sunny
Pune,2023-08-08,27.4,16.4,23.9,34.3,44,rainy
Pune,2023-08-09,31.4,19.8,26.3,24.0,40,rainy
Pune,2023-08-10,31.9,20.2,25.0,5.3,65,rainy
Pune,2023-08-11,30.0,19.9,26.1,0.0,41,cloudy
Pune,2023-08-12,30.1,19.5,23.8,48.4,67,rainy
Pune,2023-08-13,33.7,22.5,26.3,0.0,55,cloudy
Pune,2023-08-14,29.4,15.7,23.7,23.4,84,rainy
Pune,2023-08-15,28.9,16.2,23.2,10.9,43,rainy
Pune,2023-08-16,29.4,15.7,23.6,0.0,56,sunny
Pune,2023-08-17,24.5,16.5,21.2,0.0,64,cloudy
Pune,2023-08-18,34.1,21.5,26.7,32.6,48,rainy
Pune,2023-08-19,26.2,18.8,22.3,37.6,82,rainy
Pune,2023-08-20,29.3,22.1,25.2,0.0,73,sunny
Pune,2023-08-21,30.7,21.2,24.3,0.0,40,cloudy
Pune,2023-08-22,27.9,19.0,23.2,0.0,77,cloudy
Pune,2023-08-23,29.2,16.3,23.3,0.0,61,sunny
Pune,2023-08-24,28.9,13.8,21.1,0.0,46,sunny
Pune,2023-08-25,27.2,19.4,23.6,25.5,86,rainy
Pune,2023-08-26,32.1,20.1,27.0,24.6,58,rainy
Pune,2023-08-27,31.6,17.8,25.3,0.0,52,cloudy
Pune,2023-08-28,32.7,22.3,25.6,0.0,73,cloudy
Pune,2023-08-29,31.3,23.5,26.6,40.7,88,rainy
Pune,2023-08-30,28.8,19.3,23.5,0.0,69,sunny
Pune,2023-08-31,26.8,15.7,21.2,0.0,63,cloudy
Pune,2023-09-01,29.7,16.0,23.5,0.0,54,cloudy
Pune,2023-09-02,29.6,21.2,25.2,42.5,42,rainy
Pune,2023-09-03,30.3,22.4,26.0,6.9,92,rainy
Pune,2023-09-04,28.8,21.6,24.7,26.1,41,rainy
Pune,2023-09-05,30.9,22.4,25.5,36.6,49,rainy
Pune,2023-09-06,28.1,18.4,21.8,49.2,48,rainy
Pune,2023-09-07,28.8,20.4,23.5,28.6,40,rainy
Pune,2023-09-08,27.6,14.5,21.1,35.0,88,rainy
Pune,2023-09-09,32.2,21.1,25.0,25.2,61,rainy
Pune,2023-09-10,33.8,22.5,26.6,0.0,69,sunny
Pune,2023-09-11,28.3,16.0,23.4,43.5,66,rainy
Pune,2023-09-12,28.6,16.1,23.2,0.0,89,sunny
Pune,2023-09-13,25.0,17.3,21.7,0.0,41,cloudy
Pune,2023-09-14,29.3,14.1,21.6,0.0,60,sunny
Pune,2023-09-15,24.9,17.1,21.9,22.4,65,rainy
Pune,2023-09-16,27.4,16.5,22.5,0.0,67,sunny
Pune,2023-09-17,31.0,20.1,24.9,0.0,87,cloudy
Pune,2023-09-18,30.8,19.9,24.8,13.7,86,rainy
Pune,2023-09-19,30.8,22.9,26.8,45.7,80,rainy
Pune,2023-09-20,28.4,19.5,24.2,49.4,57,rainy
Pune,2023-09-21,32.3,20.8,25.3,18.7,94,rainy
Pune,2023-09-22,32.4,17.3,24.9,0.0,90,sunny
Pune,2023-09-23,26.8,18.8,22.3,48.9,47,rainy
Pune,2023-09-24,29.7,17.1,24.8,0.0,40,cloudy
Pune,2023-09-25,28.5,17.9,22.9,48.5,75,rainy
Pune,2023-09-26,30.5,16.4,23.1,9.1,67,rainy
Pune,2023-09-27,25.4,14.7,22.0,7.0,57,rainy
Pune,2023-09-28,29.6,18.2,24.7,40.8,68,rainy
Pune,2023-09-29,30.7,21.8,26.1,19.1,49,rainy
Pune,2023-09-30,28.3,14.2,22.0,37.6,40,rainy
Pune,2023-10-01,35.6,22.8,27.8,0.0,34,sunny
Pune,2023-10-02,30.3,19.8,26.8,0.0,35,partly_cloudy
Pune,2023-10-03,31.6,21.2,24.3,0.0,64,sunny
Pune,2023-10-04,28.5,17.1,24.0,0.0,46,partly_cloudy
Pune,2023-10-05,34.1,21.2,27.2,0.0,37,partly_cloudy
Pune,2023-10-06,34.3,21.2,26.6,0.0,49,partly_cloudy
Pune,2023-10-07,29.0,22.1,26.0,0.0,32,partly_cloudy
Pune,2023-10-08,32.0,18.5,24.8,0.0,40,cloudy
Pune,2023-10-09,31.1,23.6,27.1,0.0,64,cloudy
Pune,2023-10-10,34.0,18.8,26.2,0.0,68,cloudy
Pune,2023-10-11,35.2,22.8,27.8,0.0,39,sunny
Pune,2023-10-12,33.9,19.6,26.6,0.0,42,sunny
Pune,2023-10-13,33.5,23.0,26.3,0.0,35,sunny
Pune,2023-10-14,31.7,20.4,24.3,0.0,30,sunny
Pune,2023-10-15,32.3,20.5,25.5,0.0,62,partly_cloudy
Pune,2023-10-16,30.8,18.2,24.6,0.0,32,partly_cloudy
Pune,2023-10-17,34.1,21.2,27.0,0.0,32,sunny
Pune,2023-10-18,30.2,18.7,26.1,0.0,39,partly_cloudy
Pune,2023-10-19,31.7,19.1,26.5,0.0,35,sunny
Pune,2023-10-20,30.8,20.3,26.7,0.0,61,sunny
Pune,2023-10-21,29.2,18.9,25.2,0.0,70,partly_cloudy
Pune,2023-10-22,29.8,16.6,24.1,0.0,36,cloudy
Pune,2023-10-23,30.4,19.4,26.4,0.0,35,cloudy
Pune,2023-10-24,30.7,22.1,26.2,0.0,58,sunny
Pune,2023-10-25,32.9,19.5,25.5,0.0,63,sunny
Pune,2023-10-26,31.4,17.1,24.4,0.0,36,sunny
Pune,2023-10-27,33.6,22.7,26.1,0.0,31,sunny
Pune,2023-10-28,32.2,20.4,27.4,0.0,37,cloudy
Pune,2023-10-29,29.5,17.4,25.0,0.0,43,partly_cloudy
Pune,2023-10-30,30.1,19.1,25.1,7.8,61,sunny
Pune,2023-10-31,28.3,19.3,25.0,0.0,54,sunny
Pune,2023-11-01,34.6,19.5,27.0,0.0,55,partly_cloudy
Pune,2023-11-02,30.5,18.7,24.3,0.0,37,partly_cloudy
Pune,2023-11-03,34.9,23.3,27.4,0.0,42,partly_cloudy
Pune,2023-11-04,33.5,21.1,27.6,0.0,48,sunny
Pune,2023-11-05,29.1,18.3,24.5,0.0,58,partly_cloudy
Pune,2023-11-06,29.7,21.6,26.0,0.0,47,partly_cloudy
Pune,2023-11-07,31.9,16.6,24.4,0.0,66,cloudy
Pune,2023-11-08,33.0,18.9,25.7,0.0,68,cloudy
Pune,2023-11-09,33.6,23.0,27.7,0.0,49,partly_cloudy
Pune,2023-11-10,33.1,21.8,27.5,0.0,56,cloudy
Pune,2023-11-11,32.2,22.4,26.3,0.0,70,partly_cloudy
Pune,2023-11-12,28.5,21.2,24.5,0.0,41,sunny
Pune,2023-11-13,28.9,18.6,25.8,0.0,30,partly_cloudy
Pune,2023-11-14,34.7,21.8,27.4,0.0,65,partly_cloudy
Pune,2023-11-15,32.4,23.1,27.2,0.0,40,cloudy
Pune,2023-11-16,31.8,21.7,25.9,0.0,69,cloudy
Pune,2023-11-17,33.6,22.9,27.5,0.0,69,partly_cloudy
Pune,2023-11-18,30.9,20.1,27.2,0.0,58,sunny
Pune,2023-11-19,32.7,18.2,25.9,0.0,30,partly_cloudy
Pune,2023-11-20,33.2,21.4,25.3,0.0,68,partly_cloudy
Pune,2023-11-21,30.3,17.9,24.3,5.9,31,cloudy
Pune,2023-11-22,29.7,22.4,26.3,0.0,33,sunny
Pune,2023-11-23,32.9,18.2,25.2,0.0,42,sunny
Pune,2023-11-24,30.1,23.2,26.8,7.6,66,partly_cloudy
Pune,2023-11-25,35.0,23.4,27.3,0.0,44,sunny
Pune,2023-11-26,29.8,17.8,25.7,0.0,35,cloudy
Pune,2023-11-27,31.4,19.9,24.1,0.0,69,cloudy
Pune,2023-11-28,33.0,23.8,26.9,0.0,63,sunny
Pune,2023-11-29,31.1,24.7,27.7,0.0,59,sunny
Pune,2023-11-30,27.9,20.8,24.8,0.0,46,partly_cloudy
Pune,2023-12-01,21.3,13.4,17.1,0.0,33,partly_cloudy
Pune,2023-12-02,23.6,13.3,18.9,0.0,39,sunny
Pune,2023-12-03,22.9,12.0,17.8,0.0,61,sunny
Pune,2023-12-04,26.1,12.3,18.2,0.0,50,partly_cloudy
Pune,2023-12-05,21.8,9.6,17.3,0.0,68,sunny
Pune,2023-12-06,22.3,15.7,19.1,0.0,54,partly_cloudy
Pune,2023-12-07,23.6,11.5,17.0,0.0,58,partly_cloudy
Pune,2023-12-08,25.4,13.5,19.0,9.7,67,sunny
Pune,2023-12-09,25.4,14.5,19.1,0.0,48,partly_cloudy
Pune,2023-12-10,25.3,12.1,17.8,0.0,50,cloudy
Pune,2023-12-11,24.8,13.3,19.7,0.0,45,cloudy
Pune,2023-12-12,24.2,12.6,19.3,0.0,58,partly_cloudy
Pune,2023-12-13,22.8,16.5,19.7,0.0,32,sunny
Pune,2023-12-14,21.4,13.9,17.6,0.0,53,cloudy
Pune,2023-12-15,26.6,12.6,20.0,0.0,51,partly_cloudy
Pune,2023-12-16,22.6,10.7,17.2,0.0,44,cloudy
Pune,2023-12-17,24.0,13.6,18.3,0.0,38,sunny
Pune,2023-12-18,23.7,13.0,19.3,0.0,61,partly_cloudy
Pune,2023-12-19,23.7,13.5,18.4,0.0,67,partly_cloudy
Pune,2023-12-20,19.6,8.5,16.0,3.9,46,sunny
Pune,2023-12-21,19.3,9.0,16.1,0.0,33,cloudy
Pune,2023-12-22,23.5,13.4,17.0,0.0,52,partly_cloudy
Pune,2023-12-23,21.9,15.0,18.8,0.0,67,sunny
Pune,2023-12-24,22.6,8.7,16.4,0.0,59,cloudy
Pune,2023-12-25,23.5,13.1,16.7,0.0,61,cloudy
Pune,2023-12-26,23.5,12.6,16.1,0.0,51,sunny
Pune,2023-12-27,24.0,12.9,17.9,6.3,48,partly_cloudy
Pune,2023-12-28,22.0,10.7,18.4,0.0,34,cloudy
Pune,2023-12-29,24.7,11.1,17.0,0.0,58,cloudy
Pune,2023-12-30,23.7,13.1,19.4,0.0,34,sunny
Pune,2023-12-31,23.8,12.1,17.1,0.0,51,sunny
Pune,2024-01-01,25.2,14.9,18.6,0.0,36,cloudy
Pune,2024-01-02,21.8,13.2,16.9,0.0,35,partly_cloudy
Pune,2024-01-03,24.6,12.2,17.0,0.0,47,cloudy
Pune,2024-01-04,22.6,11.5,19.1,0.0,70,sunny
Pune,2024-01-05,23.9,12.9,16.8,0.0,48,sunny
Pune,2024-01-06,22.0,13.5,17.3,0.0,58,cloudy
Pune,2024-01-07,25.6,13.9,18.4,0.0,41,cloudy
Pune,2024-01-08,21.0,14.3,17.4,1.1,50,partly_cloudy
Pune,2024-01-09,20.1,13.1,17.0,0.0,30,partly_cloudy
Pune,2024-01-10,24.5,12.8,17.7,0.0,62,sunny
Pune,2024-01-11,25.7,11.1,18.3,0.0,31,partly_cloudy
Pune,2024-01-12,21.4,11.4,17.4,0.0,60,cloudy
Pune,2024-01-13,23.9,15.1,19.0,0.0,59,partly_cloudy
Pune,2024-01-14,22.9,14.5,19.8,0.0,53,partly_cloudy
Pune,2024-01-15,22.7,13.8,18.2,0.0,32,partly_cloudy
Pune,2024-01-16,22.2,9.4,17.0,0.0,58,sunny
Pune,2024-01-17,25.9,14.0,19.4,0.0,42,cloudy
Pune,2024-01-18,23.3,12.5,18.1,0.0,34,cloudy
Pune,2024-01-19,25.4,13.9,18.7,6.0,62,partly_cloudy
Pune,2024-01-20,21.2,12.4,16.1,0.0,37,cloudy
Pune,2024-01-21,22.9,11.1,18.7,0.0,62,cloudy
Pune,2024-01-22,24.2,10.0,16.8,0.0,64,partly_cloudy
Pune,2024-01-23,26.7,13.6,18.9,0.0,50,cloudy
Pune,2024-01-24,23.9,11.0,17.4,0.0,57,partly_cloudy
Pune,2024-01-25,23.7,12.0,18.2,0.0,59,partly_cloudy
Pune,2024-01-26,22.5,12.3,16.1,0.0,69,cloudy
Pune,2024-01-27,25.7,14.1,18.4,3.8,68,partly_cloudy
Pune,2024-01-28,24.4,11.5,18.6,0.0,53,cloudy
Pune,2024-01-29,22.9,13.2,17.6,0.0,69,sunny
Pune,2024-01-30,24.1,12.8,18.0,0.0,59,cloudy
Pune,2024-01-31,23.0,12.5,18.4,0.0,64,partly_cloudy
Pune,2024-02-01,23.5,14.0,18.7,0.0,50,partly_cloudy
Pune,2024-02-02,23.2,8.7,16.6,0.0,63,cloudy
Pune,2024-02-03,22.4,14.6,18.2,0.0,46,cloudy
Pune,2024-02-04,24.4,10.6,16.8,0.0,53,cloudy
Pune,2024-02-05,24.9,11.9,19.5,0.0,39,sunny
Pune,2024-02-06,24.3,14.1,17.6,0.0,63,partly_cloudy
Pune,2024-02-07,26.4,15.5,19.6,0.0,39,sunny
Pune,2024-02-08,24.2,11.4,16.2,0.0,34,cloudy
Pune,2024-02-09,25.8,11.8,19.3,0.0,68,partly_cloudy
Pune,2024-02-10,24.4,14.3,17.9,0.0,30,sunny
Pune,2024-02-11,24.2,10.5,16.9,0.0,34,cloudy
Pune,2024-02-12,23.8,13.4,17.6,0.0,47,cloudy
Pune,2024-02-13,25.1,12.3,18.6,0.0,51,cloudy
Pune,2024-02-14,22.4,12.0,18.5,0.0,42,partly_cloudy
Pune,2024-02-15,21.5,12.7,17.6,0.0,59,cloudy
Pune,2024-02-16,23.8,15.2,18.4,0.0,44,partly_cloudy
Pune,2024-02-17,27.3,16.7,19.7,9.4,31,cloudy
Pune,2024-02-18,24.6,11.9,17.1,0.0,51,cloudy
Pune,2024-02-19,24.6,10.7,18.3,0.0,66,sunny
Pune,2024-02-20,26.4,16.2,19.9,0.0,47,sunny
Pune,2024-02-21,23.3,12.2,18.6,0.0,50,cloudy
Pune,2024-02-22,22.4,11.6,18.8,0.0,55,partly_cloudy
Pune,2024-02-23,26.1,12.0,18.2,0.0,48,partly_cloudy
Pune,2024-02-24,21.8,11.7,18.7,5.7,67,sunny
Pune,2024-02-25,23.9,12.4,16.4,0.0,36,partly_cloudy
Pune,2024-02-26,25.6,11.7,19.1,0.0,39,partly_cloudy
Pune,2024-02-27,22.1,10.1,16.9,0.0,58,sunny
Pune,2024-02-28,21.0,11.0,17.3,0.0,63,cloudy
Pune,2024-02-29,21.8,9.6,16.2,0.0,70,cloudy
Pune,2024-03-01,34.7,23.6,30.4,0.0,54,sunny
Pune,2024-03-02,36.5,26.5,33.0,0.0,63,partly_cloudy
Pune,2024-03-03,34.2,25.4,29.4,0.0,31,partly_cloudy
Pune,2024-03-04,39.0,26.7,34.1,0.0,55,partly_cloudy
Pune,2024-03-05,38.0,22.8,30.7,0.0,61,cloudy
Pune,2024-03-06,37.4,22.1,30.0,0.0,59,cloudy
Pune,2024-03-07,36.3,27.1,31.3,0.0,30,partly_cloudy
Pune,2024-03-08,41.3,28.5,34.8,0.0,37,partly_cloudy
Pune,2024-03-09,36.9,29.9,33.1,0.0,39,sunny
Pune,2024-03-10,37.2,28.0,33.0,0.0,54,sunny
Pune,2024-03-11,34.7,24.6,29.8,0.0,65,cloudy
Pune,2024-03-12,38.8,29.5,33.0,0.0,69,sunny
Pune,2024-03-13,39.7,29.8,34.7,0.0,48,partly_cloudy
Pune,2024-03-14,36.5,23.5,29.7,0.0,64,sunny
Pune,2024-03-15,40.4,28.4,34.5,0.0,47,sunny
Pune,2024-03-16,41.6,27.3,34.7,0.0,35,cloudy
Pune,2024-03-17,39.5,28.3,32.6,7.9,57,cloudy
Pune,2024-03-18,36.5,27.0,31.5,0.0,41,sunny
Pune,2024-03-19,36.5,25.7,30.6,0.0,67,partly_cloudy
Pune,2024-03-20,33.9,25.4,30.4,0.0,51,sunny
Pune,2024-03-21,39.3,27.7,31.9,0.0,48,partly_cloudy
Pune,2024-03-22,34.0,24.8,31.0,0.0,65,cloudy
Pune,2024-03-23,37.2,24.4,31.9,0.0,41,cloudy
Pune,2024-03-24,36.3,23.5,29.3,0.0,61,cloudy
Pune,2024-03-25,35.7,25.0,30.5,2.5,48,cloudy
Pune,2024-03-26,36.7,27.9,33.2,0.0,37,sunny
Pune,2024-03-27,38.5,22.6,30.6,0.0,49,partly_cloudy
Pune,2024-03-28,39.0,29.5,33.0,1.3,58,cloudy
Pune,2024-03-29,38.1,25.3,31.9,0.0,69,cloudy
Pune,2024-03-30,32.8,23.0,29.8,0.0,30,partly_cloudy
Pune,2024-03-31,32.2,24.6,29.1,0.0,39,sunny
Pune,2024-04-01,37.2,29.8,33.1,0.0,47,partly_cloudy
Pune,2024-04-02,38.9,27.0,32.2,0.0,60,cloudy
Pune,2024-04-03,37.9,26.5,31.0,0.0,62,partly_cloudy
Pune,2024-04-04,37.9,30.5,34.7,0.0,69,partly_cloudy
Pune,2024-04-05,41.0,30.1,34.8,0.0,62,sunny
Pune,2024-04-06,37.9,31.0,34.8,0.0,67,sunny
Pune,2024-04-07,39.1,25.9,32.1,0.0,54,cloudy
Pune,2024-04-08,37.4,27.6,32.9,0.0,53,sunny
Pune,2024-04-09,37.2,24.8,31.3,0.0,60,partly_cloudy
Pune,2024-04-10,38.6,25.8,30.7,0.0,41,partly_cloudy
Pune,2024-04-11,37.2,24.0,29.4,0.0,65,sunny
Pune,2024-04-12,38.4,24.7,32.4,0.0,58,cloudy
Pune,2024-04-13,36.7,26.6,30.2,0.0,68,cloudy
Pune,2024-04-14,37.0,25.1,31.9,0.0,43,partly_cloudy
Pune,2024-04-15,34.0,25.2,30.4,0.0,59,sunny
Pune,2024-04-16,38.1,23.4,31.0,0.0,38,partly_cloudy
Pune,2024-04-17,37.1,26.6,33.8,0.0,60,partly_cloudy
Pune,2024-04-18,35.1,27.2,31.9,0.0,60,partly_cloudy
Pune,2024-04-19,39.9,27.9,32.6,0.0,61,cloudy
Pune,2024-04-20,35.0,24.8,30.0,0.0,69,sunny
Pune,2024-04-21,39.4,27.5,34.3,0.0,43,cloudy
Pune,2024-04-22,38.8,29.3,32.7,0.0,54,cloudy
Pune,2024-04-23,39.7,29.2,34.4,0.0,46,partly_cloudy
Pune,2024-04-24,37.8,30.0,34.6,8.4,31,partly_cloudy
Pune,2024-04-25,37.3,23.0,29.4,9.6,47,partly_cloudy
Pune,2024-04-26,40.0,29.0,33.2,0.0,61,partly_cloudy
Pune,2024-04-27,39.2,26.8,32.4,0.0,51,cloudy
Pune,2024-04-28,38.8,24.5,30.9,0.0,62,cloudy
Pune,2024-04-29,38.0,25.5,31.5,0.0,48,sunny
Pune,2024-04-30,35.8,25.1,29.6,0.0,70,partly_cloudy
Pune,2024-05-01,34.6,23.9,30.6,0.0,50,partly_cloudy
Pune,2024-05-02,34.1,24.4,29.1,0.0,32,sunny
Pune,2024-05-03,38.6,24.3,31.6,0.0,47,cloudy
Pune,2024-05-04,36.3,27.2,31.6,0.0,42,sunny
Pune,2024-05-05,39.5,26.2,33.0,0.0,40,cloudy
Pune,2024-05-06,33.0,26.3,29.8,0.0,69,cloudy
Pune,2024-05-07,35.3,23.2,29.7,0.0,61,partly_cloudy
Pune,2024-05-08,36.1,26.7,30.2,0.0,46,partly_cloudy
Pune,2024-05-09,35.1,27.9,31.3,0.0,67,sunny
Pune,2024-05-10,35.2,27.8,31.2,0.0,56,cloudy
Pune,2024-05-11,38.2,26.0,31.8,0.0,42,partly_cloudy
Pune,2024-05-12,34.7,23.7,30.6,0.0,32,partly_cloudy
Pune,2024-05-13,36.6,22.2,30.0,0.0,57,partly_cloudy
Pune,2024-05-14,39.5,27.5,33.9,0.0,69,sunny
Pune,2024-05-15,39.0,26.2,33.6,0.0,41,sunny
Pune,2024-05-16,39.8,25.2,33.1,3.8,58,partly_cloudy
Pune,2024-05-17,37.6,27.8,34.3,0.0,30,partly_cloudy
Pune,2024-05-18,41.1,27.4,33.6,0.0,67,cloudy
Pune,2024-05-19,37.5,27.8,31.2,0.0,65,sunny
Pune,2024-05-20,38.5,26.8,31.8,0.0,57,sunny
Pune,2024-05-21,34.5,23.3,29.5,0.0,58,cloudy
Pune,2024-05-22,40.0,26.6,33.8,7.8,61,sunny
Pune,2024-05-23,40.9,25.4,33.2,0.0,35,sunny
Pune,2024-05-24,42.7,31.2,35.0,0.0,41,cloudy
Pune,2024-05-25,39.2,30.4,33.4,0.0,51,partly_cloudy
Pune,2024-05-26,36.1,28.3,32.1,0.0,60,cloudy
Pune,2024-05-27,37.2,25.9,32.9,0.0,58,partly_cloudy
Pune,2024-05-28,38.0,25.7,30.6,0.0,52,partly_cloudy
Pune,2024-05-29,37.9,29.8,34.1,0.0,54,sunny
Pune,2024-05-30,36.8,30.7,33.7,5.6,56,sunny
Pune,2024-05-31,34.1,23.3,29.8,0.0,45,cloudy
Pune,2024-06-01,31.4,20.0,25.1,0.0,88,sunny
Pune,2024-06-02,28.5,21.0,24.2,36.8,71,rainy
Pune,2024-06-03,34.5,23.2,26.9,18.8,55,rainy
Pune,2024-06-04,29.9,15.8,22.4,21.4,66,rainy
Pune,2024-06-05,24.9,15.1,21.8,7.8,85,rainy
Pune,2024-06-06,27.6,15.9,22.0,44.1,66,rainy
Pune,2024-06-07,31.5,22.3,25.5,0.0,68,sunny
Pune,2024-06-08,27.4,17.9,22.7,10.4,81,rainy
Pune,2024-06-09,30.6,17.5,24.3,44.4,49,rainy
Pune,2024-06-10,32.6,21.5,25.6,0.0,91,cloudy
Pune,2024-06-11,27.0,17.1,23.6,16.3,71,rainy
Pune,2024-06-12,31.9,16.4,24.1,5.4,95,rainy
Pune,2024-06-13,32.6,18.9,25.5,13.3,67,rainy
Pune,2024-06-14,32.7,19.5,26.9,0.0,41,sunny
Pune,2024-06-15,32.6,19.2,25.3,28.6,84,rainy
Pune,2024-06-16,32.6,19.6,24.7,26.1,53,rainy
Pune,2024-06-17,29.5,18.2,23.4,16.5,91,rainy
Pune,2024-06-18,26.6,16.9,23.3,0.0,43,sunny
Pune,2024-06-19,29.5,15.6,22.3,5.8,42,rainy
Pune,2024-06-20,26.4,18.2,23.3,0.0,91,sunny
Pune,2024-06-21,33.5,18.9,25.8,25.5,45,rainy
Pune,2024-06-22,33.2,20.6,25.7,19.8,40,rainy
Pune,2024-06-23,30.0,22.1,26.5,48.5,55,rainy
Pune,2024-06-24,27.8,17.8,23.8,25.4,48,rainy
Pune,2024-06-25,26.1,13.3,21.2,0.0,45,sunny
Pune,2024-06-26,31.1,17.9,23.3,41.6,91,rainy
Pune,2024-06-27,28.5,17.9,22.1,0.0,86,cloudy
Pune,2024-06-28,27.5,17.7,21.9,0.0,81,sunny
Pune,2024-06-29,29.4,19.5,24.7,31.0,56,rainy
Pune,2024-06-30,28.0,15.5,21.7,30.2,79,rainy
Pune,2024-07-01,27.2,20.3,23.8,21.9,44,rainy
Pune,2024-07-02,27.8,19.6,24.5,19.4,81,rainy
Pune,2024-07-03,28.2,13.5,21.5,25.5,58,rainy
Pune,2024-07-04,31.0,20.4,26.7,6.0,83,rainy
Pune,2024-07-05,28.0,20.1,24.1,37.4,63,rainy
Pune,2024-07-06,31.5,19.3,26.2,48.4,63,rainy
Pune,2024-07-07,29.4,15.9,21.7,0.0,85,sunny
Pune,2024-07-08,31.6,17.3,24.9,48.7,94,rainy
Pune,2024-07-09,32.0,20.6,25.2,49.4,70,rainy
Pune,2024-07-10,27.7,17.3,22.0,0.0,55,cloudy
Pune,2024-07-11,28.5,14.4,21.5,27.6,93,rainy
Pune,2024-07-12,30.6,18.1,25.7,10.9,69,rainy
Pune,2024-07-13,29.7,16.6,23.4,0.0,50,sunny
Pune,2024-07-14,34.3,21.0,26.9,0.0,93,sunny
Pune,2024-07-15,32.4,20.2,25.9,13.4,57,rainy
Pune,2024-07-16,31.8,19.5,25.8,0.0,82,sunny
Pune,2024-07-17,33.5,21.6,25.7,27.5,76,rainy
Pune,2024-07-18,29.8,18.4,22.5,0.0,86,cloudy
Pune,2024-07-19,26.9,14.7,21.8,47.8,88,rainy
Pune,2024-07-20,32.8,17.9,25.6,0.0,57,cloudy
Pune,2024-07-21,29.2,18.9,24.1,24.7,54,rainy
Pune,2024-07-22,31.8,16.7,23.8,0.0,80,cloudy
Pune,2024-07-23,32.3,22.0,25.4,0.0,64,cloudy
Pune,2024-07-24,27.1,17.2,23.2,0.0,81,cloudy
Pune,2024-07-25,30.3,19.7,26.2,0.0,91,cloudy
Pune,2024-07-26,31.8,16.7,24.5,48.1,47,rainy
Pune,2024-07-27,28.9,18.5,23.1,47.5,81,rainy
Pune,2024-07-28,28.7,19.6,25.3,25.5,53,rainy
Pune,2024-07-29,27.3,20.8,24.2,32.7,81,rainy
Pune,2024-07-30,29.6,17.2,21.9,0.0,43,cloudy
Pune,2024-07-31,32.1,21.0,24.6,47.6,57,rainy
Pune,2024-08-01,31.8,17.2,24.7,20.6,46,rainy
Pune,2024-08-02,30.2,20.3,24.8,43.9,93,rainy
Pune,2024-08-03,31.7,19.7,25.2,0.0,56,sunny
Pune,2024-08-04,27.9,16.6,22.4,30.5,70,rainy
Pune,2024-08-05,32.0,22.0,25.2,33.5,70,rainy
Pune,2024-08-06,33.5,22.4,25.9,13.7,50,rainy
Pune,2024-08-07,32.1,21.6,24.8,0.0,45,sunny
Pune,2024-08-08,26.3,15.6,21.2,39.4,89,rainy
Pune,2024-08-09,29.2,17.3,25.1,29.2,49,rainy
Pune,2024-08-10,29.0,19.0,25.5,14.7,64,rainy
Pune,2024-08-11,25.9,18.1,22.0,27.2,61,rainy
Pune,2024-08-12,27.3,15.7,22.1,0.0,63,cloudy
Pune,2024-08-13,27.3,14.8,22.7,0.0,46,cloudy
Pune,2024-08-14,32.7,21.2,27.0,0.0,59,cloudy
Pune,2024-08-15,28.4,18.2,21.3,0.0,63,cloudy
Pune,2024-08-16,28.4,18.5,23.7,0.0,85,sunny
Pune,2024-08-17,30.4,20.3,26.0,15.3,68,rainy
Pune,2024-08-18,31.8,18.4,24.8,43.5,71,rainy
Pune,2024-08-19,25.8,13.6,21.5,8.8,60,rainy
Pune,2024-08-20,32.0,20.3,25.9,0.0,77,sunny
Pune,2024-08-21,25.2,16.5,21.7,0.0,81,sunny
Pune,2024-08-22,32.2,19.8,26.7,0.0,56,cloudy
Pune,2024-08-23,31.6,20.7,26.1,23.5,45,rainy
Pune,2024-08-24,31.0,16.0,23.0,0.0,93,cloudy
Pune,2024-08-25,31.3,17.7,25.5,0.0,91,cloudy
Pune,2024-08-26,30.4,22.8,26.1,25.7,52,rainy
Pune,2024-08-27,29.2,18.4,23.5,0.0,85,cloudy
Pune,2024-08-28,26.4,17.8,23.2,17.8,83,rainy
Pune,2024-08-29,26.2,18.2,21.4,0.0,95,cloudy
Pune,2024-08-30,29.2,15.4,21.6,26.9,81,rainy
Pune,2024-08-31,29.3,13.8,21.7,29.9,41,rainy
Pune,2024-09-01,29.5,21.2,24.8,0.0,41,sunny
Pune,2024-09-02,28.6,18.7,24.0,24.6,62,rainy
Pune,2024-09-03,24.9,15.8,21.8,37.2,76,rainy
Pune,2024-09-04,28.9,18.6,24.6,18.1,74,rainy
Pune,2024-09-05,29.7,16.6,23.1,0.0,63,cloudy
Pune,2024-09-06,26.0,16.4,21.9,0.0,49,cloudy
Pune,2024-09-07,28.5,15.4,22.1,33.0,50,rainy
Pune,2024-09-08,26.0,15.6,21.1,41.2,87,rainy
Pune,2024-09-09,30.1,17.4,23.3,0.0,80,cloudy
Pune,2024-09-10,29.9,21.8,25.5,45.3,62,rainy
Pune,2024-09-11,30.3,19.8,27.0,0.0,79,cloudy
Pune,2024-09-12,32.9,20.0,26.1,28.6,48,rainy
Pune,2024-09-13,31.9,23.1,26.7,48.2,52,rainy
Pune,2024-09-14,29.7,20.2,24.3,0.0,61,cloudy
Pune,2024-09-15,28.8,16.6,21.2,35.4,85,rainy
Pune,2024-09-16,33.1,19.4,25.6,0.0,75,cloudy
Pune,2024-09-17,29.5,21.5,26.3,46.7,57,rainy
Pune,2024-09-18,29.5,15.6,23.5,41.0,52,rainy
Pune,2024-09-19,28.5,16.5,21.9,34.0,68,rainy
Pune,2024-09-20,27.0,14.2,21.4,7.8,72,rainy
Pune,2024-09-21,29.2,21.8,26.2,0.0,46,cloudy
Pune,2024-09-22,29.7,15.4,22.0,0.0,40,cloudy
Pune,2024-09-23,27.3,19.6,22.8,0.0,69,cloudy
Pune,2024-09-24,31.2,22.9,26.4,9.9,41,rainy
Pune,2024-09-25,25.6,14.0,21.2,0.0,61,sunny
Pune,2024-09-26,31.7,21.8,26.6,0.0,93,sunny
Pune,2024-09-27,26.3,19.6,23.2,45.5,48,rainy
Pune,2024-09-28,30.5,19.4,26.8,46.1,55,rainy
Pune,2024-09-29,25.3,16.2,21.6,0.0,92,sunny
Pune,2024-09-30,27.5,17.8,21.1,13.2,61,rainy
Pune,2024-10-01,31.3,18.1,24.2,0.0,33,cloudy
Pune,2024-10-02,32.1,18.5,26.1,0.0,53,cloudy
Pune,2024-10-03,27.6,19.2,24.4,0.0,38,sunny
Pune,2024-10-04,34.2,19.9,27.0,0.0,35,partly_cloudy
Pune,2024-10-05,29.9,17.8,24.5,0.0,43,sunny
Pune,2024-10-06,33.6,19.0,25.6,3.8,32,cloudy
Pune,2024-10-07,28.9,20.1,25.2,0.0,35,cloudy
Pune,2024-10-08,30.4,22.2,25.7,0.0,70,partly_cloudy
Pune,2024-10-09,32.0,18.5,26.2,0.0,43,cloudy
Pune,2024-10-10,28.6,17.6,24.0,0.0,35,partly_cloudy
Pune,2024-10-11,30.3,19.8,24.1,0.0,40,cloudy
Pune,2024-10-12,32.5,21.5,24.8,0.0,68,sunny
Pune,2024-10-13,30.8,17.0,24.7,0.0,64,sunny
Pune,2024-10-14,30.6,18.3,24.0,0.0,45,sunny
Pune,2024-10-15,29.9,21.8,26.3,0.0,52,partly_cloudy
Pune,2024-10-16,34.4,23.2,26.5,2.2,40,partly_cloudy
Pune,2024-10-17,32.8,19.1,25.4,0.0,41,sunny
Pune,2024-10-18,31.4,20.3,25.3,0.0,59,partly_cloudy
Pune,2024-10-19,28.1,19.1,24.8,0.0,53,sunny
Pune,2024-10-20,29.6,18.8,26.4,0.0,36,cloudy
Pune,2024-10-21,29.4,19.8,25.2,0.0,56,cloudy
Pune,2024-10-22,32.0,21.2,25.8,0.0,34,partly_cloudy
Pune,2024-10-23,31.6,21.0,26.6,0.0,40,sunny
Pune,2024-10-24,31.4,17.3,24.9,0.0,41,cloudy
Pune,2024-10-25,32.7,18.1,25.8,0.0,60,cloudy
Pune,2024-10-26,29.8,19.4,26.2,0.0,65,cloudy
Pune,2024-10-27,33.6,20.9,27.4,0.0,61,partly_cloudy
Pune,2024-10-28,30.0,22.1,26.5,0.0,68,sunny
Pune,2024-10-29,31.6,20.7,24.6,0.0,46,sunny
Pune,2024-10-30,31.4,21.2,26.2,0.0,41,sunny
Pune,2024-10-31,33.2,19.8,27.2,0.0,61,sunny
Pune,2024-11-01,35.0,20.3,27.8,0.0,46,cloudy
Pune,2024-11-02,30.2,21.7,26.8,0.0,70,partly_cloudy
Pune,2024-11-03,29.8,21.0,24.7,0.0,33,sunny
Pune,2024-11-04,32.4,20.3,26.4,0.0,54,partly_cloudy
Pune,2024-11-05,29.3,18.8,25.1,6.6,31,cloudy
Pune,2024-11-06,32.7,22.6,26.7,0.0,38,partly_cloudy
Pune,2024-11-07,30.7,22.9,26.9,0.0,70,cloudy
Pune,2024-11-08,30.6,19.7,24.0,4.4,65,sunny
Pune,2024-11-09,32.1,18.2,25.8,0.0,38,cloudy
Pune,2024-11-10,29.6,20.9,25.7,4.3,63,cloudy
Pune,2024-11-11,32.6,17.3,25.1,9.4,45,cloudy
Pune,2024-11-12,30.2,19.0,26.5,0.0,39,cloudy
Pune,2024-11-13,31.6,20.8,25.3,9.7,42,partly_cloudy
Pune,2024-11-14,32.2,21.4,25.1,0.0,32,partly_cloudy
Pune,2024-11-15,30.8,20.5,24.4,0.0,54,partly_cloudy
Pune,2024-11-16,33.2,22.5,25.6,0.0,68,sunny
Pune,2024-11-17,33.2,18.1,25.2,0.0,59,cloudy
Pune,2024-11-18,30.0,20.6,26.7,0.0,34,cloudy
Pune,2024-11-19,32.9,21.9,25.1,0.0,51,partly_cloudy
Pune,2024-11-20,29.6,20.2,25.0,0.0,52,partly_cloudy
Pune,2024-11-21,28.4,19.4,24.7,0.0,49,sunny
Pune,2024-11-22,32.5,22.2,26.4,0.0,53,partly_cloudy
Pune,2024-11-23,33.4,20.9,25.4,0.0,46,partly_cloudy
Pune,2024-11-24,31.0,23.7,26.9,0.0,42,sunny
Pune,2024-11-25,32.9,21.2,26.7,0.0,39,partly_cloudy
Pune,2024-11-26,34.7,23.9,27.9,0.0,53,sunny
Pune,2024-11-27,32.8,21.1,27.9,0.0,36,cloudy
Pune,2024-11-28,28.3,18.2,24.8,0.0,40,partly_cloudy
Pune,2024-11-29,31.8,20.1,24.2,0.0,67,partly_cloudy
Pune,2024-11-30,35.0,19.5,27.2,0.0,48,sunny
Pune,2024-12-01,20.2,12.2,17.0,9.2,57,cloudy
Pune,2024-12-02,26.8,16.0,19.5,0.0,45,cloudy
Pune,2024-12-03,24.0,11.7,16.7,0.0,44,sunny
Pune,2024-12-04,25.4,13.3,18.9,0.0,44,cloudy
Pune,2024-12-05,24.9,14.3,17.7,0.0,32,cloudy
Pune,2024-12-06,26.3,14.7,19.0,0.0,70,cloudy
Pune,2024-12-07,23.0,16.2,19.4,0.0,64,sunny
Pune,2024-12-08,24.5,10.8,17.1,0.0,37,cloudy
Pune,2024-12-09,22.2,9.3,16.1,0.0,46,partly_cloudy
Pune,2024-12-10,22.7,11.7,18.1,0.0,46,partly_cloudy
Pune,2024-12-11,25.0,12.3,17.2,8.6,33,cloudy
Pune,2024-12-12,25.5,13.7,19.8,0.0,39,sunny
Pune,2024-12-13,23.4,11.6,16.2,0.0,41,cloudy
Pune,2024-12-14,21.9,14.0,17.6,0.0,43,cloudy
Pune,2024-12-15,26.6,14.4,19.7,0.0,48,cloudy
Pune,2024-12-16,21.6,9.7,17.0,0.0,40,cloudy
Pune,2024-12-17,21.9,13.1,16.1,5.2,53,sunny
Pune,2024-12-18,21.4,9.4,17.0,8.0,50,cloudy
Pune,2024-12-19,19.5,8.4,16.4,0.0,38,partly_cloudy
Pune,2024-12-20,22.6,10.4,17.5,0.0,38,cloudy
Pune,2024-12-21,23.0,14.1,19.7,0.0,31,sunny
Pune,2024-12-22,25.3,13.2,18.7,0.0,65,partly_cloudy
Pune,2024-12-23,23.1,12.6,19.6,0.0,48,cloudy
Pune,2024-12-24,23.2,13.2,16.8,0.0,46,cloudy
Pune,2024-12-25,22.2,14.3,17.9,0.0,51,partly_cloudy
Pune,2024-12-26,25.6,13.5,19.5,0.0,67,sunny
Pune,2024-12-27,26.0,12.3,18.0,0.0,35,sunny
Pune,2024-12-28,22.4,8.5,16.1,8.5,53,cloudy
Pune,2024-12-29,24.4,12.0,19.4,0.0,57,cloudy
Pune,2024-12-30,20.6,9.8,16.9,0.0,67,partly_cloudy
Pune,2024-12-31,23.2,14.4,18.6,0.8,39,sunny
Ahmedabad,2022-01-01,30.8,15.0,22.9,0.0,38,sunny
Ahmedabad,2022-01-02,26.2,14.5,20.6,0.0,47,sunny
Ahmedabad,2022-01-03,27.0,17.3,22.4,0.0,53,partly_cloudy
Ahmedabad,2022-01-04,26.0,12.7,19.3,0.0,35,sunny
Ahmedabad,2022-01-05,29.3,14.5,22.2,0.0,32,cloudy
Ahmedabad,2022-01-06,26.6,16.3,22.6,0.0,45,sunny
Ahmedabad,2022-01-07,22.7,13.1,19.3,0.0,60,partly_cloudy
Ahmedabad,2022-01-08,27.6,15.3,21.2,9.3,42,partly_cloudy
Ahmedabad,2022-01-09,26.9,17.1,21.5,0.0,53,sunny
Ahmedabad,2022-01-10,24.6,11.6,19.3,0.0,40,cloudy
Ahmedabad,2022-01-11,27.1,14.5,22.1,0.0,59,cloudy
Ahmedabad,2022-01-12,26.2,13.0,19.2,0.0,51,cloudy
Ahmedabad,2022-01-13,28.1,18.1,21.4,0.0,41,partly_cloudy
Ahmedabad,2022-01-14,28.9,16.4,22.6,0.0,69,sunny
Ahmedabad,2022-01-15,27.4,19.5,22.6,4.4,64,cloudy
Ahmedabad,2022-01-16,28.4,14.3,20.7,0.0,48,cloudy
Ahmedabad,2022-01-17,28.4,14.4,21.8,0.0,45,cloudy
Ahmedabad,2022-01-18,28.1,16.0,21.9,0.0,46,cloudy
Ahmedabad,2022-01-19,30.1,15.0,22.4,0.0,37,cloudy
Ahmedabad,2022-01-20,26.0,14.1,22.0,0.0,49,cloudy
Ahmedabad,2022-01-21,28.5,18.9,22.9,0.0,56,sunny
Ahmedabad,2022-01-22,26.1,14.3,19.6,2.8,32,cloudy
Ahmedabad,2022-01-23,25.6,16.2,21.0,0.0,65,partly_cloudy
Ahmedabad,2022-01-24,26.2,12.7,19.3,0.0,39,sunny
Ahmedabad,2022-01-25,27.2,16.7,20.2,7.3,32,cloudy
Ahmedabad,2022-01-26,23.6,12.2,19.1,0.0,37,sunny
Ahmedabad,2022-01-27,29.2,17.9,21.6,0.0,32,sunny
Ahmedabad,2022-01-28,25.0,13.2,19.7,0.0,51,cloudy
Ahmedabad,2022-01-29,27.6,15.7,22.5,0.0,40,partly_cloudy
Ahmedabad,2022-01-30,27.2,17.7,21.9,1.4,68,partly_cloudy
Ahmedabad,2022-01-31,22.8,15.4,19.6,0.0,32,cloudy
Ahmedabad,2022-02-01,29.3,15.3,21.8,0.0,49,partly_cloudy
Ahmedabad,2022-02-02,26.1,15.6,21.3,0.0,40,sunny
Ahmedabad,2022-02-03,28.0,16.0,22.8,0.0,40,sunny
Ahmedabad,2022-02-04,29.4,18.8,22.6,0.0,44,cloudy
Ahmedabad,2022-02-05,24.4,13.9,20.9,0.0,61,sunny
Ahmedabad,2022-02-06,27.8,14.7,22.3,3.5,34,cloudy
Ahmedabad,2022-02-07,30.0,17.2,22.7,0.0,35,sunny
Ahmedabad,2022-02-08,27.6,18.1,21.5,0.0,33,cloudy
Ahmedabad,2022-02-09,27.6,18.8,21.9,0.0,32,cloudy
Ahmedabad,2022-02-10,25.0,16.6,21.0,0.0,36,sunny
Ahmedabad,2022-02-11,27.2,16.9,21.0,0.0,66,cloudy
Ahmedabad,2022-02-12,27.0,16.9,21.2,0.0,41,cloudy
Ahmedabad,2022-02-13,25.3,17.3,22.0,0.0,64,sunny
Ahmedabad,2022-02-14,27.0,19.3,22.6,3.6,70,cloudy
Ahmedabad,2022-02-15,26.5,14.4,21.2,0.0,65,sunny
Ahmedabad,2022-02-16,30.1,18.3,22.6,0.0,32,cloudy
Ahmedabad,2022-02-17,29.8,16.7,21.9,0.0,68,sunny
Ahmedabad,2022-02-18,30.3,18.0,22.3,7.7,52,cloudy
Ahmedabad,2022-02-19,26.2,15.8,20.8,0.0,46,partly_cloudy
Ahmedabad,2022-02-20,23.2,12.6,19.9,0.0,65,sunny
Ahmedabad,2022-02-21,24.9,17.1,21.2,0.0,30,sunny
Ahmedabad,2022-02-22,24.5,13.6,20.4,0.0,35,sunny
Ahmedabad,2022-02-23,25.5,12.7,20.0,0.0,39,cloudy
Ahmedabad,2022-02-24,29.1,17.4,21.5,0.0,47,sunny
Ahmedabad,2022-02-25,26.1,13.9,21.2,0.0,40,sunny
Ahmedabad,2022-02-26,28.9,19.0,22.9,0.0,37,cloudy
Ahmedabad,2022-02-27,27.1,16.1,19.2,0.0,44,sunny
Ahmedabad,2022-02-28,25.1,15.6,20.0,0.0,51,partly_cloudy
Ahmedabad,2022-03-01,39.1,32.9,36.0,0.0,54,sunny
Ahmedabad,2022-03-02,41.2,32.2,36.7,0.0,57,cloudy
Ahmedabad,2022-03-03,40.0,27.6,34.4,0.0,34,cloudy
Ahmedabad,2022-03-04,39.3,25.9,32.4,4.6,69,partly_cloudy
Ahmedabad,2022-03-05,39.4,30.3,36.1,1.5,43,sunny
Ahmedabad,2022-03-06,43.1,32.6,37.5,0.0,48,sunny
Ahmedabad,2022-03-07,35.9,28.0,32.8,0.0,52,cloudy
Ahmedabad,2022-03-08,38.8,30.4,34.1,0.0,52,partly_cloudy
Ahmedabad,2022-03-09,40.4,27.4,34.4,0.0,67,sunny
Ahmedabad,2022-03-10,41.4,28.0,35.0,0.0,67,sunny
Ahmedabad,2022-03-11,39.3,24.5,32.2,0.0,63,partly_cloudy
Ahmedabad,2022-03-12,42.2,33.4,37.3,0.0,45,partly_cloudy
Ahmedabad,2022-03-13,37.7,29.2,33.2,0.0,55,partly_cloudy
Ahmedabad,2022-03-14,42.6,31.3,34.7,0.0,31,sunny
Ahmedabad,2022-03-15,38.8,27.3,33.7,5.8,63,partly_cloudy
Ahmedabad,2022-03-16,43.5,32.2,36.8,0.0,53,sunny
Ahmedabad,2022-03-17,40.4,30.7,34.4,0.0,68,cloudy
Ahmedabad,2022-03-18,39.2,30.8,33.9,0.0,49,sunny
Ahmedabad,2022-03-19,39.4,26.0,32.0,0.0,64,partly_cloudy
Ahmedabad,2022-03-20,40.5,31.5,35.6,0.0,63,cloudy
Ahmedabad,2022-03-21,42.2,30.8,35.7,0.0,43,cloudy
Ahmedabad,2022-03-22,41.1,26.3,33.7,0.0,31,cloudy
Ahmedabad,2022-03-23,39.2,29.3,35.7,0.0,69,sunny
Ahmedabad,2022-03-24,38.1,29.6,34.4,0.0,44,cloudy
Ahmedabad,2022-03-25,40.9,29.0,34.7,0.0,47,sunny
Ahmedabad,2022-03-26,37.3,27.0,32.9,0.0,63,partly_cloudy
Ahmedabad,2022-03-27,42.5,32.1,35.8,0.0,45,cloudy
Ahmedabad,2022-03-28,41.9,31.7,37.0,0.0,49,cloudy
Ahmedabad,2022-03-29,39.8,28.9,35.8,3.4,63,partly_cloudy
Ahmedabad,2022-03-30,39.5,27.0,32.0,0.0,61,partly_cloudy
Ahmedabad,2022-03-31,43.2,31.7,37.4,0.0,62,partly_cloudy
Ahmedabad,2022-04-01,41.6,29.2,36.2,0.0,62,partly_cloudy
Ahmedabad,2022-04-02,39.4,26.3,33.9,7.5,50,cloudy
Ahmedabad,2022-04-03,41.2,34.5,37.6,0.0,30,cloudy
Ahmedabad,2022-04-04,42.8,32.3,35.8,0.0,66,sunny
Ahmedabad,2022-04-05,43.2,28.8,36.8,0.0,43,partly_cloudy
Ahmedabad,2022-04-06,41.6,28.0,33.9,0.6,56,partly_cloudy
Ahmedabad,2022-04-07,40.8,29.9,36.7,0.0,52,sunny
Ahmedabad,2022-04-08,40.1,32.1,36.0,0.0,32,sunny
Ahmedabad,2022-04-09,42.9,29.6,35.3,0.0,68,cloudy
Ahmedabad,2022-04-10,41.8,27.1,34.8,0.0,62,sunny
Ahmedabad,2022-04-11,40.7,28.1,33.5,0.0,47,cloudy
Ahmedabad,2022-04-12,40.6,32.1,35.7,0.0,53,cloudy
Ahmedabad,2022-04-13,45.7,33.1,37.9,0.0,56,cloudy
Ahmedabad,2022-04-14,36.5,28.5,33.0,0.0,30,sunny
Ahmedabad,2022-04-15,44.0,31.2,36.7,0.0,53,sunny
Ahmedabad,2022-04-16,39.5,29.4,34.5,0.0,45,sunny
Ahmedabad,2022-04-17,39.3,31.5,34.8,0.0,34,partly_cloudy
Ahmedabad,2022-04-18,37.6,29.5,32.8,0.0,54,cloudy
Ahmedabad,2022-04-19,42.0,29.3,36.6,0.0,38,partly_cloudy
Ahmedabad,2022-04-20,44.4,29.4,36.8,0.0,59,sunny
Ahmedabad,2022-04-21,41.9,31.3,34.6,0.0,52,sunny
Ahmedabad,2022-04-22,41.0,27.5,33.1,0.0,33,sunny
Ahmedabad,2022-04-23,43.3,32.7,35.8,0.0,40,sunny
Ahmedabad,2022-04-24,40.1,28.8,33.7,0.0,36,cloudy
Ahmedabad,2022-04-25,39.6,27.5,32.5,0.0,46,partly_cloudy
Ahmedabad,2022-04-26,40.7,33.3,37.5,1.3,35,sunny
Ahmedabad,2022-04-27,41.0,31.6,38.0,0.0,56,partly_cloudy
Ahmedabad,2022-04-28,37.9,29.0,33.3,3.7,31,cloudy
Ahmedabad,2022-04-29,41.5,27.8,33.8,0.0,65,sunny
Ahmedabad,2022-04-30,43.3,32.1,35.9,0.0,44,partly_cloudy
Ahmedabad,2022-05-01,36.1,28.7,32.8,0.0,48,partly_cloudy
Ahmedabad,2022-05-02,40.2,25.7,33.0,0.0,47,partly_cloudy
Ahmedabad,2022-05-03,44.8,31.7,37.0,0.0,33,sunny
Ahmedabad,2022-05-04,40.4,30.9,34.6,0.0,35,partly_cloudy
Ahmedabad,2022-05-05,44.2,31.8,37.1,0.0,68,partly_cloudy
Ahmedabad,2022-05-06,43.1,30.5,35.5,0.1,31,sunny
Ahmedabad,2022-05-07,41.8,30.5,36.5,0.0,48,cloudy
Ahmedabad,2022-05-08,37.6,26.5,34.4,0.0,56,cloudy
Ahmedabad,2022-05-09,41.0,30.4,35.6,0.7,62,sunny
Ahmedabad,2022-05-10,38.2,29.8,34.4,0.0,32,cloudy
Ahmedabad,2022-05-11,39.7,29.7,36.4,0.0,42,sunny
Ahmedabad,2022-05-12,44.4,32.7,36.4,0.0,42,partly_cloudy
Ahmedabad,2022-05-13,43.3,29.8,35.5,0.0,32,partly_cloudy
Ahmedabad,2022-05-14,41.9,33.4,37.2,0.0,49,cloudy
Ahmedabad,2022-05-15,43.4,30.4,37.4,0.0,52,partly_cloudy
Ahmedabad,2022-05-16,39.6,33.2,36.4,0.0,48,sunny
Ahmedabad,2022-05-17,43.4,28.7,35.5,4.8,58,partly_cloudy
Ahmedabad,2022-05-18,40.6,29.2,33.3,0.0,70,cloudy
Ahmedabad,2022-05-19,40.4,29.1,37.0,0.0,41,partly_cloudy
Ahmedabad,2022-05-20,40.0,27.6,32.8,0.0,37,cloudy
Ahmedabad,2022-05-21,41.0,29.1,35.4,0.0,67,sunny
Ahmedabad,2022-05-22,41.9,30.6,36.2,0.0,61,partly_cloudy
Ahmedabad,2022-05-23,39.0,32.6,36.0,0.0,68,cloudy
Ahmedabad,2022-05-24,35.7,28.5,32.0,0.0,40,sunny
Ahmedabad,2022-05-25,42.6,31.3,35.8,0.0,44,partly_cloudy
Ahmedabad,2022-05-26,45.4,30.2,38.0,0.0,33,sunny
Ahmedabad,2022-05-27,42.9,29.9,36.0,0.0,50,sunny
Ahmedabad,2022-05-28,41.2,34.3,37.7,0.0,68,cloudy
Ahmedabad,2022-05-29,38.7,26.6,33.4,0.0,46,sunny
Ahmedabad,2022-05-30,43.7,30.3,37.4,0.0,52,cloudy
Ahmedabad,2022-05-31,42.5,30.4,36.1,0.0,65,partly_cloudy
Ahmedabad,2022-06-01,32.9,22.2,28.3,29.5,53,rainy
Ahmedabad,2022-06-02,29.1,18.3,25.0,0.0,80,cloudy
Ahmedabad,2022-06-03,29.4,20.5,24.9,0.0,51,cloudy
Ahmedabad,2022-06-04,36.9,23.4,29.3,30.3,41,rainy
Ahmedabad,2022-06-05,32.9,20.8,25.0,42.1,48,rainy
Ahmedabad,2022-06-06,29.4,22.2,25.8,24.4,94,rainy
Ahmedabad,2022-06-07,30.0,18.3,26.1,0.0,78,sunny
Ahmedabad,2022-06-08,32.5,25.0,28.5,13.4,91,rainy
Ahmedabad,2022-06-09,33.8,24.0,29.2,0.0,47,sunny
Ahmedabad,2022-06-10,35.9,26.2,29.9,5.9,70,rainy
Ahmedabad,2022-06-11,32.9,24.3,29.4,0.0,81,cloudy
Ahmedabad,2022-06-12,35.0,22.5,28.4,48.7,50,rainy
Ahmedabad,2022-06-13,32.7,22.9,28.6,0.0,70,sunny
Ahmedabad,2022-06-14,28.7,21.5,24.9,39.2,67,rainy
Ahmedabad,2022-06-15,31.8,21.6,27.3,30.3,56,rainy
Ahmedabad,2022-06-16,30.0,19.0,26.9,34.0,92,rainy
Ahmedabad,2022-06-17,31.5,21.8,25.9,9.8,76,rainy
Ahmedabad,2022-06-18,27.8,16.8,24.7,37.3,45,rainy
Ahmedabad,2022-06-19,31.1,22.2,25.7,9.1,65,rainy
Ahmedabad,2022-06-20,35.0,20.5,28.4,0.0,70,cloudy
Ahmedabad,2022-06-21,29.4,18.9,24.7,36.6,74,rainy
Ahmedabad,2022-06-22,35.0,20.9,27.4,0.0,85,sunny
Ahmedabad,2022-06-23,32.5,21.9,27.1,0.0,87,sunny
Ahmedabad,2022-06-24,31.5,17.9,24.1,35.8,43,rainy
Ahmedabad,2022-06-25,36.6,25.0,29.0,0.0,72,cloudy
Ahmedabad,2022-06-26,33.9,23.4,28.8,0.0,81,cloudy
Ahmedabad,2022-06-27,31.2,17.6,24.4,15.3,46,rainy
Ahmedabad,2022-06-28,31.9,22.6,26.8,0.0,68,cloudy
Ahmedabad,2022-06-29,35.2,22.8,29.5,19.4,66,rainy
Ahmedabad,2022-06-30,32.8,21.0,26.8,15.5,46,rainy
Ahmedabad,2022-07-01,35.5,25.5,29.5,14.8,44,rainy
Ahmedabad,2022-07-02,36.7,26.1,29.2,0.0,62,cloudy
Ahmedabad,2022-07-03,30.4,22.0,25.9,0.0,60,cloudy
Ahmedabad,2022-07-04,33.6,22.6,26.9,28.7,42,rainy
Ahmedabad,2022-07-05,30.6,21.1,26.6,5.4,42,rainy
Ahmedabad,2022-07-06,32.0,23.2,28.5,0.0,45,sunny
Ahmedabad,2022-07-07,32.8,22.2,29.2,0.0,59,sunny
Ahmedabad,2022-07-08,34.2,23.7,29.8,7.5,92,rainy
Ahmedabad,2022-07-09,34.1,19.7,27.3,16.2,86,rainy
Ahmedabad,2022-07-10,31.0,21.3,24.8,12.2,48,rainy
Ahmedabad,2022-07-11,31.3,20.8,27.9,0.0,75,sunny
Ahmedabad,2022-07-12,31.5,21.7,28.2,0.0,47,cloudy
Ahmedabad,2022-07-13,32.8,25.3,29.5,32.3,44,rainy
Ahmedabad,2022-07-14,30.7,20.1,27.4,43.8,94,rainy
Ahmedabad,2022-07-15,33.4,25.7,28.9,33.8,48,rainy
Ahmedabad,2022-07-16,34.4,24.0,28.5,0.0,88,sunny
Ahmedabad,2022-07-17,29.7,20.2,24.7,27.7,54,rainy
Ahmedabad,2022-07-18,29.7,22.9,26.6,0.0,57,cloudy
Ahmedabad,2022-07-19,32.6,20.9,28.6,10.3,67,rainy
Ahmedabad,2022-07-20,34.6,24.7,28.2,0.0,66,sunny
Ahmedabad,2022-07-21,31.5,20.6,25.1,32.2,68,rainy
Ahmedabad,2022-07-22,33.0,24.0,28.6,0.0,92,sunny
Ahmedabad,2022-07-23,35.9,25.2,29.2,19.9,40,rainy
Ahmedabad,2022-07-24,28.8,20.7,25.3,0.0,95,cloudy
Ahmedabad,2022-07-25,29.2,18.2,25.4,0.0,68,cloudy
Ahmedabad,2022-07-26,32.4,19.9,26.2,0.0,57,sunny
Ahmedabad,2022-07-27,32.3,23.6,27.0,49.4,58,rainy
Ahmedabad,2022-07-28,34.2,22.7,28.6,25.4,86,rainy
Ahmedabad,2022-07-29,35.7,20.4,28.2,22.2,71,rainy
Ahmedabad,2022-07-30,31.5,21.3,25.5,19.8,42,rainy
Ahmedabad,2022-07-31,33.0,25.9,29.5,0.0,55,cloudy
Ahmedabad,2022-08-01,34.8,23.8,28.9,0.0,87,cloudy
Ahmedabad,2022-08-02,32.6,23.1,28.0,8.7,93,rainy
Ahmedabad,2022-08-03,31.2,21.4,24.4,0.0,85,sunny
Ahmedabad,2022-08-04,34.9,21.1,27.5,0.0,52,sunny
Ahmedabad,2022-08-05,30.0,17.6,25.0,0.0,63,sunny
Ahmedabad,2022-08-06,32.5,22.4,28.5,29.5,42,rainy
Ahmedabad,2022-08-07,34.3,21.7,28.8,8.5,90,rainy
Ahmedabad,2022-08-08,33.0,21.8,29.8,0.0,46,sunny
Ahmedabad,2022-08-09,28.2,17.0,24.5,38.9,79,rainy
Ahmedabad,2022-08-10,30.2,21.2,26.8,7.8,56,rainy
Ahmedabad,2022-08-11,32.3,25.0,28.4,29.2,45,rainy
Ahmedabad,2022-08-12,32.6,23.5,26.9,0.0,82,cloudy
Ahmedabad,2022-08-13,34.9,24.7,28.4,0.0,79,sunny
Ahmedabad,2022-08-14,32.8,20.5,25.2,16.2,47,rainy
Ahmedabad,2022-08-15,29.4,20.0,25.2,0.0,62,cloudy
Ahmedabad,2022-08-16,31.4,17.6,24.1,49.2,49,rainy
Ahmedabad,2022-08-17,27.6,19.2,24.2,0.0,60,cloudy
Ahmedabad,2022-08-18,33.5,22.5,26.1,0.0,78,sunny
Ahmedabad,2022-08-19,37.1,23.6,29.6,20.8,56,rainy
Ahmedabad,2022-08-20,31.1,19.7,25.4,0.0,58,sunny
Ahmedabad,2022-08-21,30.8,18.9,26.7,0.0,49,cloudy
Ahmedabad,2022-08-22,33.9,24.4,28.8,46.1,68,rainy
Ahmedabad,2022-08-23,31.7,20.4,26.6,22.2,41,rainy
Ahmedabad,2022-08-24,32.1,20.5,28.2,0.0,77,sunny
Ahmedabad,2022-08-25,29.1,18.5,24.8,41.3,88,rainy
Ahmedabad,2022-08-26,34.1,23.9,29.5,0.0,89,cloudy
Ahmedabad,2022-08-27,34.4,22.9,27.0,0.0,65,cloudy
Ahmedabad,2022-08-28,32.5,22.0,25.1,29.5,81,rainy
Ahmedabad,2022-08-29,36.1,23.5,29.2,17.6,83,rainy
Ahmedabad,2022-08-30,32.0,19.4,24.7,0.0,82,sunny
Ahmedabad,2022-08-31,30.9,24.0,27.8,42.6,40,rainy
Ahmedabad,2022-09-01,32.6,22.2,25.6,41.8,47,rainy
Ahmedabad,2022-09-02,34.6,20.2,27.7,15.2,93,rainy
Ahmedabad,2022-09-03,28.8,20.3,24.7,0.0,68,sunny
Ahmedabad,2022-09-04,31.6,18.7,25.7,17.9,92,rainy
Ahmedabad,2022-09-05,31.5,18.1,25.6,13.9,41,rainy
Ahmedabad,2022-09-06,33.4,23.5,27.1,0.0,47,cloudy
Ahmedabad,2022-09-07,32.6,17.7,25.7,12.4,67,rainy
Ahmedabad,2022-09-08,34.7,22.5,28.0,44.7,93,rainy
Ahmedabad,2022-09-09,29.6,19.1,25.7,0.0,42,sunny
Ahmedabad,2022-09-10,31.0,20.6,27.4,0.0,51,sunny
Ahmedabad,2022-09-11,28.8,17.7,24.9,35.6,77,rainy
Ahmedabad,2022-09-12,33.6,18.8,26.4,46.9,42,rainy
Ahmedabad,2022-09-13,32.0,23.2,26.9,0.0,52,cloudy
Ahmedabad,2022-09-14,37.1,22.0,29.2,5.8,88,rainy
Ahmedabad,2022-09-15,31.2,22.8,25.9,32.6,78,rainy
Ahmedabad,2022-09-16,30.5,17.7,24.7,37.1,78,rainy
Ahmedabad,2022-09-17,31.4,21.1,25.8,45.3,59,rainy
Ahmedabad,2022-09-18,31.0,20.4,24.8,33.0,53,rainy
Ahmedabad,2022-09-19,35.4,20.1,27.7,0.0,61,cloudy
Ahmedabad,2022-09-20,33.6,23.0,26.2,27.4,55,rainy
Ahmedabad,2022-09-21,29.9,17.9,24.1,30.1,86,rainy
Ahmedabad,2022-09-22,34.7,25.3,29.3,0.0,59,sunny
Ahmedabad,2022-09-23,32.1,18.3,26.1,39.8,91,rainy
Ahmedabad,2022-09-24,29.5,19.3,25.1,20.7,68,rainy
Ahmedabad,2022-09-25,33.3,20.2,27.5,13.7,79,rainy
Ahmedabad,2022-09-26,36.5,22.2,29.4,0.0,57,cloudy
Ahmedabad,2022-09-27,27.4,18.5,24.4,0.0,81,sunny
Ahmedabad,2022-09-28,32.8,22.9,27.7,0.0,56,sunny
Ahmedabad,2022-09-29,33.4,19.8,26.0,0.0,69,sunny
Ahmedabad,2022-09-30,30.8,17.8,24.8,0.0,85,cloudy
Ahmedabad,2022-10-01,32.7,25.3,29.6,0.0,37,sunny
Ahmedabad,2022-10-02,33.3,22.7,29.5,0.0,67,cloudy
Ahmedabad,2022-10-03,32.6,23.0,28.9,0.0,60,sunny
Ahmedabad,2022-10-04,32.1,23.8,28.8,0.0,40,partly_cloudy
Ahmedabad,2022-10-05,35.7,24.1,29.9,0.0,36,sunny
Ahmedabad,2022-10-06,34.2,22.9,29.3,2.7,56,sunny
Ahmedabad,2022-10-07,32.6,22.2,27.6,0.0,68,sunny
Ahmedabad,2022-10-08,35.2,24.9,28.7,0.0,53,partly_cloudy
Ahmedabad,2022-10-09,33.8,24.6,30.1,0.0,30,sunny
Ahmedabad,2022-10-10,36.5,22.1,29.0,0.0,37,sunny
Ahmedabad,2022-10-11,34.7,21.2,27.8,0.0,31,partly_cloudy
Ahmedabad,2022-10-12,32.3,21.4,27.5,0.0,48,partly_cloudy
Ahmedabad,2022-10-13,37.7,26.5,30.3,0.0,48,cloudy
Ahmedabad,2022-10-14,31.2,21.2,28.2,0.0,38,sunny
Ahmedabad,2022-10-15,33.7,25.4,28.8,0.0,65,cloudy
Ahmedabad,2022-10-16,31.0,24.2,27.3,0.0,36,cloudy
Ahmedabad,2022-10-17,34.5,22.6,27.3,0.0,41,partly_cloudy
Ahmedabad,2022-10-18,34.3,21.9,28.3,0.0,55,partly_cloudy
Ahmedabad,2022-10-19,34.1,24.2,30.7,0.0,30,cloudy
Ahmedabad,2022-10-20,37.7,24.7,30.7,0.0,60,partly_cloudy
Ahmedabad,2022-10-21,30.1,19.7,27.1,0.0,32,partly_cloudy
Ahmedabad,2022-10-22,38.0,26.9,30.9,0.0,57,partly_cloudy
Ahmedabad,2022-10-23,34.7,23.6,28.1,0.0,48,cloudy
Ahmedabad,2022-10-24,34.2,24.3,30.7,0.0,40,partly_cloudy
Ahmedabad,2022-10-25,33.6,24.9,30.1,0.0,51,cloudy
Ahmedabad,2022-10-26,35.2,24.5,30.8,0.0,31,sunny
Ahmedabad,2022-10-27,36.0,23.7,28.4,0.0,54,cloudy
Ahmedabad,2022-10-28,35.3,22.3,27.7,0.0,45,partly_cloudy
Ahmedabad,2022-10-29,38.1,26.8,30.2,0.0,67,partly_cloudy
Ahmedabad,2022-10-30,33.7,23.8,29.7,0.0,64,partly_cloudy
Ahmedabad,2022-10-31,35.9,20.7,28.0,0.0,47,cloudy
Ahmedabad,2022-11-01,34.2,24.9,28.1,0.0,44,cloudy
Ahmedabad,2022-11-02,35.4,23.3,28.8,0.0,68,cloudy
Ahmedabad,2022-11-03,36.3,25.2,29.8,0.0,55,sunny
Ahmedabad,2022-11-04,36.0,25.2,29.2,0.0,68,partly_cloudy
Ahmedabad,2022-11-05,34.8,20.5,27.6,0.0,34,cloudy
Ahmedabad,2022-11-06,36.7,25.2,28.9,0.0,44,cloudy
Ahmedabad,2022-11-07,31.3,21.5,28.0,9.2,67,sunny
Ahmedabad,2022-11-08,37.2,23.7,29.2,0.0,40,partly_cloudy
Ahmedabad,2022-11-09,32.8,24.9,28.9,0.0,56,sunny
Ahmedabad,2022-11-10,31.8,24.0,28.4,0.0,68,cloudy
Ahmedabad,2022-11-11,37.6,26.8,30.9,0.0,32,sunny
Ahmedabad,2022-11-12,35.7,26.0,30.5,0.0,30,cloudy
Ahmedabad,2022-11-13,34.4,26.4,30.2,0.0,35,partly_cloudy
Ahmedabad,2022-11-14,32.2,23.4,28.9,4.2,48,sunny
Ahmedabad,2022-11-15,37.6,25.9,29.6,7.3,60,partly_cloudy
Ahmedabad,2022-11-16,33.9,22.9,28.4,0.0,70,sunny
Ahmedabad,2022-11-17,33.9,24.1,27.9,0.0,50,sunny
Ahmedabad,2022-11-18,36.5,26.2,30.4,0.0,70,sunny
Ahmedabad,2022-11-19,36.1,23.4,29.4,0.0,50,partly_cloudy
Ahmedabad,2022-11-20,35.2,23.2,29.4,0.0,66,cloudy
Ahmedabad,2022-11-21,35.5,20.4,27.9,0.0,64,cloudy
Ahmedabad,2022-11-22,34.8,24.9,30.0,0.0,66,partly_cloudy
Ahmedabad,2022-11-23,33.8,22.7,27.9,0.0,37,partly_cloudy
Ahmedabad,2022-11-24,32.4,22.8,27.1,0.0,36,partly_cloudy
Ahmedabad,2022-11-25,33.1,20.5,28.0,0.0,45,cloudy
Ahmedabad,2022-11-26,33.3,20.4,27.7,0.0,66,sunny
Ahmedabad,2022-11-27,35.8,25.1,30.8,0.0,45,cloudy
Ahmedabad,2022-11-28,34.0,21.5,29.1,0.0,63,cloudy
Ahmedabad,2022-11-29,35.3,24.3,29.5,0.0,70,sunny
Ahmedabad,2022-11-30,36.3,23.6,29.3,0.0,57,sunny
Ahmedabad,2022-12-01,26.8,13.7,20.6,0.0,44,cloudy
Ahmedabad,2022-12-02,25.2,15.0,21.7,0.0,61,partly_cloudy
Ahmedabad,2022-12-03,26.8,16.3,21.7,0.0,60,sunny
Ahmedabad,2022-12-04,24.8,14.2,19.9,0.0,32,sunny
Ahmedabad,2022-12-05,25.5,15.1,19.3,0.0,33,cloudy
Ahmedabad,2022-12-06,30.8,19.6,23.0,0.0,64,sunny
Ahmedabad,2022-12-07,22.6,12.1,19.5,0.0,43,partly_cloudy
Ahmedabad,2022-12-08,28.2,14.9,22.5,0.0,36,sunny
Ahmedabad,2022-12-09,28.3,13.3,20.5,0.0,66,sunny
Ahmedabad,2022-12-10,25.7,14.5,20.9,0.0,66,sunny
Ahmedabad,2022-12-11,28.5,16.5,21.8,0.0,61,partly_cloudy
Ahmedabad,2022-12-12,23.4,12.2,19.2,0.0,44,sunny
Ahmedabad,2022-12-13,27.0,14.5,20.5,0.0,67,partly_cloudy
Ahmedabad,2022-12-14,24.0,15.8,20.1,0.0,61,cloudy
Ahmedabad,2022-12-15,29.4,13.8,21.5,0.0,49,partly_cloudy
Ahmedabad,2022-12-16,23.8,15.0,20.3,0.0,34,sunny
Ahmedabad,2022-12-17,30.3,17.6,22.6,0.0,54,cloudy
Ahmedabad,2022-12-18,25.2,12.7,20.6,0.0,45,partly_cloudy
Ahmedabad,2022-12-19,26.2,15.5,19.2,0.0,47,partly_cloudy
Ahmedabad,2022-12-20,26.4,16.6,21.7,0.0,46,partly_cloudy
Ahmedabad,2022-12-21,28.5,15.9,20.6,0.0,68,cloudy
Ahmedabad,2022-12-22,27.0,16.4,21.8,0.0,43,sunny
Ahmedabad,2022-12-23,25.2,13.5,19.9,0.0,39,partly_cloudy
Ahmedabad,2022-12-24,28.4,15.7,21.9,0.0,65,partly_cloudy
Ahmedabad,2022-12-25,28.5,17.1,20.9,0.0,59,sunny
Ahmedabad,2022-12-26,26.8,12.3,20.2,0.0,69,cloudy
Ahmedabad,2022-12-27,28.1,14.4,20.7,0.0,58,sunny
Ahmedabad,2022-12-28,24.7,17.0,20.5,0.0,68,sunny
Ahmedabad,2022-12-29,23.3,12.8,20.0,0.0,31,partly_cloudy
Ahmedabad,2022-12-30,29.0,16.1,21.9,8.1,41,sunny
Ahmedabad,2022-12-31,29.6,14.1,21.7,0.0,60,cloudy
Ahmedabad,2023-01-01,27.1,14.6,21.8,0.0,64,sunny
Ahmedabad,2023-01-02,24.7,11.1,19.0,8.8,56,partly_cloudy
Ahmedabad,2023-01-03,27.6,16.3,22.2,5.6,40,sunny
Ahmedabad,2023-01-04,26.4,16.6,19.9,0.0,69,partly_cloudy
Ahmedabad,2023-01-05,28.6,19.1,22.9,0.0,67,cloudy
Ahmedabad,2023-01-06,28.3,15.2,21.2,0.0,70,partly_cloudy
Ahmedabad,2023-01-07,27.0,16.2,22.1,0.0,38,cloudy
Ahmedabad,2023-01-08,25.9,13.8,20.8,0.0,53,cloudy
Ahmedabad,2023-01-09,24.1,13.4,20.1,0.0,66,partly_cloudy
Ahmedabad,2023-01-10,26.3,16.5,21.1,0.0,48,partly_cloudy
Ahmedabad,2023-01-11,26.1,15.5,19.2,0.0,59,cloudy
Ahmedabad,2023-01-12,26.3,18.5,22.1,0.0,56,sunny
Ahmedabad,2023-01-13,27.2,14.3,20.4,0.0,39,sunny
Ahmedabad,2023-01-14,25.2,16.2,19.7,0.0,42,sunny
Ahmedabad,2023-01-15,29.2,14.9,22.6,0.0,45,cloudy
Ahmedabad,2023-01-16,26.5,15.5,22.2,0.0,67,cloudy
Ahmedabad,2023-01-17,27.1,17.0,21.4,0.0,61,partly_cloudy
Ahmedabad,2023-01-18,25.7,12.7,19.0,0.0,58,sunny
Ahmedabad,2023-01-19,23.8,14.8,20.6,0.0,42,partly_cloudy
Ahmedabad,2023-01-20,27.3,17.3,20.5,0.0,44,cloudy
Ahmedabad,2023-01-21,24.9,15.5,20.8,0.0,37,partly_cloudy
Ahmedabad,2023-01-22,28.5,15.1,22.1,0.0,65,partly_cloudy
Ahmedabad,2023-01-23,27.3,15.5,20.9,0.0,57,cloudy
Ahmedabad,2023-01-24,26.5,17.4,23.0,0.0,55,partly_cloudy
Ahmedabad,2023-01-25,26.6,14.4,19.2,0.0,65,partly_cloudy
Ahmedabad,2023-01-26,23.6,15.0,20.6,0.0,37,sunny
Ahmedabad,2023-01-27,24.9,14.7,21.2,0.0,34,sunny
Ahmedabad,2023-01-28,24.7,15.4,20.9,0.0,58,partly_cloudy
Ahmedabad,2023-01-29,26.9,15.4,21.3,8.7,51,partly_cloudy
Ahmedabad,2023-01-30,25.7,15.1,21.5,0.0,61,cloudy
Ahmedabad,2023-01-31,24.5,16.8,21.2,0.0,55,cloudy
Ahmedabad,2023-02-01,25.8,17.3,21.8,0.0,53,sunny
Ahmedabad,2023-02-02,26.5,13.7,20.4,0.0,32,sunny
Ahmedabad,2023-02-03,24.0,15.0,19.6,0.0,50,cloudy
Ahmedabad,2023-02-04,26.8,17.7,20.8,0.0,48,sunny
Ahmedabad,2023-02-05,22.6,15.4,19.0,0.0,32,sunny
Ahmedabad,2023-02-06,24.6,13.7,19.8,0.0,56,partly_cloudy
Ahmedabad,2023-02-07,27.2,17.5,21.7,0.0,54,cloudy
Ahmedabad,2023-02-08,27.4,16.5,21.9,0.0,57,partly_cloudy
Ahmedabad,2023-02-09,24.9,16.5,20.4,0.0,44,sunny
Ahmedabad,2023-02-10,25.2,15.4,19.8,0.0,70,cloudy
Ahmedabad,2023-02-11,26.5,14.0,21.3,0.0,61,sunny
Ahmedabad,2023-02-12,26.0,15.0,22.7,0.0,52,cloudy
Ahmedabad,2023-02-13,24.1,11.9,19.4,1.9,35,partly_cloudy
Ahmedabad,2023-02-14,27.0,19.7,22.9,0.0,65,sunny
Ahmedabad,2023-02-15,28.2,16.1,22.8,3.9,44,sunny
Ahmedabad,2023-02-16,30.2,19.2,22.9,0.0,60,cloudy
Ahmedabad,2023-02-17,27.0,14.1,21.0,0.0,30,sunny
Ahmedabad,2023-02-18,24.7,14.0,20.8,0.0,39,partly_cloudy
Ahmedabad,2023-02-19,24.3,13.2,20.4,0.0,39,cloudy
Ahmedabad,2023-02-20,29.6,19.1,22.5,0.0,35,sunny
Ahmedabad,2023-02-21,29.5,16.7,22.9,0.0,45,cloudy
Ahmedabad,2023-02-22,27.0,15.1,19.8,6.7,40,cloudy
Ahmedabad,2023-02-23,26.2,17.5,22.6,0.0,31,sunny
Ahmedabad,2023-02-24,26.9,17.6,22.2,0.0,58,partly_cloudy
Ahmedabad,2023-02-25,23.1,16.2,20.1,0.0,70,partly_cloudy
Ahmedabad,2023-02-26,26.9,13.6,20.9,0.0,33,cloudy
Ahmedabad,2023-02-27,30.1,17.2,22.8,0.0,51,cloudy
Ahmedabad,2023-02-28,25.6,18.7,21.9,0.0,54,sunny
Ahmedabad,2023-03-01,44.9,33.9,37.0,0.0,69,cloudy
Ahmedabad,2023-03-02,40.4,30.5,37.2,0.0,58,cloudy
Ahmedabad,2023-03-03,39.3,29.4,33.4,0.0,38,sunny
Ahmedabad,2023-03-04,40.7,33.5,36.6,0.0,58,partly_cloudy
Ahmedabad,2023-03-05,43.8,30.7,36.7,0.0,66,partly_cloudy
Ahmedabad,2023-03-06,41.7,27.0,34.3,0.0,31,partly_cloudy
Ahmedabad,2023-03-07,35.3,26.6,32.1,0.0,58,sunny
Ahmedabad,2023-03-08,36.1,24.6,32.4,0.0,61,partly_cloudy
Ahmedabad,2023-03-09,40.9,31.1,36.7,0.0,33,partly_cloudy
Ahmedabad,2023-03-10,38.9,28.0,33.6,0.0,34,sunny
Ahmedabad,2023-03-11,44.2,30.3,36.7,7.5,33,cloudy
Ahmedabad,2023-03-12,40.9,30.6,34.1,0.0,40,sunny
Ahmedabad,2023-03-13,40.3,31.2,35.2,0.0,38,partly_cloudy
Ahmedabad,2023-03-14,42.1,30.3,34.1,0.0,45,partly_cloudy
Ahmedabad,2023-03-15,41.9,31.6,35.5,0.0,42,partly_cloudy
Ahmedabad,2023-03-16,40.5,34.2,37.3,0.0,39,sunny
Ahmedabad,2023-03-17,35.8,27.8,32.2,0.0,48,sunny
Ahmedabad,2023-03-18,36.8,27.4,33.3,0.0,70,cloudy
Ahmedabad,2023-03-19,45.5,30.9,37.7,0.0,47,cloudy
Ahmedabad,2023-03-20,39.9,27.0,34.1,0.1,59,partly_cloudy
Ahmedabad,2023-03-21,42.1,30.5,35.2,0.0,47,sunny
Ahmedabad,2023-03-22,43.3,28.6,36.0,0.0,32,sunny
Ahmedabad,2023-03-23,44.7,29.6,37.3,0.0,43,cloudy
Ahmedabad,2023-03-24,41.3,30.2,35.8,0.0,43,partly_cloudy
Ahmedabad,2023-03-25,39.5,27.3,32.3,0.0,69,sunny
Ahmedabad,2023-03-26,41.1,29.2,33.8,0.0,60,cloudy
Ahmedabad,2023-03-27,41.1,31.4,37.6,0.0,51,partly_cloudy
Ahmedabad,2023-03-28,40.1,30.3,34.0,0.0,70,cloudy
Ahmedabad,2023-03-29,40.1,25.9,32.2,0.0,70,partly_cloudy
Ahmedabad,2023-03-30,43.8,31.5,37.9,0.0,56,sunny
Ahmedabad,2023-03-31,41.0,31.3,35.1,8.6,34,partly_cloudy
Ahmedabad,2023-04-01,42.4,30.0,34.9,0.0,41,sunny
Ahmedabad,2023-04-02,40.6,30.0,36.2,0.0,58,cloudy
Ahmedabad,2023-04-03,42.1,29.7,34.2,0.0,39,sunny
Ahmedabad,2023-04-04,37.1,24.6,32.3,0.0,39,partly_cloudy
Ahmedabad,2023-04-05,39.5,29.4,33.6,0.0,60,cloudy
Ahmedabad,2023-04-06,44.2,31.2,37.3,0.0,31,sunny
Ahmedabad,2023-04-07,40.4,30.2,36.5,0.0,43,cloudy
Ahmedabad,2023-04-08,40.1,27.0,32.7,0.0,53,cloudy
Ahmedabad,2023-04-09,39.6,29.9,34.8,0.0,68,cloudy
Ahmedabad,2023-04-10,41.2,31.0,35.8,0.0,32,cloudy
Ahmedabad,2023-04-11,41.0,26.3,33.4,0.0,57,partly_cloudy
Ahmedabad,2023-04-12,38.6,24.8,32.3,0.0,67,partly_cloudy
Ahmedabad,2023-04-13,40.6,28.6,34.1,0.0,57,partly_cloudy
Ahmedabad,2023-04-14,43.0,28.5,35.5,0.0,51,cloudy
Ahmedabad,2023-04-15,42.7,31.8,37.9,0.0,46,partly_cloudy
Ahmedabad,2023-04-16,38.5,29.4,33.9,8.8,42,cloudy
Ahmedabad,2023-04-17,38.8,31.7,35.7,0.0,42,sunny
Ahmedabad,2023-04-18,35.1,26.6,32.0,0.0,58,sunny
Ahmedabad,2023-04-19,41.3,31.3,37.9,0.0,60,sunny
Ahmedabad,2023-04-20,42.1,28.7,34.4,0.0,58,sunny
Ahmedabad,2023-04-21,39.9,28.9,32.9,0.0,45,sunny
Ahmedabad,2023-04-22,43.9,33.5,37.6,0.0,66,cloudy
Ahmedabad,2023-04-23,40.2,28.3,36.1,0.0,68,sunny
Ahmedabad,2023-04-24,39.7,33.6,36.7,0.0,44,partly_cloudy
Ahmedabad,2023-04-25,42.1,29.3,36.4,0.0,66,sunny
Ahmedabad,2023-04-26,44.6,31.6,37.0,0.0,63,cloudy
Ahmedabad,2023-04-27,38.6,26.3,33.2,0.0,31,cloudy
Ahmedabad,2023-04-28,40.7,30.4,34.0,0.0,48,sunny
Ahmedabad,2023-04-29,40.1,29.2,35.6,0.0,51,sunny
Ahmedabad,2023-04-30,40.2,28.7,32.9,0.0,59,sunny
Ahmedabad,2023-05-01,44.3,30.0,37.6,0.0,38,partly_cloudy
Ahmedabad,2023-05-02,37.1,28.9,33.2,0.0,52,cloudy
Ahmedabad,2023-05-03,42.9,32.2,36.4,0.0,31,sunny
Ahmedabad,2023-05-04,41.9,31.7,37.4,0.0,67,partly_cloudy
Ahmedabad,2023-05-05,43.3,32.7,37.0,0.0,43,sunny
Ahmedabad,2023-05-06,41.5,31.5,37.3,0.0,36,sunny
Ahmedabad,2023-05-07,35.8,25.4,32.7,0.0,56,cloudy
Ahmedabad,2023-05-08,38.8,31.2,35.5,0.0,30,partly_cloudy
Ahmedabad,2023-05-09,39.5,25.0,32.1,0.0,43,sunny
Ahmedabad,2023-05-10,43.3,32.2,37.9,0.0,46,cloudy
Ahmedabad,2023-05-11,39.1,26.0,33.7,0.0,56,sunny
Ahmedabad,2023-05-12,37.3,28.6,32.6,0.0,40,cloudy
Ahmedabad,2023-05-13,37.6,24.2,32.0,0.0,43,partly_cloudy
Ahmedabad,2023-05-14,38.9,28.5,34.8,0.0,42,cloudy
Ahmedabad,2023-05-15,40.8,30.9,36.5,0.0,45,sunny
Ahmedabad,2023-05-16,43.9,29.0,36.5,0.0,33,partly_cloudy
Ahmedabad,2023-05-17,39.5,27.1,35.1,0.0,53,sunny
Ahmedabad,2023-05-18,35.7,28.6,32.4,0.0,51,sunny
Ahmedabad,2023-05-19,39.6,28.7,35.7,0.0,45,sunny
Ahmedabad,2023-05-20,36.7,30.0,33.2,0.0,54,partly_cloudy
Ahmedabad,2023-05-21,39.4,29.2,34.5,0.0,36,partly_cloudy
Ahmedabad,2023-05-22,43.3,33.0,37.6,0.0,40,cloudy
Ahmedabad,2023-05-23,40.5,28.1,35.4,0.0,43,partly_cloudy
Ahmedabad,2023-05-24,41.1,31.4,37.7,0.0,31,partly_cloudy
Ahmedabad,2023-05-25,38.1,26.6,32.1,0.0,31,cloudy
Ahmedabad,2023-05-26,40.2,29.8,32.9,0.0,56,cloudy
Ahmedabad,2023-05-27,38.5,29.3,35.2,0.0,60,cloudy
Ahmedabad,2023-05-28,38.9,24.5,32.3,0.0,36,partly_cloudy
Ahmedabad,2023-05-29,42.2,31.6,34.8,9.9,43,sunny
Ahmedabad,2023-05-30,43.6,30.1,35.8,0.0,44,partly_cloudy
Ahmedabad,2023-05-31,39.7,25.6,32.9,0.0,46,partly_cloudy
Ahmedabad,2023-06-01,37.0,25.4,29.8,0.0,94,sunny
Ahmedabad,2023-06-02,34.3,24.6,30.0,40.7,86,rainy
Ahmedabad,2023-06-03,30.2,18.8,25.4,0.0,57,sunny
Ahmedabad,2023-06-04,32.0,19.1,24.5,0.0,44,sunny
Ahmedabad,2023-06-05,31.0,22.6,27.9,36.0,86,rainy
Ahmedabad,2023-06-06,27.3,21.0,24.2,15.7,44,rainy
Ahmedabad,2023-06-07,33.0,21.7,26.9,27.9,54,rainy
Ahmedabad,2023-06-08,35.1,22.5,30.0,9.3,90,rainy
Ahmedabad,2023-06-09,33.7,21.9,27.2,0.0,88,sunny
Ahmedabad,2023-06-10,31.4,21.0,28.4,0.0,86,cloudy
Ahmedabad,2023-06-11,30.9,18.8,26.8,0.0,81,cloudy
Ahmedabad,2023-06-12,33.5,21.6,26.4,0.0,94,sunny
Ahmedabad,2023-06-13,31.5,20.0,26.4,15.8,62,rainy
Ahmedabad,2023-06-14,32.6,17.5,25.3,0.0,45,sunny
Ahmedabad,2023-06-15,30.5,18.2,24.2,39.5,73,rainy
Ahmedabad,2023-06-16,28.4,18.0,24.6,12.9,93,rainy
Ahmedabad,2023-06-17,32.3,22.2,28.2,43.1,40,rainy
Ahmedabad,2023-06-18,31.4,22.6,26.5,0.0,69,cloudy
Ahmedabad,2023-06-19,31.2,22.8,26.7,0.0,74,sunny
Ahmedabad,2023-06-20,34.4,24.0,28.1,0.0,58,cloudy
Ahmedabad,2023-06-21,36.3,21.2,28.6,0.0,53,cloudy
Ahmedabad,2023-06-22,28.4,19.5,24.6,0.0,41,cloudy
Ahmedabad,2023-06-23,33.9,20.8,26.5,34.1,67,rainy
Ahmedabad,2023-06-24,33.0,22.0,27.8,0.0,79,sunny
Ahmedabad,2023-06-25,29.5,16.9,24.4,40.3,49,rainy
Ahmedabad,2023-06-26,30.4,19.1,24.5,11.0,49,rainy
Ahmedabad,2023-06-27,31.1,20.6,24.4,5.3,57,rainy
Ahmedabad,2023-06-28,33.2,26.1,29.5,0.0,91,sunny
Ahmedabad,2023-06-29,30.8,20.9,25.3,0.0,85,cloudy
Ahmedabad,2023-06-30,31.5,21.2,25.9,0.0,91,sunny
Ahmedabad,2023-07-01,31.4,18.8,24.6,34.6,42,rainy
Ahmedabad,2023-07-02,32.0,19.4,27.2,20.9,44,rainy
Ahmedabad,2023-07-03,35.4,22.3,29.9,0.0,45,sunny
Ahmedabad,2023-07-04,37.4,23.0,29.5,19.9,58,rainy
Ahmedabad,2023-07-05,34.5,22.7,27.1,0.0,67,cloudy
Ahmedabad,2023-07-06,33.5,19.6,26.3,13.2,81,rainy
Ahmedabad,2023-07-07,33.8,23.3,26.5,0.0,41,sunny
Ahmedabad,2023-07-08,35.0,24.4,29.2,37.4,86,rainy
Ahmedabad,2023-07-09,27.6,18.9,24.6,17.6,82,rainy
Ahmedabad,2023-07-10,34.2,19.9,26.6,48.5,83,rainy
Ahmedabad,2023-07-11,34.5,22.7,29.5,27.8,81,rainy
Ahmedabad,2023-07-12,33.4,24.3,28.7,35.5,41,rainy
Ahmedabad,2023-07-13,34.5,20.8,27.8,35.1,95,rainy
Ahmedabad,2023-07-14,30.2,21.0,25.9,0.0,64,cloudy
Ahmedabad,2023-07-15,32.2,21.4,29.2,7.1,77,rainy
Ahmedabad,2023-07-16,30.8,18.2,24.6,0.0,87,cloudy
Ahmedabad,2023-07-17,32.4,21.8,25.0,24.8,65,rainy
Ahmedabad,2023-07-18,30.4,20.6,26.0,22.0,51,rainy
Ahmedabad,2023-07-19,34.5,23.8,28.6,45.1,60,rainy
Ahmedabad,2023-07-20,32.7,23.1,27.1,0.0,64,sunny
Ahmedabad,2023-07-21,35.5,24.7,28.2,0.0,87,cloudy
Ahmedabad,2023-07-22,32.7,21.6,26.5,6.8,73,rainy
Ahmedabad,2023-07-23,31.7,22.1,27.2,23.2,52,rainy
Ahmedabad,2023-07-24,35.3,22.8,29.0,17.9,75,rainy
Ahmedabad,2023-07-25,34.9,23.2,27.7,0.0,69,sunny
Ahmedabad,2023-07-26,33.1,21.1,26.1,0.0,50,cloudy
Ahmedabad,2023-07-27,32.0,19.7,25.8,0.0,90,sunny
Ahmedabad,2023-07-28,29.4,23.2,26.2,33.4,69,rainy
Ahmedabad,2023-07-29,30.0,18.2,24.4,0.0,79,cloudy
Ahmedabad,2023-07-30,36.3,23.1,29.4,45.7,47,rainy
Ahmedabad,2023-07-31,29.0,22.0,25.2,25.3,81,rainy
Ahmedabad,2023-08-01,32.2,21.0,26.8,20.6,71,rainy
Ahmedabad,2023-08-02,31.8,18.0,24.7,9.1,49,rainy
Ahmedabad,2023-08-03,36.9,24.6,29.4,0.0,72,sunny
Ahmedabad,2023-08-04,32.1,17.7,24.8,0.0,79,sunny
Ahmedabad,2023-08-05,32.2,19.8,24.4,0.0,54,cloudy
Ahmedabad,2023-08-06,29.9,21.9,26.0,43.3,53,rainy
Ahmedabad,2023-08-07,32.1,22.9,27.8,14.4,86,rainy
Ahmedabad,2023-08-08,29.4,21.2,25.3,19.3,46,rainy
Ahmedabad,2023-08-09,36.3,21.2,28.6,18.5,56,rainy
Ahmedabad,2023-08-10,32.1,16.9,24.8,0.0,80,sunny
Ahmedabad,2023-08-11,31.6,22.1,26.5,21.5,95,rainy
Ahmedabad,2023-08-12,35.3,20.1,27.6,15.0,75,rainy
Ahmedabad,2023-08-13,33.5,23.0,29.9,18.2,57,rainy
Ahmedabad,2023-08-14,29.8,21.0,25.1,28.9,86,rainy
Ahmedabad,2023-08-15,35.7,23.5,29.6,0.0,67,cloudy
Ahmedabad,2023-08-16,36.2,22.6,28.5,0.0,92,cloudy
Ahmedabad,2023-08-17,34.4,21.4,29.1,23.0,63,rainy
Ahmedabad,2023-08-18,35.0,24.8,28.7,0.0,72,sunny
Ahmedabad,2023-08-19,33.5,23.6,27.5,33.3,51,rainy
Ahmedabad,2023-08-20,35.0,23.8,27.9,27.9,74,rainy
Ahmedabad,2023-08-21,33.2,19.8,25.8,24.5,60,rainy
Ahmedabad,2023-08-22,32.1,21.4,25.5,0.0,59,cloudy
Ahmedabad,2023-08-23,30.4,20.5,25.9,0.0,89,cloudy
Ahmedabad,2023-08-24,36.3,22.0,28.4,42.9,90,rainy
Ahmedabad,2023-08-25,28.3,18.1,24.3,14.0,64,rainy
Ahmedabad,2023-08-26,27.8,17.1,24.7,28.6,44,rainy
Ahmedabad,2023-08-27,30.9,20.3,24.3,0.0,86,cloudy
Ahmedabad,2023-08-28,27.8,17.6,24.3,41.2,95,rainy
Ahmedabad,2023-08-29,31.0,19.5,27.3,0.0,88,sunny
Ahmedabad,2023-08-30,30.0,18.2,26.0,0.0,65,cloudy
Ahmedabad,2023-08-31,33.7,23.9,28.4,31.5,46,rainy
Ahmedabad,2023-09-01,31.7,21.0,28.3,42.5,58,rainy
Ahmedabad,2023-09-02,30.8,18.5,26.3,0.0,88,cloudy
Ahmedabad,2023-09-03,34.1,21.3,28.7,44.2,90,rainy
Ahmedabad,2023-09-04,31.8,18.8,25.4,48.0,53,rainy
Ahmedabad,2023-09-05,32.8,22.5,29.5,48.9,78,rainy
Ahmedabad,2023-09-06,36.9,23.7,29.7,33.4,73,rainy
Ahmedabad,2023-09-07,35.2,23.0,29.2,31.6,85,rainy
Ahmedabad,2023-09-08,33.3,18.5,25.8,8.8,93,rainy
Ahmedabad,2023-09-09,32.5,17.7,25.1,11.8,55,rainy
Ahmedabad,2023-09-10,31.4,20.3,27.5,39.7,70,rainy
Ahmedabad,2023-09-11,33.6,22.3,29.6,0.0,57,cloudy
Ahmedabad,2023-09-12,35.6,23.6,28.6,7.2,85,rainy
Ahmedabad,2023-09-13,31.5,20.5,27.2,19.7,80,rainy
Ahmedabad,2023-09-14,33.4,22.5,28.6,34.9,52,rainy
Ahmedabad,2023-09-15,28.8,19.3,24.9,31.0,41,rainy
Ahmedabad,2023-09-16,35.6,20.4,28.3,34.5,58,rainy
Ahmedabad,2023-09-17,29.5,20.4,24.1,37.5,93,rainy
Ahmedabad,2023-09-18,32.8,23.2,28.6,16.7,75,rainy
Ahmedabad,2023-09-19,30.6,22.3,26.3,24.4,91,rainy
Ahmedabad,2023-09-20,30.5,22.7,26.2,0.0,61,sunny
Ahmedabad,2023-09-21,36.3,22.1,29.5,23.6,54,rainy
Ahmedabad,2023-09-22,33.2,23.5,29.8,0.0,71,cloudy
Ahmedabad,2023-09-23,31.3,22.9,28.1,0.0,61,cloudy
Ahmedabad,2023-09-24,35.6,20.4,28.1,0.0,46,sunny
Ahmedabad,2023-09-25,29.7,18.4,25.9,0.0,75,cloudy
Ahmedabad,2023-09-26,32.0,21.2,27.4,33.9,63,rainy
Ahmedabad,2023-09-27,31.1,20.8,27.0,0.0,81,sunny
Ahmedabad,2023-09-28,34.8,20.8,27.7,0.0,46,sunny
Ahmedabad,2023-09-29,33.4,23.0,26.2,0.0,72,sunny
Ahmedabad,2023-09-30,31.6,23.4,27.1,20.5,88,rainy
Ahmedabad,2023-10-01,31.5,22.6,28.4,9.6,67,sunny
Ahmedabad,2023-10-02,35.9,24.9,29.8,0.0,56,cloudy
Ahmedabad,2023-10-03,33.2,22.5,28.7,0.0,50,partly_cloudy
Ahmedabad,2023-10-04,32.8,24.5,27.8,0.0,61,cloudy
Ahmedabad,2023-10-05,37.9,24.8,30.5,0.0,47,cloudy
Ahmedabad,2023-10-06,38.4,27.2,31.0,0.0,67,cloudy
Ahmedabad,2023-10-07,34.0,23.0,27.2,0.0,70,sunny
Ahmedabad,2023-10-08,32.3,23.2,29.1,0.0,49,cloudy
Ahmedabad,2023-10-09,34.2,19.4,27.2,4.7,66,partly_cloudy
Ahmedabad,2023-10-10,34.0,22.7,29.2,0.0,49,partly_cloudy
Ahmedabad,2023-10-11,34.4,25.9,29.1,0.0,61,sunny
Ahmedabad,2023-10-12,35.1,23.9,28.6,0.0,62,cloudy
Ahmedabad,2023-10-13,33.4,21.4,29.1,6.9,38,sunny
Ahmedabad,2023-10-14,35.2,24.8,27.8,0.0,49,partly_cloudy
Ahmedabad,2023-10-15,35.3,22.7,28.4,0.0,50,sunny
Ahmedabad,2023-10-16,34.3,23.0,27.0,0.0,47,cloudy
Ahmedabad,2023-10-17,32.6,25.5,28.7,0.0,65,sunny
Ahmedabad,2023-10-18,34.5,24.6,29.5,0.0,32,cloudy
Ahmedabad,2023-10-19,34.4,22.4,27.9,0.0,70,partly_cloudy
Ahmedabad,2023-10-20,37.5,25.3,29.7,0.0,49,partly_cloudy
Ahmedabad,2023-10-21,33.0,25.5,29.2,0.0,51,sunny
Ahmedabad,2023-10-22,35.7,23.5,28.9,0.0,55,sunny
Ahmedabad,2023-10-23,32.3,24.7,28.1,0.0,60,cloudy
Ahmedabad,2023-10-24,35.0,26.8,30.8,0.0,67,partly_cloudy
Ahmedabad,2023-10-25,32.6,23.8,28.5,0.0,65,cloudy
Ahmedabad,2023-10-26,34.8,24.6,30.9,0.0,47,cloudy
Ahmedabad,2023-10-27,34.0,23.2,30.1,0.0,56,partly_cloudy
Ahmedabad,2023-10-28,35.1,26.7,30.4,0.0,64,cloudy
Ahmedabad,2023-10-29,33.0,25.4,28.8,0.0,38,sunny
Ahmedabad,2023-10-30,34.2,23.2,28.7,6.5,33,cloudy
Ahmedabad,2023-10-31,35.6,23.0,30.9,0.0,43,sunny
Ahmedabad,2023-11-01,34.2,25.7,30.4,0.0,34,cloudy
Ahmedabad,2023-11-02,33.6,24.5,28.4,0.0,60,partly_cloudy
Ahmedabad,2023-11-03,31.9,20.8,28.4,0.0,50,sunny
Ahmedabad,2023-11-04,32.9,24.3,28.3,0.0,49,partly_cloudy
Ahmedabad,2023-11-05,33.9,26.2,30.5,0.0,47,cloudy
Ahmedabad,2023-11-06,34.9,22.7,28.5,0.0,43,sunny
Ahmedabad,2023-11-07,31.5,24.0,27.6,0.0,48,sunny
Ahmedabad,2023-11-08,32.8,23.6,28.3,0.0,58,partly_cloudy
Ahmedabad,2023-11-09,35.2,21.3,28.6,0.0,66,cloudy
Ahmedabad,2023-11-10,34.7,24.4,28.6,0.0,43,cloudy
Ahmedabad,2023-11-11,37.1,24.0,30.4,0.0,45,partly_cloudy
Ahmedabad,2023-11-12,36.2,23.8,28.9,0.0,52,cloudy
Ahmedabad,2023-11-13,33.1,25.7,29.3,0.0,67,cloudy
Ahmedabad,2023-11-14,38.9,26.6,31.0,0.0,70,sunny
Ahmedabad,2023-11-15,35.9,27.1,30.8,0.0,37,cloudy
Ahmedabad,2023-11-16,35.2,21.8,27.2,5.3,55,partly_cloudy
Ahmedabad,2023-11-17,32.9,22.2,28.4,0.0,30,sunny
Ahmedabad,2023-11-18,34.5,22.2,28.5,0.0,60,cloudy
Ahmedabad,2023-11-19,32.4,25.8,29.4,0.0,63,cloudy
Ahmedabad,2023-11-20,32.3,21.4,27.9,0.0,69,partly_cloudy
Ahmedabad,2023-11-21,34.5,22.8,29.9,0.0,39,cloudy
Ahmedabad,2023-11-22,37.5,22.5,30.3,0.0,39,sunny
Ahmedabad,2023-11-23,35.3,25.3,29.7,0.0,54,partly_cloudy
Ahmedabad,2023-11-24,35.4,26.3,29.8,0.0,35,cloudy
Ahmedabad,2023-11-25,36.3,21.8,29.2,0.0,67,sunny
Ahmedabad,2023-11-26,37.0,22.5,29.7,0.0,64,cloudy
Ahmedabad,2023-11-27,33.5,23.7,29.6,0.0,52,sunny
Ahmedabad,2023-11-28,35.9,24.4,27.9,0.0,52,cloudy
Ahmedabad,2023-11-29,33.5,24.6,29.3,0.0,32,partly_cloudy
Ahmedabad,2023-11-30,35.4,25.3,30.5,0.0,35,partly_cloudy
Ahmedabad,2023-12-01,27.5,17.6,22.4,0.0,48,partly_cloudy
Ahmedabad,2023-12-02,26.4,15.7,22.1,0.0,43,sunny
Ahmedabad,2023-12-03,25.4,17.4,22.1,0.0,50,sunny
Ahmedabad,2023-12-04,23.8,16.7,20.0,0.0,62,partly_cloudy
Ahmedabad,2023-12-05,28.6,16.4,22.6,0.0,64,partly_cloudy
Ahmedabad,2023-12-06,28.0,16.2,22.2,0.0,39,sunny
Ahmedabad,2023-12-07,25.7,16.2,20.0,0.0,63,sunny
Ahmedabad,2023-12-08,29.9,16.1,22.5,0.0,55,partly_cloudy
Ahmedabad,2023-12-09,28.7,18.0,21.7,0.0,65,partly_cloudy
Ahmedabad,2023-12-10,27.2,16.1,19.7,0.0,38,cloudy
Ahmedabad,2023-12-11,23.9,17.0,20.5,0.0,70,cloudy
Ahmedabad,2023-12-12,26.8,15.4,19.1,0.0,47,cloudy
Ahmedabad,2023-12-13,24.2,12.4,19.3,0.0,58,cloudy
Ahmedabad,2023-12-14,25.0,16.1,21.4,0.0,49,sunny
Ahmedabad,2023-12-15,29.0,16.1,21.3,0.0,60,partly_cloudy
Ahmedabad,2023-12-16,22.1,12.3,19.0,0.0,31,partly_cloudy
Ahmedabad,2023-12-17,25.5,18.1,22.2,0.0,60,partly_cloudy
Ahmedabad,2023-12-18,28.9,13.9,21.7,0.0,59,sunny
Ahmedabad,2023-12-19,28.9,17.7,21.6,0.0,53,partly_cloudy
Ahmedabad,2023-12-20,25.4,17.8,21.3,0.0,55,sunny
Ahmedabad,2023-12-21,26.5,17.7,22.8,0.0,52,sunny
Ahmedabad,2023-12-22,26.7,17.7,22.6,0.0,49,partly_cloudy
Ahmedabad,2023-12-23,29.9,18.6,22.8,0.0,36,sunny
Ahmedabad,2023-12-24,23.7,14.4,19.4,0.0,49,cloudy
Ahmedabad,2023-12-25,27.2,12.5,19.3,0.0,69,cloudy
Ahmedabad,2023-12-26,25.6,17.9,21.6,0.0,45,cloudy
Ahmedabad,2023-12-27,28.4,17.8,20.9,0.0,32,partly_cloudy
Ahmedabad,2023-12-28,26.4,14.9,21.0,0.0,48,cloudy
Ahmedabad,2023-12-29,27.4,13.6,20.1,0.0,45,sunny
Ahmedabad,2023-12-30,27.6,14.1,19.6,0.0,46,partly_cloudy
Ahmedabad,2023-12-31,27.0,15.6,19.2,4.7,38,cloudy
Ahmedabad,2024-01-01,28.5,14.7,20.8,0.0,42,cloudy
Ahmedabad,2024-01-02,23.7,14.8,20.0,0.8,47,cloudy
Ahmedabad,2024-01-03,25.6,13.5,19.8,0.0,70,partly_cloudy
Ahmedabad,2024-01-04,25.9,16.7,21.1,0.0,53,cloudy
Ahmedabad,2024-01-05,30.4,18.6,22.7,0.0,48,cloudy
Ahmedabad,2024-01-06,24.1,13.9,20.4,0.0,41,cloudy
Ahmedabad,2024-01-07,28.7,14.4,21.5,0.0,63,sunny
Ahmedabad,2024-01-08,25.1,15.4,19.3,0.0,36,sunny
Ahmedabad,2024-01-09,24.7,15.0,20.8,0.0,49,sunny
Ahmedabad,2024-01-10,29.1,19.3,22.7,3.4,30,cloudy
Ahmedabad,2024-01-11,26.1,11.8,19.4,0.0,59,cloudy
Ahmedabad,2024-01-12,25.0,13.8,19.9,0.0,68,partly_cloudy
Ahmedabad,2024-01-13,26.6,14.9,20.0,0.0,67,cloudy
Ahmedabad,2024-01-14,24.5,15.7,20.0,0.0,46,sunny
Ahmedabad,2024-01-15,24.2,15.1,19.6,0.0,34,cloudy
Ahmedabad,2024-01-16,27.0,18.8,22.6,0.0,53,cloudy
Ahmedabad,2024-01-17,27.1,15.3,19.4,0.0,35,partly_cloudy
Ahmedabad,2024-01-18,27.5,17.7,22.3,0.0,67,cloudy
Ahmedabad,2024-01-19,26.8,14.4,20.4,0.0,34,sunny
Ahmedabad,2024-01-20,28.4,17.6,20.6,0.0,51,partly_cloudy
Ahmedabad,2024-01-21,26.4,17.5,22.8,0.0,34,partly_cloudy
Ahmedabad,2024-01-22,29.4,14.9,22.1,9.5,69,partly_cloudy
Ahmedabad,2024-01-23,27.8,16.1,20.7,0.0,68,partly_cloudy
Ahmedabad,2024-01-24,26.9,16.6,20.2,0.0,60,cloudy
Ahmedabad,2024-01-25,26.2,17.2,22.1,0.0,42,sunny
Ahmedabad,2024-01-26,25.2,14.5,19.4,0.0,58,partly_cloudy
Ahmedabad,2024-01-27,28.1,15.6,22.3,0.0,63,partly_cloudy
Ahmedabad,2024-01-28,28.2,16.0,21.8,0.0,45,sunny
Ahmedabad,2024-01-29,26.6,13.5,20.8,0.0,41,partly_cloudy
Ahmedabad,2024-01-30,29.7,15.4,22.7,0.0,40,sunny
Ahmedabad,2024-01-31,24.0,16.5,20.7,0.0,31,sunny
Ahmedabad,2024-02-01,26.2,13.0,20.7,0.0,63,partly_cloudy
Ahmedabad,2024-02-02,26.1,17.6,22.1,3.8,32,sunny
Ahmedabad,2024-02-03,25.2,14.6,19.5,0.0,62,partly_cloudy
Ahmedabad,2024-02-04,26.3,16.3,21.2,0.0,41,partly_cloudy
Ahmedabad,2024-02-05,26.3,14.7,20.8,0.0,66,sunny
Ahmedabad,2024-02-06,28.1,13.2,21.1,0.0,49,partly_cloudy
Ahmedabad,2024-02-07,25.9,18.1,22.7,0.0,64,partly_cloudy
Ahmedabad,2024-02-08,25.2,15.7,22.1,0.0,69,partly_cloudy
Ahmedabad,2024-02-09,27.9,17.5,21.8,0.0,53,cloudy
Ahmedabad,2024-02-10,29.5,17.6,21.8,0.0,60,cloudy
Ahmedabad,2024-02-11,28.5,19.2,22.5,0.0,47,cloudy
Ahmedabad,2024-02-12,27.3,16.2,21.3,0.0,49,sunny
Ahmedabad,2024-02-13,26.8,14.1,21.1,0.0,54,partly_cloudy
Ahmedabad,2024-02-14,25.3,12.5,19.3,3.7,35,cloudy
Ahmedabad,2024-02-15,27.6,16.8,21.1,3.1,31,partly_cloudy
Ahmedabad,2024-02-16,27.9,14.1,21.8,0.0,70,sunny
Ahmedabad,2024-02-17,26.0,17.0,21.6,0.0,40,partly_cloudy
Ahmedabad,2024-02-18,24.1,14.3,20.1,7.5,38,cloudy
Ahmedabad,2024-02-19,28.4,18.4,21.9,0.0,32,cloudy
Ahmedabad,2024-02-20,28.5,16.3,20.7,0.0,44,sunny
Ahmedabad,2024-02-21,27.4,16.6,20.3,0.0,64,cloudy
Ahmedabad,2024-02-22,28.2,17.9,21.0,0.0,41,partly_cloudy
Ahmedabad,2024-02-23,26.5,14.0,20.4,0.0,62,sunny
Ahmedabad,2024-02-24,24.9,14.0,19.0,0.0,45,partly_cloudy
Ahmedabad,2024-02-25,25.0,13.0,20.1,0.0,42,cloudy
Ahmedabad,2024-02-26,25.5,12.2,19.9,0.0,32,sunny
Ahmedabad,2024-02-27,24.8,17.5,21.5,0.0,70,partly_cloudy
Ahmedabad,2024-02-28,23.7,14.0,20.0,0.0,44,cloudy
Ahmedabad,2024-02-29,25.8,16.6,22.4,0.0,44,sunny
Ahmedabad,2024-03-01,42.8,33.3,37.8,0.0,32,cloudy
Ahmedabad,2024-03-02,42.1,28.0,35.0,0.0,33,partly_cloudy
Ahmedabad,2024-03-03,37.3,28.0,33.2,0.0,34,partly_cloudy
Ahmedabad,2024-03-04,40.5,27.5,33.6,0.0,68,sunny
Ahmedabad,2024-03-05,40.9,28.7,35.9,0.0,33,partly_cloudy
Ahmedabad,2024-03-06,45.1,33.4,37.5,8.6,50,sunny
Ahmedabad,2024-03-07,43.2,32.6,38.0,0.0,46,sunny
Ahmedabad,2024-03-08,39.6,26.8,33.6,7.8,39,cloudy
Ahmedabad,2024-03-09,41.1,31.6,37.2,0.0,50,cloudy
Ahmedabad,2024-03-10,39.1,29.4,33.2,0.0,62,sunny
Ahmedabad,2024-03-11,44.0,33.3,37.0,0.0,67,cloudy
Ahmedabad,2024-03-12,38.0,27.6,33.5,0.0,33,cloudy
Ahmedabad,2024-03-13,41.3,28.6,33.8,0.0,35,sunny
Ahmedabad,2024-03-14,41.1,31.3,35.0,0.0,69,cloudy
Ahmedabad,2024-03-15,42.1,28.2,35.9,0.0,64,sunny
Ahmedabad,2024-03-16,39.9,28.9,33.4,0.0,68,partly_cloudy
Ahmedabad,2024-03-17,42.3,27.9,35.6,0.0,31,sunny
Ahmedabad,2024-03-18,40.6,32.8,35.9,0.0,70,cloudy
Ahmedabad,2024-03-19,40.1,26.1,33.6,0.0,32,sunny
Ahmedabad,2024-03-20,40.5,27.9,35.2,3.0,30,partly_cloudy
Ahmedabad,2024-03-21,38.0,28.6,33.4,0.4,43,sunny
Ahmedabad,2024-03-22,42.8,32.4,37.8,0.0,70,sunny
Ahmedabad,2024-03-23,38.7,28.3,34.2,0.0,62,sunny
Ahmedabad,2024-03-24,44.8,33.7,37.4,0.0,65,cloudy
Ahmedabad,2024-03-25,43.8,30.2,37.4,8.7,49,sunny
Ahmedabad,2024-03-26,39.5,27.7,32.2,0.0,54,partly_cloudy
Ahmedabad,2024-03-27,39.7,24.1,32.0,0.0,32,cloudy
Ahmedabad,2024-03-28,37.1,29.0,33.4,0.0,40,cloudy
Ahmedabad,2024-03-29,41.7,31.6,37.7,0.0,50,cloudy
Ahmedabad,2024-03-30,39.4,27.7,32.4,0.0,47,cloudy
Ahmedabad,2024-03-31,40.9,29.8,37.3,0.0,69,sunny
Ahmedabad,2024-04-01,45.0,32.0,37.0,0.0,67,cloudy
Ahmedabad,2024-04-02,41.9,32.6,37.5,0.0,46,cloudy
Ahmedabad,2024-04-03,39.1,26.9,32.8,0.0,47,sunny
Ahmedabad,2024-04-04,41.6,32.3,37.8,0.0,36,cloudy
Ahmedabad,2024-04-05,37.3,27.7,33.5,0.0,54,cloudy
Ahmedabad,2024-04-06,38.3,30.3,34.4,0.0,49,partly_cloudy
Ahmedabad,2024-04-07,38.0,28.0,32.4,0.0,64,partly_cloudy
Ahmedabad,2024-04-08,40.3,31.4,37.1,0.0,55,cloudy
Ahmedabad,2024-04-09,37.4,28.2,33.4,0.0,43,partly_cloudy
Ahmedabad,2024-04-10,38.5,31.8,34.9,0.0,47,partly_cloudy
Ahmedabad,2024-04-11,41.5,28.3,36.1,0.0,62,sunny
Ahmedabad,2024-04-12,41.3,32.4,36.5,0.0,54,partly_cloudy
Ahmedabad,2024-04-13,42.4,31.6,36.1,0.0,37,sunny
Ahmedabad,2024-04-14,38.4,27.7,34.0,0.0,31,cloudy
Ahmedabad,2024-04-15,40.4,28.3,34.0,0.0,41,cloudy
Ahmedabad,2024-04-16,42.1,29.7,35.5,0.0,64,partly_cloudy
Ahmedabad,2024-04-17,40.2,32.1,37.0,0.0,44,partly_cloudy
Ahmedabad,2024-04-18,44.1,32.5,36.3,0.0,45,partly_cloudy
Ahmedabad,2024-04-19,43.0,34.1,37.4,0.0,56,partly_cloudy
Ahmedabad,2024-04-20,41.7,31.2,35.5,0.0,57,partly_cloudy
Ahmedabad,2024-04-21,40.0,27.8,34.4,0.0,61,sunny
Ahmedabad,2024-04-22,39.8,26.6,34.0,5.1,30,cloudy
Ahmedabad,2024-04-23,40.8,31.3,35.3,0.0,39,partly_cloudy
Ahmedabad,2024-04-24,40.0,29.6,34.6,0.0,63,sunny
Ahmedabad,2024-04-25,39.1,25.1,32.0,0.0,42,cloudy
Ahmedabad,2024-04-26,42.5,32.4,37.2,0.0,47,cloudy
Ahmedabad,2024-04-27,37.0,25.2,33.1,0.0,57,partly_cloudy
Ahmedabad,2024-04-28,39.1,26.9,34.3,0.0,34,partly_cloudy
Ahmedabad,2024-04-29,37.1,28.6,32.6,0.0,50,cloudy
Ahmedabad,2024-04-30,44.8,32.5,37.8,0.0,47,partly_cloudy
Ahmedabad,2024-05-01,41.7,28.5,36.2,0.0,57,cloudy
Ahmedabad,2024-05-02,41.0,29.1,33.7,0.0,51,partly_cloudy
Ahmedabad,2024-05-03,41.8,30.2,35.9,0.0,64,partly_cloudy
Ahmedabad,2024-05-04,42.9,32.7,36.4,0.0,33,partly_cloudy
Ahmedabad,2024-05-05,39.6,28.2,34.3,0.0,66,cloudy
Ahmedabad,2024-05-06,43.1,28.0,35.4,0.0,43,cloudy
Ahmedabad,2024-05-07,39.7,28.8,34.5,0.0,48,partly_cloudy
Ahmedabad,2024-05-08,43.3,29.0,36.2,0.0,33,cloudy
Ahmedabad,2024-05-09,42.8,32.4,37.9,0.4,50,partly_cloudy
Ahmedabad,2024-05-10,38.8,24.7,32.7,0.0,66,sunny
Ahmedabad,2024-05-11,38.8,25.9,32.4,0.0,30,sunny
Ahmedabad,2024-05-12,38.1,29.2,33.5,0.0,53,sunny
Ahmedabad,2024-05-13,41.2,32.5,35.7,4.1,51,partly_cloudy
Ahmedabad,2024-05-14,41.5,29.2,34.8,0.0,39,cloudy
Ahmedabad,2024-05-15,40.7,29.6,36.3,0.0,62,sunny
Ahmedabad,2024-05-16,39.3,25.9,32.8,0.0,58,sunny
Ahmedabad,2024-05-17,39.7,28.9,35.0,0.0,39,cloudy
Ahmedabad,2024-05-18,42.8,28.1,35.4,0.0,63,cloudy
Ahmedabad,2024-05-19,41.4,32.9,37.5,0.0,58,partly_cloudy
Ahmedabad,2024-05-20,42.0,32.6,35.8,0.0,61,partly_cloudy
Ahmedabad,2024-05-21,41.4,31.2,36.6,0.0,54,partly_cloudy
Ahmedabad,2024-05-22,40.5,32.0,35.2,0.0,54,cloudy
Ahmedabad,2024-05-23,42.2,31.1,36.1,0.0,51,partly_cloudy
Ahmedabad,2024-05-24,41.9,31.6,37.1,0.0,53,partly_cloudy
Ahmedabad,2024-05-25,39.2,27.4,32.2,0.0,53,sunny
Ahmedabad,2024-05-26,37.5,29.2,32.5,0.0,35,sunny
Ahmedabad,2024-05-27,38.6,29.2,33.9,0.0,52,cloudy
Ahmedabad,2024-05-28,40.1,33.1,37.1,0.0,30,partly_cloudy
Ahmedabad,2024-05-29,41.6,29.8,35.7,0.0,36,cloudy
Ahmedabad,2024-05-30,43.3,33.5,37.1,0.0,59,partly_cloudy
Ahmedabad,2024-05-31,42.5,31.8,35.2,0.0,38,sunny
Ahmedabad,2024-06-01,28.9,20.8,25.2,43.8,40,rainy
Ahmedabad,2024-06-02,30.9,21.0,26.6,0.0,72,sunny
Ahmedabad,2024-06-03,33.0,23.9,29.1,0.0,84,sunny
Ahmedabad,2024-06-04,33.3,25.5,29.4,22.1,89,rainy
Ahmedabad,2024-06-05,34.3,20.9,27.6,0.0,66,sunny
Ahmedabad,2024-06-06,30.1,18.5,26.2,23.8,57,rainy
Ahmedabad,2024-06-07,32.3,19.5,24.7,16.0,62,rainy
Ahmedabad,2024-06-08,35.7,23.7,28.9,31.6,67,rainy
Ahmedabad,2024-06-09,33.7,18.5,26.2,43.2,54,rainy
Ahmedabad,2024-06-10,35.1,23.0,29.9,0.0,67,cloudy
Ahmedabad,2024-06-11,37.4,24.0,29.7,0.0,81,cloudy
Ahmedabad,2024-06-12,31.1,20.4,26.5,12.5,60,rainy
Ahmedabad,2024-06-13,35.6,23.9,28.9,0.0,48,sunny
Ahmedabad,2024-06-14,31.0,17.8,24.7,38.7,69,rainy
Ahmedabad,2024-06-15,36.9,23.8,29.8,17.8,50,rainy
Ahmedabad,2024-06-16,32.8,21.9,25.6,24.3,87,rainy
Ahmedabad,2024-06-17,29.2,21.9,26.1,43.7,59,rainy
Ahmedabad,2024-06-18,27.4,16.6,24.1,42.5,63,rainy
Ahmedabad,2024-06-19,29.8,18.0,26.0,38.6,40,rainy
Ahmedabad,2024-06-20,34.1,24.8,29.1,21.0,94,rainy
Ahmedabad,2024-06-21,34.2,19.5,27.0,17.9,51,rainy
Ahmedabad,2024-06-22,31.6,18.2,24.3,0.0,45,cloudy
Ahmedabad,2024-06-23,31.9,18.5,24.4,36.6,74,rainy
Ahmedabad,2024-06-24,29.9,20.6,26.2,48.6,91,rainy
Ahmedabad,2024-06-25,32.0,18.4,25.2,42.6,62,rainy
Ahmedabad,2024-06-26,29.7,19.6,26.3,5.6,79,rainy
Ahmedabad,2024-06-27,34.6,22.2,27.5,0.0,82,sunny
Ahmedabad,2024-06-28,34.0,23.3,28.6,17.3,77,rainy
Ahmedabad,2024-06-29,33.0,21.5,29.4,0.0,53,sunny
Ahmedabad,2024-06-30,31.4,18.6,24.3,0.0,71,sunny
Ahmedabad,2024-07-01,30.5,22.2,26.3,8.4,79,rainy
Ahmedabad,2024-07-02,30.7,21.2,25.4,18.7,81,rainy
Ahmedabad,2024-07-03,30.8,19.5,26.9,0.0,86,sunny
Ahmedabad,2024-07-04,30.2,22.5,26.1,12.4,45,rainy
Ahmedabad,2024-07-05,29.7,23.0,26.5,0.0,65,cloudy
Ahmedabad,2024-07-06,35.7,22.1,29.9,17.7,42,rainy
Ahmedabad,2024-07-07,29.7,22.7,25.8,21.9,67,rainy
Ahmedabad,2024-07-08,33.7,20.7,26.4,0.0,64,cloudy
Ahmedabad,2024-07-09,29.7,19.4,25.5,0.0,84,cloudy
Ahmedabad,2024-07-10,30.7,20.6,27.0,0.0,61,sunny
Ahmedabad,2024-07-11,33.5,19.7,27.6,14.4,91,rainy
Ahmedabad,2024-07-12,27.6,20.3,24.6,27.0,64,rainy
Ahmedabad,2024-07-13,29.8,18.9,24.4,0.0,90,cloudy
Ahmedabad,2024-07-14,34.0,21.0,27.6,28.4,82,rainy
Ahmedabad,2024-07-15,30.4,23.7,26.9,7.6,70,rainy
Ahmedabad,2024-07-16,31.7,22.8,28.5,29.2,46,rainy
Ahmedabad,2024-07-17,32.8,20.8,27.6,0.0,60,cloudy
Ahmedabad,2024-07-18,34.1,20.1,27.3,0.0,63,cloudy
Ahmedabad,2024-07-19,35.2,24.3,29.7,19.2,60,rainy
Ahmedabad,2024-07-20,31.3,20.8,24.8,24.7,75,rainy
Ahmedabad,2024-07-21,31.3,22.1,28.0,0.0,71,cloudy
Ahmedabad,2024-07-22,33.7,21.7,25.8,0.0,64,sunny
Ahmedabad,2024-07-23,29.5,20.2,24.0,0.0,92,sunny
Ahmedabad,2024-07-24,36.5,25.2,29.7,0.0,81,sunny
Ahmedabad,2024-07-25,34.4,23.1,28.5,0.0,95,cloudy
Ahmedabad,2024-07-26,35.1,22.6,27.2,10.3,92,rainy
Ahmedabad,2024-07-27,36.5,24.2,28.6,29.6,49,rainy
Ahmedabad,2024-07-28,35.9,22.5,28.4,41.3,52,rainy
Ahmedabad,2024-07-29,34.6,21.5,29.4,0.0,65,sunny
Ahmedabad,2024-07-30,34.0,18.0,26.0,25.6,62,rainy
Ahmedabad,2024-07-31,31.1,23.2,28.0,7.2,50,rainy
Ahmedabad,2024-08-01,34.7,21.0,28.2,0.0,43,sunny
Ahmedabad,2024-08-02,32.0,22.6,27.4,0.0,62,sunny
Ahmedabad,2024-08-03,32.6,19.8,25.2,19.7,66,rainy
Ahmedabad,2024-08-04,32.7,23.3,28.6,32.7,64,rainy
Ahmedabad,2024-08-05,31.5,22.0,28.0,20.4,43,rainy
Ahmedabad,2024-08-06,31.7,21.1,26.5,0.0,91,cloudy
Ahmedabad,2024-08-07,37.1,24.1,29.6,0.0,49,cloudy
Ahmedabad,2024-08-08,29.6,19.2,26.4,0.0,44,sunny
Ahmedabad,2024-08-09,34.1,24.4,29.2,0.0,69,cloudy
Ahmedabad,2024-08-10,36.2,23.5,29.5,0.0,57,cloudy
Ahmedabad,2024-08-11,29.0,19.9,24.6,15.3,48,rainy
Ahmedabad,2024-08-12,30.8,19.7,24.6,0.0,64,cloudy
Ahmedabad,2024-08-13,29.4,18.7,24.4,6.5,61,rainy
Ahmedabad,2024-08-14,29.2,18.6,25.2,0.0,67,cloudy
Ahmedabad,2024-08-15,30.1,19.4,24.7,0.0,53,cloudy
Ahmedabad,2024-08-16,37.2,25.1,29.7,0.0,79,sunny
Ahmedabad,2024-08-17,33.0,26.7,30.0,13.4,77,rainy
Ahmedabad,2024-08-18,34.5,22.5,29.6,46.5,75,rainy
Ahmedabad,2024-08-19,29.8,23.0,26.6,31.5,77,rainy
Ahmedabad,2024-08-20,32.0,20.4,28.1,26.6,78,rainy
Ahmedabad,2024-08-21,32.5,21.1,28.0,0.0,57,sunny
Ahmedabad,2024-08-22,31.6,24.4,28.1,23.9,79,rainy
Ahmedabad,2024-08-23,33.0,22.5,27.4,47.3,67,rainy
Ahmedabad,2024-08-24,31.7,22.0,26.4,0.0,83,cloudy
Ahmedabad,2024-08-25,30.0,22.0,25.8,0.0,40,cloudy
Ahmedabad,2024-08-26,27.7,17.1,24.7,11.8,80,rainy
Ahmedabad,2024-08-27,31.7,21.3,26.0,42.9,85,rainy
Ahmedabad,2024-08-28,33.5,20.2,27.4,29.3,94,rainy
Ahmedabad,2024-08-29,33.3,20.8,26.0,21.7,49,rainy
Ahmedabad,2024-08-30,28.8,18.5,24.4,0.0,72,cloudy
Ahmedabad,2024-08-31,31.4,21.9,26.2,28.7,52,rainy
Ahmedabad,2024-09-01,35.0,19.8,27.7,29.5,45,rainy
Ahmedabad,2024-09-02,29.9,18.5,26.0,9.4,86,rainy
Ahmedabad,2024-09-03,32.5,21.8,28.3,0.0,57,sunny
Ahmedabad,2024-09-04,32.0,18.4,24.4,0.0,48,sunny
Ahmedabad,2024-09-05,28.3,21.1,25.3,21.8,64,rainy
Ahmedabad,2024-09-06,32.1,21.1,25.5,38.9,71,rainy
Ahmedabad,2024-09-07,34.8,24.8,28.9,38.4,85,rainy
Ahmedabad,2024-09-08,35.5,21.9,28.4,37.3,94,rainy
Ahmedabad,2024-09-09,36.3,21.0,28.8,46.7,84,rainy
Ahmedabad,2024-09-10,31.7,24.9,28.2,10.9,79,rainy
Ahmedabad,2024-09-11,36.0,22.3,28.4,46.5,59,rainy
Ahmedabad,2024-09-12,30.0,21.9,26.8,33.6,62,rainy
Ahmedabad,2024-09-13,28.8,18.8,24.0,46.0,69,rainy
Ahmedabad,2024-09-14,28.1,18.5,24.3,0.0,72,sunny
Ahmedabad,2024-09-15,32.4,19.4,26.8,0.0,87,cloudy
Ahmedabad,2024-09-16,33.1,22.0,28.3,0.0,47,cloudy
Ahmedabad,2024-09-17,31.9,21.6,25.5,39.6,72,rainy
Ahmedabad,2024-09-18,34.6,20.7,26.7,32.0,57,rainy
Ahmedabad,2024-09-19,32.3,23.3,26.3,0.0,43,cloudy
Ahmedabad,2024-09-20,31.0,19.3,25.6,0.0,59,sunny
Ahmedabad,2024-09-21,35.9,23.4,28.9,31.3,44,rainy
Ahmedabad,2024-09-22,34.2,24.4,29.6,0.0,93,cloudy
Ahmedabad,2024-09-23,34.9,23.4,29.9,45.9,68,rainy
Ahmedabad,2024-09-24,28.4,20.7,25.3,0.0,67,cloudy
Ahmedabad,2024-09-25,30.7,21.2,26.3,20.9,50,rainy
Ahmedabad,2024-09-26,31.2,22.8,26.7,0.0,55,sunny
Ahmedabad,2024-09-27,31.8,20.1,25.9,0.0,54,cloudy
Ahmedabad,2024-09-28,33.5,24.6,29.1,0.0,60,sunny
Ahmedabad,2024-09-29,27.6,20.5,24.1,0.0,68,sunny
Ahmedabad,2024-09-30,32.5,20.8,25.0,0.0,87,sunny
Ahmedabad,2024-10-01,32.9,23.4,27.6,0.0,54,partly_cloudy
Ahmedabad,2024-10-02,36.1,24.3,29.2,0.0,41,partly_cloudy
Ahmedabad,2024-10-03,33.1,21.6,27.6,0.0,39,sunny
Ahmedabad,2024-10-04,35.0,26.6,30.6,0.0,31,sunny
Ahmedabad,2024-10-05,33.5,21.5,28.4,0.0,55,cloudy
Ahmedabad,2024-10-06,36.5,25.5,28.6,0.0,30,partly_cloudy
Ahmedabad,2024-10-07,36.0,22.5,28.8,0.0,41,partly_cloudy
Ahmedabad,2024-10-08,35.3,23.9,30.8,0.0,66,cloudy
Ahmedabad,2024-10-09,32.7,23.1,28.7,0.0,53,sunny
Ahmedabad,2024-10-10,36.2,25.0,28.9,0.0,36,partly_cloudy
Ahmedabad,2024-10-11,31.3,23.0,28.1,0.0,68,sunny
Ahmedabad,2024-10-12,33.9,26.7,30.2,0.0,41,cloudy
Ahmedabad,2024-10-13,34.7,26.6,30.5,0.0,48,sunny
Ahmedabad,2024-10-14,37.6,24.1,31.0,0.0,62,partly_cloudy
Ahmedabad,2024-10-15,34.3,24.9,28.2,0.0,60,sunny
Ahmedabad,2024-10-16,36.6,23.8,28.9,0.0,38,sunny
Ahmedabad,2024-10-17,33.5,19.7,27.5,0.0,66,partly_cloudy
Ahmedabad,2024-10-18,31.3,20.7,27.4,0.0,33,cloudy
Ahmedabad,2024-10-19,35.1,24.7,30.5,0.0,39,partly_cloudy
Ahmedabad,2024-10-20,31.1,22.0,27.5,0.0,45,sunny
Ahmedabad,2024-10-21,31.5,20.3,27.7,0.0,57,cloudy
Ahmedabad,2024-10-22,31.5,19.3,27.2,0.0,67,sunny
Ahmedabad,2024-10-23,36.6,26.8,30.7,4.4,47,partly_cloudy
Ahmedabad,2024-10-24,35.0,22.9,30.2,0.0,55,sunny
Ahmedabad,2024-10-25,33.2,23.2,29.8,0.0,63,cloudy
Ahmedabad,2024-10-26,35.8,21.7,29.5,0.0,53,sunny
Ahmedabad,2024-10-27,35.0,22.7,29.5,9.8,40,partly_cloudy
Ahmedabad,2024-10-28,36.2,20.9,28.5,0.0,50,sunny
Ahmedabad,2024-10-29,32.9,22.3,27.1,0.0,46,partly_cloudy
Ahmedabad,2024-10-30,37.1,23.3,29.3,0.0,43,cloudy
Ahmedabad,2024-10-31,38.4,26.9,30.6,0.0,44,cloudy
Ahmedabad,2024-11-01,35.1,21.3,28.1,0.0,37,partly_cloudy
Ahmedabad,2024-11-02,34.6,27.9,31.0,0.0,52,cloudy
Ahmedabad,2024-11-03,32.3,21.7,28.3,0.0,70,sunny
Ahmedabad,2024-11-04,31.5,19.9,27.1,0.0,60,cloudy
Ahmedabad,2024-11-05,31.5,23.7,27.5,0.0,56,sunny
Ahmedabad,2024-11-06,34.0,21.6,28.5,2.9,41,sunny
Ahmedabad,2024-11-07,34.1,25.2,30.3,3.3,59,partly_cloudy
Ahmedabad,2024-11-08,32.3,22.7,27.9,0.0,61,sunny
Ahmedabad,2024-11-09,34.2,21.2,27.2,0.0,37,cloudy
Ahmedabad,2024-11-10,36.3,21.1,28.5,0.0,42,sunny
Ahmedabad,2024-11-11,33.7,23.0,30.0,0.0,46,sunny
Ahmedabad,2024-11-12,33.2,24.6,28.8,0.0,47,cloudy
Ahmedabad,2024-11-13,33.4,20.5,27.6,0.0,31,partly_cloudy
Ahmedabad,2024-11-14,34.5,23.6,27.2,0.0,38,cloudy
Ahmedabad,2024-11-15,33.0,21.9,29.1,0.0,59,cloudy
Ahmedabad,2024-11-16,35.4,26.1,29.3,0.0,46,sunny
Ahmedabad,2024-11-17,31.9,24.1,27.5,0.0,32,cloudy
Ahmedabad,2024-11-18,37.0,23.8,30.9,0.0,66,sunny
Ahmedabad,2024-11-19,36.4,24.9,30.3,0.0,46,partly_cloudy
Ahmedabad,2024-11-20,36.6,25.6,30.5,0.0,42,sunny
Ahmedabad,2024-11-21,30.1,19.3,27.1,0.0,40,partly_cloudy
Ahmedabad,2024-11-22,33.0,23.9,29.6,0.0,53,sunny
Ahmedabad,2024-11-23,34.0,24.7,28.0,0.0,61,sunny
Ahmedabad,2024-11-24,34.1,23.6,30.0,0.0,30,sunny
Ahmedabad,2024-11-25,37.8,24.6,30.1,0.0,64,partly_cloudy
Ahmedabad,2024-11-26,35.4,22.5,27.5,0.0,56,sunny
Ahmedabad,2024-11-27,32.0,23.3,28.4,0.0,54,sunny
Ahmedabad,2024-11-28,32.4,20.2,27.9,0.0,64,sunny
Ahmedabad,2024-11-29,31.1,23.9,28.1,0.0,68,sunny
Ahmedabad,2024-11-30,33.9,22.5,27.1,0.0,43,sunny
Ahmedabad,2024-12-01,27.7,17.2,22.0,0.0,30,cloudy
Ahmedabad,2024-12-02,26.0,13.6,20.8,0.0,35,cloudy
Ahmedabad,2024-12-03,23.6,12.3,20.3,0.0,53,partly_cloudy
Ahmedabad,2024-12-04,24.3,13.9,19.7,0.0,47,sunny
Ahmedabad,2024-12-05,29.1,16.7,21.6,0.0,48,cloudy
Ahmedabad,2024-12-06,25.0,13.5,20.2,0.0,61,partly_cloudy
Ahmedabad,2024-12-07,25.5,14.4,20.3,0.0,47,partly_cloudy
Ahmedabad,2024-12-08,27.0,16.1,22.9,0.0,46,sunny
Ahmedabad,2024-12-09,28.3,17.3,22.8,0.0,41,cloudy
Ahmedabad,2024-12-10,29.7,17.7,22.6,5.3,49,cloudy
Ahmedabad,2024-12-11,26.4,14.8,21.6,0.0,68,partly_cloudy
Ahmedabad,2024-12-12,28.7,17.7,22.8,0.0,60,partly_cloudy
Ahmedabad,2024-12-13,26.8,14.6,19.2,0.0,62,sunny
Ahmedabad,2024-12-14,27.8,16.3,21.5,0.0,30,cloudy
Ahmedabad,2024-12-15,28.2,16.0,20.6,0.0,42,partly_cloudy
Ahmedabad,2024-12-16,25.6,18.3,22.5,0.0,47,cloudy
Ahmedabad,2024-12-17,24.8,16.1,21.5,0.0,39,partly_cloudy
Ahmedabad,2024-12-18,22.9,12.8,19.5,0.0,36,partly_cloudy
Ahmedabad,2024-12-19,25.5,14.1,20.4,0.0,58,sunny
Ahmedabad,2024-12-20,25.8,15.6,21.6,0.0,64,partly_cloudy
Ahmedabad,2024-12-21,25.8,15.0,19.1,8.1,48,sunny
Ahmedabad,2024-12-22,29.5,14.8,22.5,0.0,60,sunny
Ahmedabad,2024-12-23,23.9,14.2,20.4,0.0,57,sunny
Ahmedabad,2024-12-24,26.3,18.1,21.1,0.0,45,sunny
Ahmedabad,2024-12-25,27.3,16.4,21.8,0.0,52,partly_cloudy
Ahmedabad,2024-12-26,25.1,17.3,21.4,0.0,56,cloudy
Ahmedabad,2024-12-27,22.8,13.1,19.1,1.2,51,partly_cloudy
Ahmedabad,2024-12-28,27.4,18.2,22.8,0.0,67,cloudy
Ahmedabad,2024-12-29,25.2,15.9,21.1,0.0,31,sunny
Ahmedabad,2024-12-30,27.3,18.3,21.4,0.0,45,partly_cloudy
Ahmedabad,2024-12-31,24.4,15.7,21.0,0.0,70,cloudy
